"feature","DHMR001","DHMR002","DHMR003","DHMR004","DHMR005","DHMR006","DHMR007","DHMR008"
"0610005C13Rik",1,4,11,6,4,2,6,9
"0610007P14Rik",668,1487,1491,1352,1576,662,1351,1409
"0610009B22Rik",493,908,1023,1002,1077,513,961,1099
"0610009L18Rik",12,29,37,34,41,18,37,44
"0610009O20Rik",820,1380,1526,1462,1467,753,1331,1411
"0610010F05Rik",425,1150,686,879,843,566,1418,871
"0610010K14Rik",649,1065,1172,1183,1212,512,931,1083
"0610011F06Rik",223,422,497,428,432,237,399,441
"0610012G03Rik",214,452,440,409,471,223,334,422
"0610030E20Rik",486,965,1113,1126,1074,537,1264,1275
"0610037L13Rik",611,1151,1350,1241,1271,610,1147,1381
"0610038B21Rik",6,6,10,11,10,4,3,11
"0610039K10Rik",3,1,0,2,1,1,2,2
"0610040B10Rik",15,17,31,24,19,14,15,29
"0610040F04Rik",1,1,0,1,1,0,0,0
"0610040J01Rik",0,3,1,0,1,0,2,0
"0610043K17Rik",1,2,0,2,2,2,2,0
"1010001N08Rik",2,3,0,2,2,1,1,1
"1110001J03Rik",89,136,169,171,164,77,104,173
"1110002L01Rik",48,76,69,89,74,56,68,79
"1110004E09Rik",346,615,869,720,820,386,671,783
"1110004F10Rik",1761,2944,3672,3431,3383,1834,2979,3467
"1110006O24Rik",3,8,11,9,16,4,12,11
"1110007C09Rik",696,1535,1462,1293,1896,679,1197,1350
"1110008F13Rik",773,1219,1392,1262,1456,797,1143,1361
"1110008L16Rik",387,730,692,730,728,336,713,703
"1110008P14Rik",406,830,913,751,864,445,761,803
"1110012L19Rik",450,881,1156,918,1156,436,811,1031
"1110017D15Rik",1,4,2,4,9,2,3,6
"1110019D14Rik",78,112,88,127,92,57,128,97
"1110020A21Rik",4,18,20,7,15,8,16,13
"1110032A03Rik",165,305,368,316,341,147,289,327
"1110034G24Rik",82,168,163,150,184,75,136,163
"1110037F02Rik",1802,3832,3273,3838,3478,1890,4270,3617
"1110038B12Rik",960,1973,2108,1841,2845,1026,1734,1923
"1110038F14Rik",605,1063,1143,1118,1184,591,943,1152
"1110046J04Rik",130,218,213,203,239,105,151,208
"1110051M20Rik",889,1663,1737,1653,1617,847,1456,1635
"1110059E24Rik",703,1177,1275,1390,1308,619,1253,1315
"1110059G10Rik",277,674,552,688,683,384,766,719
"1110065P20Rik",227,315,379,356,340,248,308,361
"1190002F15Rik",69,95,111,119,81,55,98,118
"1190002N15Rik",2748,7115,5122,6898,4981,3188,8564,6832
"1190005I06Rik",9,3,2,7,4,3,4,11
"1190007I07Rik",51,71,72,76,74,45,81,81
"1200014J11Rik",1045,1881,1931,2130,1940,1026,2111,2070
"1300002E11Rik",111,222,248,242,290,144,258,250
"1300017J02Rik",0,3,2,2,3,1,3,3
"1500004A13Rik",32,86,78,94,92,53,117,108
"1500009C09Rik",0,1,1,0,1,0,0,0
"1500009L16Rik",12,27,27,20,18,8,30,18
"1500011B03Rik",118,245,340,265,394,125,228,306
"1500011K16Rik",229,451,601,484,545,270,449,555
"1500012F01Rik",924,1830,1946,1881,2443,990,1684,1900
"1500012K07Rik",0,4,0,1,1,0,5,2
"1500015A07Rik",12,24,79,59,77,21,54,98
"1500015O10Rik",34,36,49,47,25,26,42,39
"1500017E21Rik",37,111,86,60,69,55,91,87
"1500026H17Rik",1,1,1,1,1,1,2,2
"1600002H07Rik",204,332,355,372,367,194,328,341
"1600002K03Rik",107,249,190,208,278,81,204,239
"1600012H06Rik",884,1732,1765,1894,1893,1045,1922,2045
"1600014C10Rik",383,841,782,675,849,411,612,708
"1600014C23Rik",1,1,0,1,2,2,1,0
"1600020E01Rik",114,174,234,213,265,125,204,241
"1600023N17Rik",0,4,5,2,5,1,2,2
"1600025M17Rik",0,1,1,0,0,0,1,0
"1600027J07Rik",10,4,16,22,5,8,14,21
"1700001C19Rik",2,0,2,2,0,0,1,3
"1700001G11Rik",0,6,9,3,6,3,1,8
"1700001G17Rik",4,4,7,6,10,2,4,6
"1700001K19Rik",8,5,9,12,8,10,16,11
"1700001K23Rik",1,1,1,2,2,2,0,0
"1700001L05Rik",17,49,35,37,57,22,57,38
"1700001L19Rik",4,4,11,6,6,3,4,2
"1700001O22Rik",6,9,10,9,10,4,6,7
"1700001P01Rik",0,0,4,2,3,0,4,4
"1700003E16Rik",62,135,99,108,128,39,98,110
"1700003F12Rik",26,98,63,50,104,27,60,54
"1700003G18Rik",0,1,1,1,1,0,3,2
"1700003M02Rik",1,3,5,8,9,4,3,9
"1700006H21Rik",0,0,2,1,1,0,2,2
"1700007F19Rik",0,0,1,1,0,0,1,1
"1700007G11Rik",3,5,4,3,3,0,3,1
"1700007J10Rik",11,20,36,33,20,14,41,56
"1700007K09Rik",0,0,4,1,2,0,1,1
"1700007K13Rik",6,14,10,12,20,5,8,14
"1700007L15Rik",22,47,46,42,38,26,44,40
"1700008J07Rik",9,17,20,19,22,16,18,15
"1700008O03Rik",0,1,3,0,2,0,0,0
"1700009N14Rik",3,10,3,3,7,3,11,3
"1700011E24Rik",0,3,1,0,1,0,2,0
"1700011I03Rik",2,6,10,3,2,1,4,5
"1700011L22Rik",0,2,1,0,0,1,2,1
"1700012B07Rik",0,3,4,0,8,2,3,0
"1700012B09Rik",33,70,120,87,138,41,73,110
"1700012D01Rik",9,23,22,26,37,5,17,34
"1700012D14Rik",1,7,10,3,2,3,10,4
"1700012H19Rik",1,2,2,1,2,1,3,0
"1700013F07Rik",1,6,2,2,4,0,3,3
"1700013G24Rik",5,10,12,8,6,7,7,9
"1700013H16Rik",1,0,0,2,2,1,1,2
"1700015E13Rik",0,0,1,1,1,0,0,0
"1700015F17Rik",1,0,1,2,1,1,0,0
"1700016C15Rik",0,1,0,0,0,0,1,1
"1700016D06Rik",0,0,3,0,3,2,1,1
"1700016L04Rik",0,1,0,0,1,0,2,0
"1700017B05Rik",1642,3085,2830,2962,3405,1423,2635,2743
"1700018A04Rik",5,5,11,14,8,6,14,14
"1700018B08Rik",2,1,0,2,0,0,0,0
"1700018C11Rik",0,0,0,1,1,0,0,1
"1700018L02Rik",1,2,7,2,3,2,4,3
"1700019A02Rik",1,0,0,0,0,0,1,1
"1700019G17Rik",6,25,21,13,20,15,13,12
"1700019G24Rik",1,0,0,1,2,0,0,0
"1700019L03Rik",77,138,137,130,254,90,118,142
"1700019N19Rik",0,1,1,1,0,0,0,1
"1700020A23Rik",0,1,3,0,0,3,6,1
"1700020D05Rik",0,3,4,0,6,1,7,3
"1700020I14Rik",566,1175,931,1039,969,633,1450,975
"1700020L24Rik",107,228,236,180,254,88,153,171
"1700020N01Rik",2,0,1,2,0,0,2,0
"1700021F05Rik",626,972,1175,1103,1123,650,995,1040
"1700021K19Rik",1573,2978,3064,2999,2765,1435,2944,2918
"1700022H01Rik",0,2,2,2,3,2,3,1
"1700022I11Rik",0,0,0,0,3,1,1,3
"1700023F06Rik",0,1,3,0,4,2,1,1
"1700024P16Rik",27,58,31,54,63,57,68,44
"1700025F24Rik",0,4,2,1,1,1,0,4
"1700025G04Rik",403,656,505,749,548,331,653,617
"1700026D08Rik",12,53,37,29,113,10,18,35
"1700026J14Rik",0,1,1,2,0,1,1,3
"1700026L06Rik",3,2,9,7,7,2,3,8
"1700028E10Rik",3,3,1,4,7,1,4,4
"1700028I16Rik",6,5,5,10,6,4,4,7
"1700028J19Rik",13,22,21,19,22,9,18,13
"1700028K03Rik",2,8,6,10,7,5,11,10
"1700029I15Rik",7,13,13,11,12,9,13,13
"1700029J03Rik",14,22,17,17,9,12,22,18
"1700029J07Rik",15,53,23,32,28,20,52,27
"1700030F04Rik",1,1,3,2,1,0,2,4
"1700030F18Rik",2,1,3,3,4,5,1,2
"1700030J22Rik",61,109,85,106,105,51,108,90
"1700030K09Rik",277,517,482,467,481,266,484,417
"1700031A10Rik",4,8,11,9,6,5,7,10
"1700034E13Rik",2,2,2,2,6,4,2,5
"1700034H15Rik",0,1,2,0,1,2,2,1
"1700034P13Rik",5,2,5,4,4,3,5,2
"1700037C18Rik",36,76,77,74,69,36,77,82
"1700037H04Rik",617,1352,1254,1219,1444,601,1118,1203
"1700042O10Rik",3,2,6,7,4,8,5,8
"1700047E10Rik",0,1,0,0,1,1,0,0
"1700048M11Rik",9,9,16,14,17,5,13,15
"1700048O20Rik",0,1,2,0,3,3,1,1
"1700049G17Rik",114,271,233,278,243,145,347,274
"1700052K11Rik",155,248,276,288,261,150,241,292
"1700056E22Rik",13,30,19,17,29,14,28,15
"1700057G04Rik",0,2,0,1,0,0,0,1
"1700061G19Rik",4,18,12,12,17,3,19,15
"1700061I17Rik",0,1,2,1,0,3,2,2
"1700063D05Rik",1,1,0,2,0,0,0,1
"1700065J18Rik",10,12,14,16,11,9,22,19
"1700066B19Rik",2,1,3,3,0,3,1,1
"1700066M21Rik",364,762,559,749,628,417,930,701
"1700067K01Rik",3,10,23,11,21,7,20,24
"1700071M16Rik",0,1,1,2,1,1,5,2
"1700073E17Rik",1,3,0,1,0,0,3,0
"1700084C01Rik",0,3,0,0,0,0,2,1
"1700084E18Rik",1,0,3,5,6,4,2,4
"1700086L19Rik",0,1,1,3,2,1,1,5
"1700086O06Rik",7,8,18,20,19,10,20,34
"1700088E04Rik",26,35,33,29,42,26,24,27
"1700092C10Rik",0,1,3,1,1,1,1,1
"1700092M07Rik",3,3,7,3,1,4,0,2
"1700093K21Rik",36,84,46,61,49,33,80,58
"1700094D03Rik",50,94,103,111,135,54,123,124
"1700096K18Rik",14,27,38,32,55,20,35,37
"1700099I09Rik",0,2,0,1,0,0,1,1
"1700101E01Rik",1,6,0,1,8,1,6,2
"1700101I11Rik",5,9,11,10,8,2,3,12
"1700102H20Rik",1,4,5,4,1,0,3,7
"1700102P08Rik",13,18,22,22,13,12,21,11
"1700105P06Rik",0,1,3,2,1,0,3,3
"1700108F19Rik",5,5,6,13,9,4,7,9
"1700109H08Rik",7,21,10,16,15,17,18,15
"1700109K24Rik",33,104,84,102,69,54,169,93
"1700110C19Rik",0,0,2,2,1,2,2,4
"1700112E06Rik",40,68,99,87,105,47,59,80
"1700112H15Rik",5,5,3,6,3,4,4,3
"1700112J16Rik",0,2,3,1,2,5,2,1
"1700113A16Rik",388,599,713,664,649,421,591,700
"1700116B05Rik",1,0,1,1,1,0,2,1
"1700119H24Rik",1,1,1,1,2,0,0,1
"1700120C14Rik",3,2,10,4,3,3,1,5
"1700120K04Rik",9,28,23,17,17,17,32,17
"1700123K08Rik",1,0,1,1,0,0,0,0
"1700123M08Rik",21,60,40,39,52,33,43,32
"1700123O20Rik",694,1222,1416,1308,1413,700,1101,1340
"1700124L16Rik",1,1,2,2,6,3,1,5
"1700125H03Rik",2,5,4,1,2,3,6,5
"1700125H20Rik",0,1,1,1,0,0,2,1
"1810008I18Rik",0,3,0,1,2,0,1,0
"1810009A15Rik",0,0,0,1,1,1,0,1
"1810010D01Rik",0,1,0,0,2,0,2,0
"1810010H24Rik",17,32,27,28,37,10,28,19
"1810011O10Rik",93,151,190,170,206,118,210,189
"1810012K16Rik",0,2,2,4,0,1,1,6
"1810013L24Rik",1215,2390,2698,2640,2492,1352,2949,2944
"1810014B01Rik",46,111,123,116,134,65,128,150
"1810019D21Rik",1,1,4,1,3,0,0,3
"1810020O05Rik",0,7,1,3,4,1,7,3
"1810021B22Rik",30,42,49,46,60,25,37,41
"1810022K09Rik",502,1058,967,1025,1131,659,1141,1136
"1810024B03Rik",4,8,15,10,18,10,14,12
"1810026B05Rik",184,317,328,389,341,193,356,382
"1810026J23Rik",1628,3150,3769,3228,3323,1573,3150,3455
"1810030O07Rik",1050,2254,2108,2103,2270,1140,2135,2106
"1810032O08Rik",180,327,388,344,454,200,344,388
"1810034E14Rik",45,94,79,86,146,47,80,82
"1810037I17Rik",863,1587,1745,1684,1814,1009,1533,1771
"1810041L15Rik",115,151,112,165,97,59,165,115
"1810043G02Rik",425,794,779,735,789,355,636,689
"1810043H04Rik",132,259,309,277,316,134,240,281
"1810044D09Rik",15,15,19,21,13,14,15,13
"1810046K07Rik",1,1,2,0,0,1,1,0
"1810053B23Rik",2,2,3,2,0,4,3,2
"1810055G02Rik",1332,2186,2552,2576,2381,1230,2131,2645
"1810058I24Rik",1091,2636,2382,2224,2803,1129,1913,2361
"1810062G17Rik",7,26,24,26,29,10,19,30
"1810062O18Rik",1,5,7,5,9,3,1,1
"2010001A14Rik",34,102,116,77,121,50,83,95
"2010003K11Rik",1,1,3,2,2,0,3,3
"2010005H15Rik",2,0,2,3,3,0,1,0
"2010009K17Rik",0,2,0,1,0,0,1,1
"2010010A06Rik",0,1,3,0,1,0,0,1
"2010012O05Rik",342,624,601,648,765,368,635,640
"2010107E04Rik",1165,2234,2630,2403,2280,1302,2241,2652
"2010107G12Rik",2,3,5,2,11,3,7,4
"2010107G23Rik",74,174,120,124,181,75,127,114
"2010109A12Rik",0,0,2,2,1,1,1,3
"2010111I01Rik",2174,3718,5268,4191,4601,2316,4210,4878
"2010204K13Rik",47,49,69,72,64,36,56,65
"2010308F09Rik",0,0,1,1,1,0,0,1
"2010310C07Rik",1,0,1,4,0,1,4,5
"2010315B03Rik",72,215,167,189,180,89,267,212
"2010320M18Rik",57,92,104,110,127,64,85,110
"2200002D01Rik",175,297,451,317,363,191,328,401
"2210010C04Rik",9,19,18,13,13,9,16,11
"2210011C24Rik",57,64,85,75,77,78,82,81
"2210013O21Rik",679,1131,1457,1339,1280,616,1139,1351
"2210015D19Rik",219,340,390,429,391,247,386,457
"2210016F16Rik",74,118,150,142,127,89,127,150
"2210016L21Rik",497,1064,1183,1042,1118,522,940,1144
"2210018M11Rik",335,904,509,718,672,418,1060,672
"2210404O09Rik",16,61,37,42,56,25,62,49
"2210406O10Rik",7,6,5,7,4,1,9,5
"2210408F21Rik",25,65,73,58,70,25,61,65
"2210408I21Rik",85,186,159,166,149,116,227,161
"2210409D07Rik",6,8,9,7,8,8,9,5
"2210416O15Rik",8,10,31,15,21,9,19,19
"2300005B03Rik",0,1,0,0,1,0,1,2
"2300009A05Rik",57,123,101,110,126,57,116,126
"2310001H17Rik",29,63,59,52,65,32,51,58
"2310002F09Rik",3,12,13,4,10,12,10,4
"2310002L09Rik",12,24,49,25,36,53,68,45
"2310007B03Rik",2,3,4,4,1,3,2,6
"2310008N11Rik",1,3,2,2,2,2,2,1
"2310009A05Rik",102,189,224,205,215,93,170,196
"2310009B15Rik",235,387,412,411,435,209,351,347
"2310010G23Rik",19,35,52,46,36,20,30,60
"2310010J17Rik",15,34,23,23,33,11,23,24
"2310011J03Rik",767,1661,1702,1491,1751,801,1345,1521
"2310015A10Rik",129,298,375,321,295,189,372,365
"2310020H05Rik",13,16,12,15,19,7,17,12
"2310022A10Rik",716,1286,1439,1368,1228,650,1281,1420
"2310022B05Rik",4630,9043,10147,8943,8089,4422,8188,9309
"2310030G06Rik",94,168,140,175,180,107,170,163
"2310033P09Rik",212,336,380,375,290,217,363,341
"2310034G01Rik",1,11,12,8,7,1,2,10
"2310034O05Rik",0,1,0,0,1,0,0,1
"2310035C23Rik",832,1647,1491,1752,1623,894,2081,1748
"2310036O22Rik",3362,5959,6706,6384,6844,3174,5764,6359
"2310039H08Rik",53,135,140,122,173,77,105,152
"2310039L15Rik",5,12,14,5,12,7,17,15
"2310040G24Rik",2,4,9,6,7,4,3,8
"2310043L19Rik",47,55,80,95,35,49,64,99
"2310045N01Rik",517,914,832,795,895,475,703,757
"2310047M10Rik",283,582,690,615,623,322,483,678
"2310057J18Rik",1,1,0,1,0,0,1,1
"2310057M21Rik",305,514,582,559,557,331,515,552
"2310061I04Rik",320,604,692,588,514,320,586,588
"2310065F04Rik",12,24,25,27,12,13,42,35
"2310067B10Rik",810,1657,1493,1415,1445,742,1414,1312
"2310068J16Rik",0,2,7,1,6,2,1,5
"2310069B03Rik",1,3,3,3,1,0,3,4
"2410002F23Rik",920,1461,1587,1585,1602,907,1511,1466
"2410004B18Rik",389,649,662,684,629,389,647,663
"2410004P03Rik",1,1,2,3,3,1,2,3
"2410006H16Rik",1031,2274,2143,2117,3047,1098,1902,2116
"2410012E07Rik",10,19,18,19,21,12,15,12
"2410015M20Rik",843,1674,2037,1673,1827,935,1594,1865
"2410016O06Rik",316,628,630,584,616,350,572,586
"2410018L13Rik",2,4,2,4,7,5,7,5
"2410021H03Rik",1,8,3,5,6,3,5,6
"2410089E03Rik",868,2464,1548,2011,1919,1027,2570,1896
"2410127L17Rik",275,636,502,575,499,325,716,556
"2410131K14Rik",280,570,553,489,590,223,495,479
"2500002B13Rik",61,106,120,107,140,46,96,103
"2500004C02Rik",24,49,51,50,46,19,56,50
"2510002D24Rik",100,200,216,190,168,117,188,170
"2510003B16Rik",1,4,2,2,1,1,3,5
"2510009E07Rik",825,1975,1493,1954,1625,1046,2450,1945
"2510039O18Rik",1721,3474,3280,3180,3537,1695,2851,3150
"2610001J05Rik",889,1662,1999,1851,1947,915,1819,1998
"2610002M06Rik",387,985,657,839,798,482,992,775
"2610005L07Rik",202,202,226,262,219,260,275,280
"2610008E11Rik",372,1037,627,789,583,371,1219,783
"2610015P09Rik",88,304,152,222,221,155,307,236
"2610016A17Rik",0,3,5,0,2,1,2,2
"2610020C07Rik",11,14,11,14,8,8,18,17
"2610020H08Rik",91,130,116,158,130,88,175,128
"2610027K06Rik",0,0,1,0,2,2,0,1
"2610028E06Rik",0,2,0,1,1,0,0,1
"2610028H24Rik",0,2,2,4,0,0,3,7
"2610035D17Rik",15,32,21,34,33,11,24,30
"2610037D02Rik",0,3,3,0,2,1,7,0
"2610042L04Rik",0,0,0,1,0,0,1,1
"2610044O15Rik8",135,255,221,242,254,137,240,231
"2610203C22Rik",11,11,3,12,10,6,8,10
"2610206C17Rik",6,6,13,19,9,5,14,17
"2610301B20Rik",727,1311,1473,1480,1370,771,1498,1565
"2610305D13Rik",0,0,1,1,0,0,0,1
"2610306M01Rik",48,95,88,80,96,52,89,86
"2610307P16Rik",60,78,115,116,125,54,98,119
"2610316D01Rik",17,29,13,18,28,16,20,23
"2610318N02Rik",27,38,59,51,46,23,26,51
"2610507B11Rik",4759,9565,9835,9618,9330,4188,9308,9496
"2610507I01Rik",3,2,17,16,16,0,20,29
"2610524H06Rik",91,194,228,191,233,88,179,216
"2610528A11Rik",178,237,87,233,293,291,259,103
"2700029M09Rik",803,1229,1207,1481,1116,825,1395,1332
"2700038G22Rik",16,35,57,62,38,25,65,89
"2700046G09Rik",9,11,20,18,20,12,18,28
"2700049A03Rik",278,715,432,599,507,333,836,566
"2700054A10Rik",18,48,31,41,44,25,25,34
"2700060E02Rik",3301,6403,7371,6567,6869,3290,6091,6986
"2700062C07Rik",264,476,520,532,582,288,458,554
"2700069I18Rik",11,18,14,21,5,10,21,16
"2700070H01Rik",15,32,22,22,26,6,12,18
"2700081O15Rik",1131,2105,1988,2120,1920,986,2049,1984
"2700094K13Rik",357,546,668,686,538,315,551,654
"2700097O09Rik",124,211,200,208,210,130,223,191
"2700099C18Rik",132,172,139,230,118,115,252,192
"2810001G20Rik",41,75,105,89,80,41,77,105
"2810002D19Rik",57,113,118,121,120,65,117,113
"2810004N23Rik",639,1124,1315,1238,1189,656,1260,1253
"2810006K23Rik",335,577,608,629,579,342,606,625
"2810013P06Rik",38,128,180,157,191,65,176,209
"2810021J22Rik",174,329,305,380,360,175,386,396
"2810025M15Rik",1028,1586,1802,1816,1501,930,1498,1680
"2810029C07Rik",9,12,35,25,21,13,16,29
"2810047C21Rik1",12,15,13,11,19,8,17,21
"2810403A07Rik",1075,2222,2956,2762,2649,1241,2947,3169
"2810403D21Rik",22,72,66,39,66,33,59,40
"2810404M03Rik",3,1,3,3,1,1,1,3
"2810405F15Rik",1,4,1,4,7,3,4,3
"2810408A11Rik",89,177,146,147,157,103,146,140
"2810408I11Rik",33,52,36,60,35,29,57,46
"2810410L24Rik",40,50,122,103,90,29,99,126
"2810417H13Rik",1594,1770,1725,2489,1409,1250,2214,1895
"2810428I15Rik",711,1456,1531,1411,1615,637,1239,1464
"2810433D01Rik",11,40,25,26,30,17,29,35
"2810442N19Rik",2,1,0,2,0,1,1,0
"2810454H06Rik",5,13,16,21,13,10,23,27
"2810468N07Rik",46,84,102,113,63,59,87,118
"2810474O19Rik",364,1133,898,804,883,507,1453,1006
"2900005J15Rik",0,1,4,2,5,1,3,4
"2900008C10Rik",6,14,11,9,11,5,12,11
"2900009J06Rik",1,1,0,0,2,2,1,1
"2900011O08Rik",3,4,4,7,3,6,3,7
"2900026A02Rik",1839,3073,3044,3221,2694,1532,3079,2830
"2900041M22Rik",27,38,51,51,40,30,34,56
"2900057B20Rik",15,13,22,20,15,6,15,12
"2900076A07Rik",42,89,109,107,110,57,120,126
"2900079G21Rik",3,7,5,5,4,4,5,5
"2900097C17Rik",4490,6143,6037,6893,6187,5047,6949,6945
"3000002C10Rik",35,59,105,64,98,34,74,74
"3010001F23Rik",11,23,19,14,21,15,17,14
"3010026O09Rik",134,226,280,252,253,146,227,265
"3110001I22Rik",87,145,114,156,146,74,160,120
"3110002H16Rik",551,1195,1189,1025,1356,549,1075,1066
"3110009E18Rik",56,113,98,103,116,56,98,96
"3110015C05Rik",1,1,0,1,0,0,1,0
"3110021A11Rik",1,1,7,7,6,1,8,12
"3110021N24Rik",25,48,37,41,47,19,41,45
"3110035E14Rik",3,2,1,4,1,0,6,4
"3110039I08Rik",317,1138,714,1060,972,519,1444,1211
"3110040N11Rik",218,430,485,439,372,270,414,458
"3110043O21Rik",618,1184,1312,1229,1458,650,1264,1337
"3110045C21Rik",1,3,6,3,6,3,2,4
"3110052M02Rik",5,20,12,16,11,7,21,19
"3110056K07Rik",21,49,85,73,69,27,87,99
"3110057O12Rik",53,169,120,135,145,77,225,148
"3110062M04Rik",104,151,158,169,125,96,165,170
"3110070M22Rik",2,4,3,4,5,4,5,5
"3110082I17Rik",294,544,677,646,713,277,564,709
"3110082J24Rik",1,5,1,0,1,3,2,0
"3200001D21Rik",13,21,19,17,34,17,28,16
"3300002I08Rik",11,32,40,36,34,18,45,32
"3300002P13Rik",10,20,41,19,19,26,24,32
"3300005D01Rik",552,1261,1035,983,1417,538,897,969
"3425401B19Rik",27,49,43,42,61,24,52,46
"3632451O06Rik",19,23,46,32,28,25,54,57
"3830403N18Rik",451,1135,810,1007,925,721,1381,1062
"3830406C13Rik",278,571,446,534,527,323,582,534
"3830408C21Rik",14,21,21,17,14,9,23,15
"3830417A13Rik",9,8,22,16,9,15,23,18
"3830432H09Rik",1,1,3,3,2,0,0,2
"3930402G23Rik",1,2,2,1,0,4,2,0
"4430402I18Rik",0,1,5,5,8,3,6,7
"4631405J19Rik",6,14,7,9,4,10,13,12
"4632404H12Rik",27,63,86,70,96,33,80,79
"4632415L05Rik",231,596,678,746,762,328,721,853
"4632427E13Rik",2,8,15,5,4,3,9,11
"4632428C04Rik",5,10,8,10,8,6,10,7
"4632428N05Rik",1027,3255,2637,2308,3605,956,1983,2438
"4732471J01Rik",9,6,16,12,11,6,5,13
"4732491K20Rik",44,51,71,70,76,32,49,60
"4831440E17Rik",4,11,28,18,18,10,27,24
"4833415N18Rik",54,186,88,111,118,68,85,114
"4833417C18Rik",7,11,8,10,19,6,3,12
"4833418N02Rik",45,71,76,83,84,51,77,101
"4833419F23Rik",7,24,24,21,35,4,15,26
"4833420G17Rik",185,403,391,414,405,226,511,428
"4833422C13Rik",26,38,25,31,17,44,39,32
"4833427F10Rik",0,1,2,0,1,0,1,2
"4833427G06Rik",66,113,98,117,119,82,144,112
"4833439L19Rik",4032,7385,8259,7500,7516,3863,7174,7586
"4921507L20Rik",12,26,21,26,35,14,42,37
"4921507P07Rik",1,2,0,1,1,0,1,0
"4921509O07Rik",0,1,1,1,1,0,1,0
"4921511C10Rik",2,3,1,2,1,1,2,1
"4921513I03Rik",2,1,1,4,2,3,2,4
"4921524J17Rik",772,1600,1708,1869,1720,1114,2380,2103
"4921525O09Rik",65,134,96,96,81,55,100,71
"4921531C22Rik",23,47,55,46,51,22,54,44
"4921536K21Rik",34,71,58,61,82,30,66,54
"4930402H24Rik",716,1468,1293,1447,1415,694,1535,1279
"4930404H11Rik",1,7,2,2,2,0,3,4
"4930404I05Rik",9,12,10,21,23,13,28,19
"4930404N11Rik",296,416,487,441,469,326,451,452
"4930405A21Rik",9,7,12,19,7,10,9,11
"4930405O22Rik",1,1,2,3,1,2,1,1
"4930407I10Rik",1,0,1,2,0,1,0,2
"4930412B13Rik",0,1,0,0,2,0,1,0
"4930412C18Rik",2,1,2,2,0,1,0,4
"4930412O13Rik",0,0,0,1,1,0,0,1
"4930413G21Rik",64,140,135,125,143,64,128,122
"4930414N06Rik",1,0,1,0,3,0,3,0
"4930415O20Rik",13,16,12,16,15,10,14,17
"4930417O13Rik",0,3,0,1,2,1,3,1
"4930426L09Rik",14,20,45,25,27,19,36,20
"4930427A07Rik",474,597,523,683,491,377,609,563
"4930429B21Rik",25,19,51,44,19,25,33,42
"4930429D17Rik",0,0,1,0,1,0,1,0
"4930429F24Rik",39,73,61,67,67,70,135,75
"4930430F08Rik",170,464,340,393,402,230,574,405
"4930432K21Rik",31,46,44,44,59,23,41,35
"4930443O20Rik",1,8,3,6,4,4,5,8
"4930445N18Rik",0,0,1,2,5,5,0,2
"4930447C04Rik",0,1,7,3,6,1,0,4
"4930447F24Rik",114,192,128,167,153,145,199,137
"4930451G09Rik",20,19,13,27,25,17,14,22
"4930452A19Rik",2,0,0,2,1,1,2,3
"4930452B06Rik",15,8,6,18,15,13,7,3
"4930453N24Rik",585,1091,1058,1147,1020,594,1213,1177
"4930455C13Rik",4,2,5,6,0,1,6,4
"4930459C07Rik",1,0,0,1,0,0,0,1
"4930461G14Rik",1,1,2,1,1,1,1,0
"4930465K10Rik",4,1,1,5,4,0,5,0
"4930467D21Rik",3,2,1,3,1,0,1,2
"4930473A02Rik",5,5,12,10,8,13,12,10
"4930474M22Rik",1,0,2,5,1,1,5,5
"4930478L05Rik",0,2,1,0,0,1,1,0
"4930479D17Rik",3,3,2,0,1,1,2,4
"4930480K23Rik",15,25,28,32,27,17,30,30
"4930481A15Rik",0,1,2,0,2,0,0,1
"4930483J18Rik",0,4,1,1,1,0,3,1
"4930483K19Rik",0,0,1,1,1,0,0,1
"4930483O08Rik",1,0,3,0,0,1,0,0
"4930486L24Rik",14,24,39,28,40,38,31,30
"4930487H11Rik",2,8,1,4,6,5,15,4
"4930503B20Rik",0,0,2,1,1,1,1,4
"4930503E14Rik",0,0,1,0,2,1,1,1
"4930503L19Rik",174,487,316,362,390,237,554,368
"4930505A04Rik",2,3,3,2,3,0,8,1
"4930506C21Rik",6,14,11,12,17,6,8,10
"4930507D05Rik",3,3,6,6,2,4,6,3
"4930509E16Rik",1,0,1,2,1,0,3,3
"4930511M06Rik",3,2,4,5,1,5,3,7
"4930512B01Rik",2,0,3,2,1,0,0,1
"4930513N10Rik",15,33,21,31,28,15,40,38
"4930515B02Rik",1,0,1,1,0,0,5,1
"4930515G01Rik",12,27,51,28,37,16,35,32
"4930519G04Rik",1,0,2,1,0,0,0,1
"4930520O04Rik",9,12,27,24,18,11,19,31
"4930523C07Rik",118,219,225,214,179,131,255,217
"4930525G20Rik",1,1,1,1,0,0,0,0
"4930526I15Rik",119,192,237,177,191,106,180,180
"4930528A17Rik",6,14,6,10,15,7,10,7
"4930538K18Rik",7,14,13,12,12,15,12,15
"4930539E08Rik",0,0,0,1,1,0,0,1
"4930539J05Rik",22,48,72,58,72,29,81,86
"4930543E12Rik",1,1,1,1,0,2,1,1
"4930544D05Rik",1,1,0,1,0,1,0,0
"4930544M13Rik",0,1,3,1,1,1,3,1
"4930546K05Rik",0,2,0,1,4,1,3,3
"4930547E08Rik",0,0,0,0,2,0,2,1
"4930548H24Rik",0,1,0,0,3,2,1,0
"4930549G23Rik",7,6,6,9,10,3,6,3
"4930550C14Rik",1,6,0,1,2,2,4,4
"4930550L24Rik",36,101,126,71,96,43,108,92
"4930552P12Rik",1,1,1,1,0,1,1,1
"4930554I06Rik",0,1,0,0,1,0,2,0
"4930556M19Rik",28,99,65,61,98,28,79,66
"4930557K07Rik",9,20,21,9,11,11,26,21
"4930558C23Rik",0,3,1,2,2,0,4,2
"4930558J18Rik",23,33,20,38,17,12,39,25
"4930558K02Rik",0,0,0,1,0,0,1,1
"4930562C15Rik",1,1,1,2,2,0,2,1
"4930562F07Rik",2,3,2,3,1,0,4,4
"4930563E22Rik",14,29,47,44,38,7,41,49
"4930565N06Rik",1,13,4,4,3,0,14,6
"4930570G19Rik",1,2,5,5,0,1,3,7
"4930577N17Rik",15,26,19,24,29,16,18,19
"4930578M01Rik",4,11,10,6,4,1,14,5
"4930579G18Rik",93,175,177,174,153,98,226,164
"4930579G24Rik",350,423,478,560,411,274,496,450
"4930579K19Rik",3,6,8,14,4,5,6,12
"4930579P08Rik",0,3,2,1,1,1,0,2
"4930581F22Rik",16,41,52,33,53,27,55,46
"4930590J08Rik",1,3,2,3,4,2,3,2
"4930592A05Rik",1,3,1,0,3,0,1,0
"4930593A02Rik",0,5,1,2,2,3,1,5
"4930595D18Rik",0,3,1,1,0,0,2,2
"4930599N23Rik",0,2,2,2,1,1,1,2
"4931402G19Rik",1,2,2,0,0,0,4,0
"4931403E22Rik",0,1,3,2,4,3,4,3
"4931403G20Rik",2,9,2,7,4,4,2,5
"4931406C07Rik",1007,1919,2069,2128,1952,989,1928,2079
"4931406P16Rik",1462,2824,2257,2943,2380,1557,3367,2557
"4931408D14Rik",3,3,2,7,5,1,6,6
"4931414P19Rik",238,447,506,453,462,232,411,446
"4931428F04Rik",225,349,308,361,272,184,318,307
"4931431C16Rik",8,11,8,9,2,4,6,13
"4931440F15Rik",0,3,1,1,0,2,2,1
"4931440J10Rik",1,1,0,2,0,0,3,1
"4931440P22Rik",8,8,11,12,17,3,10,14
"4932411N23Rik",0,0,2,1,0,1,0,1
"4932416H05Rik",57,111,135,120,144,65,124,136
"4932418E24Rik",0,3,2,0,0,0,3,0
"4932438A13Rik",605,2264,1146,1337,1347,896,2554,1381
"4932438H23Rik",2,0,0,2,3,0,0,1
"4932441J04Rik",6,7,8,8,8,5,5,10
"4932443I19Rik",0,1,0,0,0,2,1,0
"4933402D24Rik",8,12,5,9,5,2,14,6
"4933402E13Rik",0,1,0,0,0,1,1,0
"4933402J07Rik",0,0,2,1,1,1,0,1
"4933402P03Rik",1,0,0,1,1,1,0,0
"4933403O08Rik",0,0,0,1,0,0,2,1
"4933404O12Rik",459,648,783,800,653,366,748,715
"4933405D12Rik",1,4,0,1,2,0,1,3
"4933405E24Rik",0,1,1,0,0,0,1,0
"4933405L10Rik",1,3,4,5,6,0,4,5
"4933406C10Rik",4,5,23,12,17,5,6,22
"4933406G16Rik",1,0,2,1,1,0,0,1
"4933406I18Rik",2,3,3,2,3,2,5,0
"4933407K13Rik",30,96,88,109,75,54,141,129
"4933408B17Rik",0,11,4,4,6,8,9,7
"4933408J17Rik",1,0,0,2,0,1,0,1
"4933411K16Rik",6,15,14,12,12,6,12,12
"4933412E12Rik",189,341,274,327,329,169,280,257
"4933413G19Rik",1,2,0,1,0,1,3,1
"4933413J09Rik",4,12,7,12,14,10,12,20
"4933417D19Rik",3,5,7,9,11,3,4,7
"4933417E11Rik",3,9,9,10,11,4,11,14
"4933421O10Rik",39,61,144,123,121,50,116,160
"4933422A05Rik",1,0,1,2,0,0,1,1
"4933424G06Rik",2,3,2,4,2,2,6,5
"4933425B07Rik",0,2,0,1,0,1,1,1
"4933427D06Rik",0,3,2,0,0,0,1,0
"4933427D14Rik",272,579,459,590,581,285,678,604
"4933427E11Rik",5,4,9,7,5,1,5,7
"4933427G17Rik",2,6,3,2,4,0,2,3
"4933428G20Rik",4,12,26,17,17,7,21,28
"4933430H16Rik",0,1,0,2,0,0,0,3
"4933430I17Rik",20,20,26,31,38,10,22,24
"4933431E20Rik",146,333,296,255,285,151,339,274
"4933431G14Rik",0,2,4,1,0,0,6,1
"4933432I09Rik",0,1,0,1,0,1,1,0
"4933433C11Rik",1,1,0,2,1,0,1,1
"4933433G15Rik",1,1,5,3,5,2,1,4
"4933433G19Rik",2,5,4,4,4,3,4,7
"4933433H22Rik",9,8,10,11,3,5,9,7
"4933434E20Rik",1137,2431,2519,2157,2659,1163,2205,2420
"4933439C10Rik",32,33,64,53,53,20,45,51
"4933440M02Rik",5,4,3,6,0,5,2,1
"5031410I06Rik",1,1,0,0,0,1,0,0
"5031414D18Rik",36,76,75,71,87,21,66,70
"5031425E22Rik",67,171,216,172,219,91,173,209
"5031425F14Rik",3,0,2,5,1,0,0,2
"5031426D15Rik",1,2,2,4,4,4,5,5
"5031434C07Rik",1,1,1,1,0,1,5,2
"5031434O11Rik",1,4,3,10,6,1,5,8
"5031439G07Rik",2415,5207,4486,4410,4821,2017,4055,4164
"5033403F01Rik",6,8,11,10,8,7,8,4
"5033406O09Rik",0,4,6,2,5,2,1,4
"5330411J11Rik",2,5,8,2,2,4,7,3
"5330417C22Rik",1,1,0,1,3,0,3,0
"5330426P16Rik",168,310,285,340,324,146,305,326
"5330434G04Rik",0,0,1,1,0,0,0,1
"5430402O13Rik",1,2,3,5,3,2,0,5
"5430403N17Rik",0,1,0,2,1,0,1,2
"5430405H02Rik",20,26,39,30,38,22,34,37
"5430416N02Rik",88,154,156,178,259,97,186,169
"5430416O09Rik",2,5,2,4,4,1,5,5
"5430419D17Rik",4,12,8,12,7,8,7,12
"5430425K12Rik",1,0,1,3,2,0,2,2
"5430427O19Rik",0,4,3,4,1,1,10,4
"5430431A17Rik",18,35,54,60,30,42,84,73
"5430440P10Rik",3,0,1,4,0,0,0,2
"5530601H04Rik",231,407,423,450,425,221,455,472
"5730405O15Rik",4,8,6,7,13,4,11,7
"5730408K05Rik",5,6,20,12,8,9,9,24
"5730409E04Rik",193,393,396,360,398,186,357,363
"5730420D15Rik",0,6,6,1,4,4,3,2
"5730422E09Rik",1,0,3,2,3,0,0,3
"5730435O14Rik",1,2,1,2,3,2,4,4
"5730455P16Rik",676,1650,1593,1610,1455,829,2045,1719
"5730480H06Rik",17,17,19,27,15,9,23,18
"5730508B09Rik",160,285,348,316,257,159,333,384
"5730559C18Rik",423,566,722,724,547,422,693,710
"5830411N06Rik",12,35,27,22,24,19,31,24
"5830415F09Rik",76,143,130,135,147,56,114,118
"5830416I19Rik",1,0,0,1,0,0,0,1
"5830416P10Rik",3,9,4,4,7,5,9,3
"5830417I10Rik",624,1212,1104,1237,1122,614,1236,1054
"5830418P13Rik",2,3,6,4,0,6,8,4
"5830428M24Rik",0,2,1,0,1,0,2,0
"5830432E09Rik",1,3,3,5,9,5,5,4
"5830454E08Rik",2,6,2,5,8,2,12,6
"5830473C10Rik",2,4,5,3,15,1,7,3
"5930430L01Rik",186,332,315,397,314,190,366,394
"5930438M14Rik",2,5,2,2,3,0,6,3
"6030408B16Rik",1,0,0,1,0,1,1,0
"6030419C18Rik",1583,2352,2580,2736,2132,1497,2550,2583
"6030443J06Rik",14,13,13,18,8,5,18,6
"6030458C11Rik",1039,2125,1919,2127,1973,1080,2493,2089
"6030468B19Rik",1,0,0,0,1,2,2,3
"6230400D17Rik",6,13,21,20,22,8,28,23
"6330403A02Rik",14,15,11,18,10,17,12,13
"6330403K07Rik",2,3,2,2,3,4,2,2
"6330408A02Rik",178,306,326,351,346,178,347,336
"6330409D20Rik",0,2,0,0,1,0,2,1
"6330415G19Rik",6,7,16,7,13,4,12,9
"6330416G13Rik",479,935,904,899,1374,423,796,905
"6330418K02Rik",4,7,5,6,5,6,8,8
"6330549D23Rik",2,12,10,9,7,10,25,11
"6430531B16Rik",4,8,15,10,9,3,12,13
"6430548M08Rik",641,1467,1277,1140,1319,600,1065,1144
"6430550D23Rik",3,10,12,8,15,8,19,12
"6430562O15Rik",4,5,4,6,4,2,7,4
"6430571L13Rik",10,16,13,16,14,7,12,14
"6430573F11Rik",1,0,1,1,0,0,2,1
"6430584L05Rik",0,1,1,0,0,0,2,0
"6530402F18Rik",126,275,199,201,295,123,202,180
"6530411M01Rik",1,0,0,1,1,0,1,0
"6720483E21Rik",4,3,3,3,2,2,3,2
"6720489N17Rik",8,30,23,26,29,7,34,34
"6820431F20Rik",126,256,184,271,247,202,320,268
"8030423F21Rik",1,0,3,1,2,0,2,0
"8030423J24Rik",2,2,2,1,2,0,3,2
"8030462N17Rik",398,772,652,780,729,398,944,719
"8430408G22Rik",222,490,322,333,326,251,334,297
"8430419L09Rik",375,650,573,607,693,325,558,558
"8430423G03Rik",6,18,18,10,15,6,21,17
"8430426J06Rik",1,3,7,3,4,3,5,4
"8430429K09Rik",27,65,76,61,81,40,93,71
"8430430B14Rik",1,1,1,1,0,0,0,0
"8430436N08Rik",0,1,1,0,0,0,1,0
"9030025P20Rik",55,83,117,103,88,59,102,128
"9030404E10Rik",0,1,2,1,3,0,1,5
"9030612E09Rik",2,7,7,3,5,1,9,4
"9030617O03Rik",1012,1733,1496,1744,1502,825,1508,1432
"9030624G23Rik",3,3,2,2,0,1,3,1
"9030624J02Rik",1859,4140,3724,3379,3812,1687,3227,3282
"9130008F23Rik",41,61,92,86,81,49,72,83
"9130011E15Rik",506,1029,1025,986,1079,486,972,997
"9130015A21Rik",2,0,0,3,0,0,0,1
"9130019O22Rik",55,119,136,130,114,64,133,143
"9130019P16Rik",31,42,33,51,24,24,32,35
"9130023H24Rik",177,317,316,311,305,174,331,314
"9130024F11Rik",11,37,31,26,29,30,46,42
"9130204L05Rik",0,0,2,0,1,0,2,0
"9130221H12Rik",109,141,158,159,158,119,143,180
"9130230L23Rik",1,2,3,2,1,2,1,4
"9130401M01Rik",775,1368,1519,1480,1598,713,1269,1460
"9230009I02Rik",0,0,0,0,1,1,3,0
"9230110C19Rik",41,108,77,79,93,59,90,71
"9230112J17Rik",1,3,7,4,4,0,4,4
"9230114K14Rik",41,74,74,74,50,34,93,82
"9230116L04Rik",0,1,0,0,2,1,0,1
"9230116N13Rik",8,13,14,22,17,5,16,20
"9330020H09Rik",19,34,67,48,71,19,59,60
"9330102E08Rik",67,143,169,138,129,88,171,158
"9330133O14Rik",28,55,105,85,97,50,90,120
"9330136K24Rik",17,27,37,43,26,18,37,32
"9330151L19Rik",41,66,83,94,95,40,131,105
"9330159F19Rik",158,421,298,321,299,187,431,343
"9330159M07Rik",30,36,77,64,61,40,63,64
"9330162012Rik",1,7,8,1,2,1,5,1
"9330175E14Rik",1,2,1,1,2,0,3,1
"9330175M20Rik",2,5,1,4,4,0,8,2
"9330179D12Rik",1,3,0,3,1,0,4,3
"9330182L06Rik",0,2,0,1,1,1,2,1
"9330188P03Rik",2,1,1,2,0,1,3,2
"9430015G10Rik",453,756,703,821,738,461,811,758
"9430016H08Rik",441,770,983,811,831,497,785,847
"9430018G01Rik",7,41,18,17,23,15,31,19
"9430020K01Rik",2725,5170,4700,5534,5115,2602,5030,4966
"9430037G07Rik",17,22,23,45,27,15,40,47
"9430038I01Rik",54,83,100,95,101,65,71,87
"9430060I03Rik",1,2,1,2,3,3,3,1
"9430065F17Rik",0,1,0,1,4,0,2,2
"9430069I07Rik",1,2,2,1,1,1,2,3
"9430076C15Rik",2,5,7,6,3,1,7,7
"9430078K24Rik",6,8,7,10,4,5,9,11
"9430083A17Rik",2,6,13,9,10,1,9,18
"9430091E24Rik",67,104,96,98,110,75,113,109
"9530020I12Rik",0,0,1,0,0,1,1,0
"9530026P05Rik",0,1,2,1,1,0,0,1
"9530027J09Rik",6,14,6,8,10,6,15,6
"9530053A07Rik",21,41,45,41,46,35,42,56
"9530068E07Rik",9782,17767,19593,19151,19171,9048,16720,19373
"9530077C05Rik",58,124,107,102,84,70,107,94
"9530082P21Rik",462,807,935,868,908,421,788,892
"9530091C08Rik",1,1,0,1,1,0,0,0
"9630013K17Rik",4,7,6,8,2,0,17,7
"9630028B13Rik",1,0,1,1,1,0,0,1
"9630028H03Rik",1,3,1,1,1,0,4,1
"9630028I04Rik",13,10,21,16,21,22,24,20
"9830132P13Rik",0,11,4,0,6,1,3,0
"9830147E19Rik",16,21,29,33,35,19,23,28
"9930012K11Rik",273,444,567,549,354,276,493,548
"9930021J03Rik",254,878,447,561,622,377,898,594
"9930104L06Rik",267,528,729,658,712,274,694,811
"9930111J21Rik1",5,13,7,9,5,5,12,8
"9930111J21Rik2",1,6,3,4,3,1,3,2
"a",0,0,0,0,3,1,0,3
"A130010J15Rik",359,675,693,671,621,348,699,711
"A230028O05Rik",5,14,9,11,10,7,13,13
"A230046K03Rik",934,3311,1894,2174,2107,1235,3797,2306
"A230050P20Rik",241,422,463,484,507,245,444,497
"A230056J06Rik",0,1,1,3,2,1,2,8
"A230056P14Rik",20,52,39,53,51,47,67,66
"A230065H16Rik",1,2,1,1,0,0,0,0
"A230070E04Rik",0,2,1,1,2,2,1,3
"A230072C01Rik",40,71,104,93,83,53,111,105
"A230072E10Rik",1,2,0,1,0,0,1,1
"A230103J11Rik",9,10,21,23,16,7,14,15
"A230108P19Rik",1,0,1,1,2,5,2,0
"A330009N23Rik",5,11,18,12,17,11,8,9
"A330015K06Rik",0,1,0,0,3,1,1,1
"A330023F24Rik",8,12,25,15,27,10,25,25
"A330035P11Rik",22,38,49,52,54,24,48,49
"A330040F15Rik",0,3,3,2,7,0,2,5
"A330041J22Rik",1,2,0,2,2,0,1,2
"A330069E16Rik",8,23,27,20,23,18,26,21
"A330074K22Rik",185,401,263,314,276,128,308,275
"A330076H08Rik",0,2,0,0,0,2,1,0
"A330102I10Rik",2,11,9,4,14,0,8,5
"A3galt2",3,6,8,6,3,3,15,10
"A430005L14Rik",368,733,758,751,749,344,622,828
"A430033K04Rik",123,279,176,251,190,144,312,246
"A430035B10Rik",8,14,6,15,11,4,12,9
"A430046D13Rik",46,101,126,84,104,66,125,101
"A430078I02Rik",13,41,31,41,17,9,42,46
"A430090L17Rik",1,0,1,1,1,1,1,1
"A430093F15Rik",1,1,1,2,2,1,2,1
"A430105I19Rik",1436,2942,2532,2536,2943,1531,2655,2374
"A4galt",1325,2892,2660,2510,2936,1214,2359,2480
"A4gnt",1,3,0,1,3,0,3,1
"A530013C23Rik",18,25,35,27,27,12,24,24
"A530016L24Rik",1,2,2,1,1,1,3,3
"A530032D15Rik",3,17,13,23,24,1,17,17
"A530046M15Rik",1,1,4,5,11,4,1,7
"A530065N20Rik",1,2,0,1,0,0,2,0
"A530072M11Rik",11,29,26,17,32,20,29,21
"A630001G21Rik",2,0,3,4,4,0,0,1
"A630020A06",0,0,1,1,2,0,0,1
"A630023A22Rik",11,18,7,19,31,7,16,14
"A630033H20Rik",159,382,223,360,301,213,486,355
"A630066F11Rik",7,14,10,12,16,7,8,11
"A630072M18Rik",70,114,133,143,137,56,153,159
"A630076J17Rik",1,2,1,3,0,4,2,5
"A630089N07Rik",6,12,9,11,11,12,13,9
"A630095N17Rik",0,1,3,4,0,2,1,4
"A730004F24Rik",0,1,0,0,0,2,3,0
"A730017L22Rik",65,121,84,96,143,78,112,95
"A730020E08Rik",1,4,4,3,5,3,5,7
"A730020M07Rik",1,4,6,4,5,2,4,4
"A730036I17Rik",1,1,0,1,2,0,1,1
"A730043L09Rik",3,0,2,4,5,2,1,1
"A730056A06Rik",44,66,71,82,68,50,85,92
"A730090H04Rik",0,0,3,0,1,1,1,0
"A730090N16Rik",5,6,11,8,9,5,12,11
"A830009L08Rik",1,1,1,3,1,0,0,1
"A830010M20Rik",48,161,112,112,144,71,202,102
"A830052D11Rik",3,5,6,11,2,2,8,9
"A830080D01Rik",104,392,204,226,262,143,370,235
"A830082K12Rik",48,99,121,119,131,95,120,112
"A830082N09Rik",27,58,59,72,38,40,97,93
"A930001C03Rik",0,5,17,14,5,10,19,23
"A930003A15Rik",103,216,200,195,142,103,182,195
"A930003O13Rik",0,1,0,0,0,1,3,0
"A930004D18Rik",60,78,102,105,86,63,82,96
"A930005H10Rik",112,200,202,217,237,90,163,207
"A930006K02Rik",5,7,8,4,4,0,7,7
"A930007I19Rik",2,8,4,5,10,7,12,9
"A930012L18Rik",1,0,5,3,0,2,2,7
"A930013F10Rik",8,36,19,40,29,22,75,44
"A930015D03Rik",158,201,343,301,279,157,248,334
"A930016O22Rik",0,1,7,1,1,2,4,3
"A930018P22Rik",2,1,0,3,2,0,1,0
"A930019D19Rik",0,1,2,0,0,0,2,0
"A930024E05Rik",28,56,127,95,77,39,106,130
"A930041C12Rik",4,0,2,1,4,0,1,1
"AA413626",6,5,5,9,3,4,5,9
"AA414768",426,613,684,738,597,460,659,666
"AA415398",21,61,45,40,52,26,49,38
"AA465934",120,120,205,180,182,100,143,160
"AA467197",18,29,10,24,41,13,16,25
"AA474331",47,67,76,78,90,44,57,67
"AA543186",7,11,11,10,20,5,17,11
"AA986860",70,159,127,140,152,74,126,146
"Aaas",1249,1969,2157,2140,1990,1174,1931,1939
"Aacs",1484,3041,2739,2728,3546,1352,2499,2543
"Aaed1",600,1135,1033,1138,1513,591,1135,975
"Aagab",941,1850,2285,2016,1933,916,1889,2136
"Aak1",1763,3641,3029,3588,3254,1809,4138,3403
"Aamdc",711,1176,1487,1323,1015,753,1297,1415
"Aamp",3994,7741,9105,7855,8558,3858,7129,8295
"Aar2",993,1930,2034,1914,1932,844,1668,2029
"Aars",4651,10870,10622,9006,12422,4467,9034,9902
"Aars2",455,815,837,842,760,372,725,810
"Aarsd1",665,1117,1317,1268,1084,533,1141,1257
"Aasdh",249,521,502,500,506,232,563,499
"Aasdhppt",820,1407,1487,1694,1634,756,1706,1678
"Aatf",889,1620,1844,1715,1829,882,1647,1783
"Aatk",14,9,23,22,13,7,23,23
"AB124611",28,53,44,56,75,21,41,44
"Abat",16,24,25,28,22,18,38,31
"Abca1",45,133,82,67,135,60,136,56
"Abca12",0,2,1,0,6,0,2,0
"Abca13",2,13,10,8,9,3,14,10
"Abca17",1,4,3,2,0,0,4,3
"Abca2",1059,2726,1960,1849,2260,929,2127,1803
"Abca3",506,981,881,903,868,452,882,853
"Abca4",35,95,67,63,120,29,55,62
"Abca5",588,1952,1121,1388,1168,788,2463,1416
"Abca6",10,22,10,19,12,9,24,17
"Abca7",1313,3328,2693,2623,2829,1080,2339,2505
"Abca8a",20,76,23,32,52,22,44,25
"Abca8b",113,360,243,253,354,146,327,249
"Abca9",137,260,130,219,137,76,242,141
"Abcb10",713,1370,1281,1319,1260,605,1243,1251
"Abcb11",1,0,2,1,0,1,0,0
"Abcb1a",12,17,18,17,48,16,27,16
"Abcb1b",445,720,764,822,936,387,796,764
"Abcb4",0,0,3,0,0,1,5,1
"Abcb6",961,2057,2061,1700,1969,917,1853,1763
"Abcb7",384,1122,771,862,776,493,1413,876
"Abcb8",581,1257,1139,1160,1170,558,1029,1173
"Abcb9",23,50,48,49,46,29,42,53
"Abcc1",2606,5349,5948,5569,6124,2165,5047,5616
"Abcc10",128,294,273,267,292,152,273,275
"Abcc12",1,8,8,2,6,4,6,5
"Abcc2",1,0,1,1,0,0,0,0
"Abcc3",1,6,2,3,6,1,1,2
"Abcc4",282,703,682,583,1283,262,530,577
"Abcc5",1439,3268,3033,3020,3208,1423,3414,3036
"Abcc6",2,3,0,2,1,2,1,1
"Abcc8",2,2,3,2,2,1,5,0
"Abcc9",5,12,36,24,28,16,30,44
"Abcd1",798,1369,1537,1510,1161,626,1345,1380
"Abcd2",142,370,339,385,378,143,430,399
"Abcd3",1620,3091,2987,3393,3030,1521,3461,3304
"Abcd4",747,1640,1363,1393,1532,782,1366,1306
"Abce1",4963,11491,9514,11911,10021,6237,15842,12413
"Abcf1",3343,6052,6502,6414,6253,3252,6418,6568
"Abcf2",3081,5882,7075,6065,6870,2949,5886,6645
"Abcf3",1208,2532,2997,2482,2765,1289,2450,2726
"Abcg1",178,253,286,287,211,184,294,271
"Abcg2",1839,3188,3328,3352,2971,1737,3316,3323
"Abcg4",28,43,83,55,66,22,50,62
"Abcg8",7,4,8,10,4,3,10,9
"Abhd1",40,45,49,49,42,50,35,57
"Abhd10",275,511,495,540,504,295,545,517
"Abhd11",329,636,734,596,756,379,642,640
"Abhd11os",2,10,6,4,8,1,7,4
"Abhd12",1236,2904,2946,2546,2969,1120,2254,2678
"Abhd13",971,2091,1682,1992,1890,1116,2247,1958
"Abhd14a",304,530,584,531,596,315,464,563
"Abhd14b",84,188,154,167,220,107,183,167
"Abhd15",38,47,63,71,48,33,61,64
"Abhd16a",858,1646,1829,1721,1788,785,1477,1709
"Abhd16b",1,4,2,1,0,3,4,2
"Abhd17a",1380,2471,2565,2461,2457,1217,2182,2331
"Abhd17b",535,1160,937,1169,1076,730,1554,1219
"Abhd17c",1129,1800,2018,1965,2174,1112,1817,1813
"Abhd2",780,1536,1395,1402,1382,694,1453,1250
"Abhd3",13,26,18,20,19,10,25,17
"Abhd4",3561,7481,8889,7558,7594,3251,6497,8404
"Abhd5",925,1909,1987,1888,2515,929,1842,1999
"Abhd6",445,815,735,786,807,373,675,732
"Abhd8",1401,2490,2558,2586,2280,1201,2136,2507
"Abi1",1632,3335,2664,3302,3170,1825,3592,3061
"Abi2",588,1394,955,1248,1242,811,1654,1221
"Abi3",4,19,11,8,17,12,17,13
"Abi3bp",6,16,7,10,8,0,12,8
"Abl1",3424,6394,6193,6597,6529,2954,6039,6047
"Abl2",1445,2923,2720,2689,2835,1423,3072,2605
"Ablim1",6698,11802,10934,11997,10104,6286,12507,11020
"Ablim2",92,157,270,154,182,110,287,219
"Ablim3",490,562,815,740,629,631,937,754
"Abr",4422,9169,9087,8542,9358,4181,8377,8597
"Abra",223,370,507,347,409,390,578,474
"Abracl",1633,2767,2939,3366,2809,1720,3274,3348
"Abt1",521,922,1023,959,981,480,807,903
"Abtb1",252,622,598,553,678,273,536,617
"Abtb2",551,1203,1014,984,1060,540,941,950
"Acaa1a",1063,1895,2004,1787,2028,936,1576,1737
"Acaa1b",47,87,80,76,72,34,80,59
"Acaa2",2569,5071,5561,5007,4521,2321,4449,5037
"Acaca",1715,3265,2723,2804,3275,1337,2854,2568
"Acacb",59,89,81,99,58,46,70,77
"Acad10",114,303,265,236,289,111,215,236
"Acad11",570,1089,1046,1056,1086,499,994,1025
"Acad12",60,196,176,132,133,63,158,163
"Acad8",609,1050,1257,1165,1163,521,1079,1223
"Acad9",1109,2016,2379,2171,2167,1079,2040,2325
"Acadl",4233,7199,9227,8211,7128,4262,8072,8789
"Acadm",1852,3684,4481,4079,4140,1816,3898,4267
"Acads",1324,2679,3164,2617,2708,1288,2545,2862
"Acadsb",1116,3323,2177,2754,2413,1626,3731,2706
"Acadvl",3164,5755,7070,6257,5462,2944,5769,6467
"Acan",0,1,0,0,0,1,1,0
"Acap1",9,21,13,11,29,10,22,13
"Acap2",1008,3015,1918,2504,2499,1392,3665,2494
"Acap3",975,1693,1915,1781,1528,817,1618,1751
"Acat1",1905,2795,3478,3554,2677,1706,3192,3402
"Acat2",1351,2597,2292,2515,3012,1285,2295,2321
"Acat3",27,134,59,58,389,38,62,64
"Acbd3",1890,4053,3486,4089,3768,2142,4487,4023
"Acbd4",681,1290,1311,1250,1207,632,1170,1225
"Acbd5",488,1571,887,1152,1121,712,2081,1230
"Acbd6",849,1627,1743,1607,1806,826,1424,1556
"Acbd7",1,3,1,1,3,2,3,0
"Accs",197,390,413,360,410,216,354,371
"Accsl",1,0,1,1,3,0,1,1
"Acd",486,931,910,873,1021,431,803,843
"Ace",40,114,79,108,98,54,77,123
"Acer1",4,6,5,3,0,0,4,1
"Acer2",2,7,12,7,9,7,13,11
"Acer3",287,572,435,545,563,259,586,487
"Ache",32,65,116,89,102,53,92,129
"Acin1",3457,5811,5988,6335,5750,3377,6244,6091
"Ackr2",0,3,5,0,2,1,1,1
"Ackr3",1297,3321,2044,2331,3906,1280,1929,2082
"Ackr4",39,125,75,83,88,47,78,84
"Acly",3988,8364,7550,7566,8794,3609,7296,7115
"Acmsd",0,0,1,1,0,0,1,1
"Aco1",1757,3147,3547,3364,3098,1491,2961,3345
"Aco2",10284,18629,21527,19007,16810,9377,18224,19504
"Acot1",229,518,390,448,560,202,383,420
"Acot10",4,10,5,5,5,3,4,9
"Acot11",164,322,228,257,242,162,276,252
"Acot12",3,7,9,9,4,10,12,8
"Acot13",470,1117,1127,928,1282,489,890,954
"Acot2",228,538,389,401,871,171,329,424
"Acot3",3,2,4,2,3,1,0,1
"Acot4",15,41,34,36,60,24,49,39
"Acot6",88,146,150,156,150,87,159,148
"Acot7",1768,2807,3184,3126,2720,1497,2668,2936
"Acot8",208,318,430,359,355,195,304,395
"Acot9",2766,4999,5490,5049,5236,2571,4928,5256
"Acox1",2706,5663,5747,5176,5463,2424,5110,5465
"Acox2",10,23,22,23,39,11,22,30
"Acox3",707,1716,1678,1524,1737,687,1469,1783
"Acoxl",0,8,3,2,3,4,5,3
"Acp1",858,1214,1369,1410,1281,780,1343,1355
"Acp2",1287,2641,2657,2548,2977,1260,2439,2672
"Acp5",6,11,23,11,13,5,18,14
"Acp6",417,809,882,766,840,396,729,802
"Acpp",1327,3015,3229,3427,3447,1591,3317,3728
"Acr",0,1,0,1,0,0,0,1
"Acrbp",16,35,49,46,64,19,53,51
"Acsbg1",163,228,237,264,461,204,212,233
"Acsbg2",0,3,2,0,0,0,3,0
"Acsf2",391,765,837,761,718,376,685,754
"Acsf3",231,469,426,432,418,244,401,409
"Acsl1",416,929,1077,900,1117,404,958,1019
"Acsl3",3143,7756,6726,7220,6797,4680,10355,7821
"Acsl4",1451,4789,2820,3522,3436,2148,5793,3833
"Acsl5",1537,2703,2635,2749,3144,1432,2453,2418
"Acsl6",418,744,987,788,669,556,1073,911
"Acsm3",2,7,5,7,3,4,17,7
"Acss1",0,2,0,1,1,0,4,1
"Acss2",352,716,544,540,698,298,521,456
"Acss3",4,4,2,5,4,7,3,2
"Acta1",54390,89925,131619,100558,75336,58156,106595,121312
"Acta2",80195,111381,168296,159224,86073,72260,135847,162471
"Actb",61995,94654,114180,112792,88506,57164,93075,111791
"Actc1",15880,21387,31701,27421,19040,18304,29422,29403
"Actg1",58476,63650,69133,71853,58949,50822,58954,67266
"Actg2",3913,5138,6949,7199,4074,3576,6434,6571
"Actl10",4,5,2,5,2,2,6,2
"Actl6a",1606,2910,3071,3090,2867,1513,2753,3080
"Actl7a",1,0,0,1,0,1,0,0
"Actl7b",0,0,2,0,1,1,0,1
"Actn1",10717,17818,19998,21648,17609,10543,20008,21084
"Actn2",881,936,2806,1639,1092,1172,2236,2339
"Actn3",7704,14865,15608,13258,11190,7919,14714,14383
"Actn4",9894,16244,18716,19514,14785,8748,17626,18856
"Actr10",2954,5317,6316,5719,5822,2952,5195,5816
"Actr1a",4833,8647,10055,9215,9067,4328,8110,9423
"Actr1b",3259,6121,6767,6146,6369,2962,5708,6139
"Actr2",4729,9412,8246,10332,8583,5361,11813,10296
"Actr3",9267,15483,17731,17633,16951,8944,17070,17880
"Actr3b",78,128,142,136,123,66,138,135
"Actr5",181,350,326,323,382,201,292,304
"Actr6",294,678,538,634,675,356,715,648
"Actr8",1084,2092,2173,2040,2137,1066,1936,2075
"Actrt3",0,1,0,0,1,0,1,0
"Acvr1",2142,4135,4086,4150,4423,1969,3739,4033
"Acvr1b",318,647,679,628,796,257,610,621
"Acvr2a",268,782,520,564,628,348,855,595
"Acvr2b",15,20,23,23,23,16,18,14
"Acvrl1",39,69,98,101,72,37,86,110
"Acy1",237,420,440,425,371,203,365,378
"Acy3",104,230,144,179,158,87,160,147
"Acyp1",155,308,275,296,299,162,282,280
"Acyp2",67,129,144,138,136,86,160,157
"Ada",118,188,175,187,156,100,201,173
"Adal",255,515,472,509,467,262,518,485
"Adam10",1959,5030,3320,4602,4320,2317,5693,4492
"Adam11",22,54,45,45,44,26,45,44
"Adam12",1557,1888,1925,2377,1737,1586,2750,1955
"Adam15",1657,3736,3350,3257,4051,1580,2791,3140
"Adam17",2311,5039,4012,4526,5139,2109,4493,4367
"Adam19",3254,6035,6788,6378,5680,3581,6979,6512
"Adam1a",36,67,68,81,73,51,99,92
"Adam21",6,6,9,8,8,5,9,10
"Adam22",3,11,18,12,11,9,18,11
"Adam23",480,868,1103,1014,819,338,910,1026
"Adam32",2,7,2,7,7,1,6,5
"Adam4",3,12,7,9,6,3,8,14
"Adam5",56,96,96,109,59,45,110,110
"Adam8",197,484,363,368,301,191,394,337
"Adam9",3551,8966,6694,8070,8601,4013,9670,7955
"Adamts1",907,2041,1400,1724,1973,1064,1952,1552
"Adamts10",480,799,744,853,572,414,841,745
"Adamts12",487,862,711,873,857,738,1396,770
"Adamts14",1664,3018,3041,3017,2597,1636,3139,2899
"Adamts15",42,150,64,67,45,30,61,59
"Adamts16",772,931,1238,1288,1029,1116,1692,1268
"Adamts17",8,15,23,25,8,4,19,25
"Adamts2",3034,5556,5169,5615,6090,3141,5279,5147
"Adamts20",1,0,0,2,0,1,1,0
"Adamts3",87,164,203,195,182,100,222,196
"Adamts4",2274,4525,4788,4345,4563,2317,4113,4409
"Adamts5",1353,4284,2154,2620,3483,1725,3540,2302
"Adamts6",503,1347,788,1061,1043,699,1639,1044
"Adamts7",3098,8162,5813,5551,7593,2795,5626,5122
"Adamts8",1,6,4,6,3,2,8,8
"Adamts9",31,57,23,49,49,16,61,31
"Adamtsl1",178,377,343,337,423,207,400,338
"Adamtsl2",306,342,587,489,366,351,591,480
"Adamtsl3",1384,2432,1718,2663,1998,1271,2774,2105
"Adamtsl4",716,1185,1123,1266,1095,704,1129,1148
"Adamtsl5",987,2346,2324,1822,2525,1103,1984,2047
"Adap1",2,3,0,2,4,5,0,1
"Adap2",3,7,7,5,2,2,12,6
"Adar",988,1930,2033,1973,2318,1008,1841,1984
"Adarb1",1527,2777,3082,3174,2837,1619,3275,3177
"Adat1",115,234,283,237,258,103,267,239
"Adat2",145,299,317,265,329,148,292,292
"Adat3",114,161,164,156,148,86,165,143
"Adck1",1048,2079,2347,2185,2931,874,1746,2227
"Adck2",294,601,595,555,637,281,488,548
"Adck3",790,1282,2167,1523,1188,842,1842,2004
"Adck4",439,829,835,798,888,397,746,774
"Adck5",547,1143,1085,1096,1211,466,925,1087
"Adcy1",11,12,7,12,8,5,21,3
"Adcy10",0,3,0,3,0,0,4,4
"Adcy3",677,1073,874,1058,923,464,879,815
"Adcy4",10,7,8,16,12,6,5,12
"Adcy5",2,1,3,2,6,3,2,1
"Adcy6",2618,5293,5760,5567,5468,2460,5176,5598
"Adcy7",11375,18110,20281,20871,15938,11290,21363,20040
"Adcy8",2,10,9,10,11,7,7,12
"Adcy9",491,1097,1070,1019,1098,483,1037,1038
"Adcyap1",0,1,0,1,0,0,1,1
"Adcyap1r1",5,4,6,8,7,3,5,7
"Add1",6684,12926,12602,12699,12361,5694,11168,11802
"Add2",60,120,55,92,82,43,70,60
"Add3",388,943,623,795,852,366,734,746
"Adgb",3,4,1,3,2,0,3,2
"Adgra1",14,5,10,13,12,12,10,5
"Adgra2",2045,3441,3460,3825,3875,1813,3577,3457
"Adgra3",2156,4636,4227,4353,4278,1778,3676,4091
"Adgrb2",10,11,13,17,9,6,13,13
"Adgrd1",6,38,16,11,19,15,14,10
"Adgre5",6876,12187,11322,11136,9583,6540,11169,10480
"Adgrf1",1,0,0,1,1,0,1,1
"Adgrf2",0,0,3,0,3,0,1,4
"Adgrf3",14,10,21,26,8,7,20,23
"Adgrf4",24,32,41,39,21,15,38,34
"Adgrf5",52,67,30,72,38,42,59,42
"Adgrg1",717,972,1106,1171,721,654,1125,1065
"Adgrg2",107,285,189,223,325,149,313,219
"Adgrg3",295,566,937,808,753,327,718,956
"Adgrg5",2,8,11,4,11,4,11,10
"Adgrg6",1205,2625,1392,2091,2057,1371,2539,1576
"Adgrl1",3062,5213,4382,5243,4556,2785,5297,4232
"Adgrl2",1842,3935,3059,3836,4086,1718,3733,3239
"Adgrl3",393,827,513,681,673,497,916,607
"Adgrl4",32,83,71,104,56,46,116,107
"Adgrv1",6,4,2,6,1,2,5,0
"Adh1",59,203,123,106,149,41,99,104
"Adh5",2405,4619,5186,4616,5217,2340,4057,4650
"Adh7",333,888,638,748,816,317,744,674
"Adhfe1",6,21,12,13,23,10,16,19
"Adi1",591,1209,1124,940,1262,609,942,942
"Adipoq",0,1,2,0,0,1,3,0
"Adipor1",4184,8599,8268,7939,8850,3981,7254,7891
"Adipor2",2132,4291,4157,4108,4621,1965,3895,4024
"Adk",1904,3125,3541,3588,3158,1582,3138,3353
"Adm",100,403,142,190,846,134,159,170
"Adm2",27,91,38,45,203,21,37,35
"Adnp",26,69,44,53,53,36,47,63
"Adnp2",959,1835,1555,1717,1693,844,1658,1572
"Ado",1717,2933,3125,3325,3126,1632,3003,3190
"Adora1",72,91,138,98,81,99,173,124
"Adora2a",35,48,53,82,41,42,40,73
"Adora2b",151,610,400,335,825,175,336,386
"Adpgk",802,1556,2000,1740,2119,845,1576,1874
"Adprh",2682,5126,6050,5212,5335,2648,4721,5636
"Adprhl1",104,215,336,199,189,156,289,278
"Adprhl2",509,961,1038,935,1021,482,843,948
"Adprm",377,712,851,745,861,361,703,751
"Adra1b",67,76,74,121,99,29,63,82
"Adra1d",213,285,200,319,196,131,261,215
"Adra2a",5,2,2,5,6,4,1,0
"Adrb1",12,23,16,18,9,7,17,13
"Adrb2",408,710,933,822,564,391,865,900
"Adrbk1",2056,3674,4186,4021,4156,1814,3542,3993
"Adrm1",2532,4230,5033,4283,4498,2513,4103,4724
"Adsl",1690,3116,3581,3277,3157,1628,3043,3404
"Adss",1773,3115,3163,3946,3370,1813,3665,3872
"Adssl1",1872,3568,4609,3539,3282,2164,4092,4322
"Adtrp",0,0,2,0,1,0,1,1
"Aebp1",22448,51518,51341,45375,57676,21275,42417,48239
"Aebp2",1873,4221,3407,4280,4164,2441,5234,4334
"Aen",1085,1807,2438,1903,2058,1058,1993,2088
"Aes",7010,14326,13968,12879,13372,6975,11849,13037
"AF357399",10,24,11,12,23,17,11,7
"AF529169",1,1,1,1,2,2,1,0
"Afap1",2230,4043,4024,4421,4320,2113,4210,4205
"Afap1l1",695,893,1543,1184,861,748,1551,1365
"Afap1l2",1208,2108,2332,2427,2044,952,2137,2379
"Aff1",1684,3350,3045,3304,3400,1652,3267,3051
"Aff2",0,1,0,0,2,0,4,1
"Aff3",99,143,159,177,144,74,193,166
"Aff4",2657,7786,4778,6363,6152,3694,9400,6376
"Afg3l1",1564,3071,3066,2966,3150,1378,2704,2858
"Afg3l2",1910,3973,4446,3801,5242,1850,3750,4182
"Afmid",182,350,301,328,275,169,314,285
"Afp",0,3,1,1,2,0,1,2
"Aftph",591,1640,1202,1401,1470,795,1938,1475
"Aga",1220,2590,2449,2410,3019,1165,2150,2427
"Agap1",1762,4069,2460,3140,3389,1763,2964,2719
"Agap2",54,103,103,106,94,42,118,98
"Agap3",1862,3698,3821,3565,3894,1754,3245,3738
"Agbl2",3,4,0,3,2,0,7,1
"Agbl3",106,145,145,185,137,92,158,167
"Agbl5",182,255,232,320,244,118,217,276
"Ager",8,10,19,17,19,8,13,16
"Agfg1",1141,2424,2029,2274,2421,1196,2539,2138
"Agfg2",434,733,766,776,767,363,755,716
"Aggf1",1374,2415,2455,2678,2234,1359,2779,2614
"Agk",488,837,911,890,919,455,836,899
"Agl",2484,4725,4864,4972,4314,2395,5624,4940
"Agmat",30,75,81,62,55,38,66,71
"Agmo",2,0,1,5,2,3,1,3
"Ago1",1359,2852,2807,2783,2876,1312,2743,2797
"Ago2",1626,3557,3140,3228,2892,1196,3937,2887
"Ago3",107,319,184,240,206,102,388,240
"Ago4",130,233,235,240,211,107,270,222
"Agpat1",1639,3380,3071,3057,3346,1623,2741,2999
"Agpat2",557,1154,1108,1002,1298,495,854,993
"Agpat3",3295,6875,6731,6256,6396,2870,5605,6063
"Agpat4",922,1791,1841,1723,1632,823,1429,1719
"Agpat5",947,1865,1888,1912,1951,964,1846,1959
"Agpat6",2635,5526,5848,5238,5707,2612,5100,5348
"Agpat9",128,248,204,214,391,110,206,220
"Agps",1298,3808,2385,3043,2730,1853,4606,3026
"Agrn",1946,3848,2928,3372,3448,1755,3189,2822
"Agrp",3,11,6,4,7,5,12,7
"Agt",1,0,2,1,4,3,2,1
"Agtpbp1",718,1596,1195,1527,1265,795,1892,1390
"Agtr1a",1,1,0,1,1,0,0,0
"Agtrap",617,1357,1161,1150,1418,552,996,1124
"Agxt",0,2,0,0,1,1,1,3
"Agxt2",1,1,0,2,3,2,1,1
"Ahctf1",1232,3300,2331,2845,2725,1709,3943,2797
"Ahcy",1347,2402,2582,2590,2361,1047,2287,2449
"Ahcyl1",5819,10153,10803,11667,10020,5256,11080,10946
"Ahcyl2",739,1464,1189,1416,1326,723,1467,1265
"Ahdc1",1825,3154,2652,3096,2696,1572,2990,2637
"Ahi1",523,945,840,1028,940,491,1025,931
"Ahnak",15822,33902,26397,32505,28477,16327,35841,29949
"Ahr",709,1788,1382,1706,1747,925,2279,1759
"Ahrr",173,342,389,387,358,104,282,382
"Ahsa1",3811,7093,7766,7318,8154,3536,6465,7310
"Ahsa2",1223,2110,1928,2191,1922,1368,2552,2103
"Ahsg",1,3,7,4,8,2,6,0
"AI115009",0,1,0,2,1,0,1,3
"AI118078",1,0,4,1,0,0,0,1
"AI182371",3,4,1,6,0,1,3,5
"AI197445",1,8,6,4,7,3,10,9
"AI314180",2218,4863,4016,4731,4306,2200,5588,4660
"AI317395",8,5,7,12,5,4,8,4
"AI413582",148,471,302,278,603,141,255,274
"AI414108",8,9,4,15,13,11,12,12
"AI429214",122,240,235,239,283,146,241,199
"AI450353",18,23,38,39,36,14,31,50
"AI464131",1368,2472,3053,2579,1986,1370,2805,2917
"AI467606",1085,2166,1912,1922,2005,1027,1700,1748
"AI504432",5,12,2,9,13,4,11,5
"AI506816",631,630,633,597,522,515,640,524
"AI597479",1239,2340,2547,2539,2317,1285,2606,2671
"AI607873",8,39,12,14,62,22,24,11
"AI661453",15,19,23,32,22,18,31,28
"AI662270",19,28,32,30,41,15,23,27
"AI837181",1546,2770,2871,2904,2884,1401,2324,2808
"AI839979",52,106,102,99,104,92,122,113
"AI846148",636,1112,1402,1215,1191,680,1206,1280
"AI847159",1,2,2,1,0,1,2,1
"AI854703",0,1,4,0,2,0,1,0
"AI987944",76,297,191,182,195,116,385,239
"Aicda",4,6,8,6,14,1,2,3
"Aida",2359,4101,3974,4651,3824,2551,4707,4597
"Aif1",4,5,2,6,2,4,5,5
"Aif1l",5717,10081,11643,10046,9468,6030,10366,10399
"Aifm1",1405,2562,3132,2957,2741,1381,2908,3135
"Aifm2",566,1251,1248,1037,1389,595,1054,1063
"Aifm3",0,3,3,0,0,1,2,0
"Aig1",149,443,252,215,614,131,181,215
"Aim1",1105,1722,1966,2419,1442,825,1885,2160
"Aim1l",33,68,100,63,78,36,75,89
"Aim2",48,93,61,81,75,69,79,66
"Aimp1",1453,2775,3038,2781,2976,1598,2737,2952
"Aimp2",1027,1835,2133,1919,1824,1017,1813,2021
"Aip",2234,4116,4341,4202,4359,2092,3561,4107
"Aipl1",7,12,8,17,9,2,10,16
"Aire",4,17,3,8,13,7,17,9
"Airn",18,58,32,39,40,34,53,41
"Ajuba",2372,3599,4826,4458,3316,2240,4230,4562
"AK010878",82,141,118,120,133,71,128,112
"Ak1",4206,8011,9981,8247,8168,4361,8150,9280
"Ak2",1677,2986,3406,3244,3264,1656,3059,3302
"Ak3",2611,4287,4822,4524,4255,2459,4533,4701
"Ak4",654,1421,520,920,1715,509,793,505
"Ak5",51,104,91,91,101,51,94,92
"Ak6",464,675,727,798,800,495,708,785
"Ak7",0,1,0,0,0,0,1,1
"Ak8",0,5,6,2,4,3,4,8
"Akap1",1432,2871,3468,2919,3345,1417,2973,3271
"Akap10",487,1059,873,967,1102,504,1115,921
"Akap11",1109,3386,1673,2365,2187,1611,4063,2197
"Akap12",852,1621,1139,1570,1154,679,1454,1224
"Akap13",2594,5593,5222,5530,4627,2604,6015,5521
"Akap17b",95,268,160,222,184,112,366,220
"Akap2",1,0,0,1,1,0,0,0
"Akap5",5,4,2,7,7,5,10,4
"Akap6",975,2715,1926,2098,1726,1301,3502,2199
"Akap7",320,704,590,707,991,332,666,665
"Akap8",1555,2936,2919,3142,3039,1641,3371,3036
"Akap8l",617,1277,1066,1094,1051,650,1191,1084
"Akap9",231,801,445,527,547,321,825,603
"Akip1",90,156,187,182,166,106,166,175
"Akirin1",2967,5281,6365,5572,5287,3167,5508,6250
"Akirin2",1797,3072,3582,3347,3394,1880,3159,3477
"Akna",139,336,243,292,407,110,251,254
"Aknad1",18,43,15,33,29,25,48,26
"Akr1a1",12946,23839,27522,25111,25136,12172,21804,25311
"Akr1b10",454,862,984,899,908,484,911,962
"Akr1b7",6,13,8,12,19,6,11,16
"Akr1b8",3055,5733,6905,6078,5728,3071,5827,6513
"Akr1c12",23,43,67,51,70,34,55,55
"Akr1c13",170,273,397,332,389,190,279,368
"Akr1c14",132,421,277,336,199,123,404,354
"Akr1c21",1,0,0,1,0,0,0,1
"Akr1cl",2,4,5,3,0,1,1,4
"Akr1e1",233,444,437,443,440,255,402,419
"Akr7a5",593,1186,1170,1081,1276,497,895,1087
"Akt1",8198,15129,16834,15465,15291,7737,14080,15691
"Akt1s1",1458,2943,2850,2662,2950,1341,2399,2562
"Akt2",4898,8578,9261,8452,7786,4567,8091,8537
"Akt3",1010,2216,1949,2402,1993,1167,2683,2356
"Aktip",1531,3163,3453,3223,3135,1533,3129,3477
"Alad",984,1850,2082,1991,2079,921,1746,2049
"Alas1",1362,2679,3179,2699,2530,1225,2579,2853
"Alas2",3,4,7,6,5,4,6,7
"Alb",17,31,47,49,53,14,44,49
"Alcam",281,583,701,804,828,405,942,886
"Aldh16a1",512,956,815,847,956,470,792,764
"Aldh18a1",2535,5482,4758,4700,5495,2454,4332,4598
"Aldh1a1",4,23,12,4,6,6,15,5
"Aldh1a2",4,13,50,23,19,8,28,48
"Aldh1a3",97,148,136,169,139,121,166,151
"Aldh1a7",1,0,0,1,1,0,0,0
"Aldh1b1",1,0,5,2,1,0,0,2
"Aldh1l1",30,56,48,49,102,19,44,56
"Aldh1l2",729,2657,1226,1365,4254,873,1788,1289
"Aldh2",6315,14092,14627,12766,13075,5306,10948,13168
"Aldh3a1",541,1715,1693,1400,1682,348,930,1440
"Aldh3a2",1473,2918,2944,2929,3345,1379,2617,3013
"Aldh3b1",1323,3019,2827,2271,2328,1306,2648,2581
"Aldh3b2",3,8,13,5,5,6,15,10
"Aldh3b3",35,46,87,60,40,60,92,98
"Aldh4a1",510,826,896,854,735,431,745,814
"Aldh5a1",164,237,258,305,213,148,241,250
"Aldh6a1",403,971,852,946,864,428,1076,1001
"Aldh7a1",788,1464,1490,1504,1376,774,1302,1388
"Aldh8a1",0,1,1,0,2,0,1,2
"Aldh9a1",1224,2296,2088,2302,2448,1040,1752,2006
"Aldoa",35211,75469,61076,60311,71078,34912,55437,57340
"Aldoart1",0,10,8,4,8,1,2,5
"Aldoart2",0,0,1,1,0,1,0,0
"Aldob",1,3,0,0,2,1,3,0
"Aldoc",169,530,476,417,856,210,351,479
"Alg1",458,1000,930,840,1197,440,741,836
"Alg10b",900,2781,1568,2184,1708,1187,3654,2146
"Alg11",492,1064,927,985,1060,513,1027,999
"Alg12",364,793,722,709,784,363,652,669
"Alg13",283,619,439,574,463,301,718,534
"Alg14",558,961,910,1017,824,537,1034,952
"Alg2",1189,2917,2584,2472,2908,1150,2214,2583
"Alg3",402,719,868,773,776,431,706,831
"Alg5",861,1911,2032,1717,2369,828,1552,1859
"Alg6",339,660,611,731,570,434,789,678
"Alg8",402,704,672,772,717,388,679,734
"Alg9",890,1663,1411,1593,1661,755,1366,1418
"Alk",2,0,0,2,1,0,0,0
"Alkbh1",484,906,896,987,1035,553,948,1029
"Alkbh2",62,118,131,123,155,50,108,121
"Alkbh3",799,1508,1727,1531,1622,794,1436,1625
"Alkbh4",152,240,304,269,295,154,224,300
"Alkbh5",5060,10389,8184,9205,11803,4395,8486,8115
"Alkbh6",268,485,452,495,531,223,439,463
"Alkbh7",171,388,384,334,378,194,347,386
"Alkbh8",109,259,197,244,185,139,345,250
"Alms1",145,464,239,307,331,185,492,284
"Alox12",7,12,15,12,14,10,14,14
"Alox12b",0,4,0,0,3,0,1,1
"Alox5",3552,8666,7623,6617,6879,3550,6231,6772
"Alox5ap",262,575,475,530,485,253,431,504
"Alox8",6,6,4,8,3,1,5,2
"Aloxe3",1,4,3,2,4,3,3,2
"Alpi",3,2,6,4,3,0,3,4
"Alpk1",478,949,811,955,862,493,1137,900
"Alpk2",161,279,292,271,242,143,280,257
"Alpk3",497,824,1082,877,740,576,1090,984
"Alpl",4,6,5,8,3,4,3,4
"Als2",755,1399,1452,1405,1320,739,1560,1341
"Als2cl",369,696,1113,777,687,372,874,902
"Als2cr12",4,5,12,6,6,2,8,1
"Alx3",1,1,0,2,0,0,1,1
"Alx4",0,1,2,0,2,2,3,1
"Alyref",1466,2132,2519,2676,2322,1363,2100,2513
"Alyref2",65,108,109,111,134,77,101,103
"Amacr",1245,2265,2308,2276,2009,1180,2232,2300
"Ambp",0,1,0,3,0,1,0,2
"Ambra1",1296,2487,2472,2365,2395,1207,2345,2252
"Amdhd1",5,12,15,12,18,9,9,10
"Amdhd2",330,728,796,636,759,305,578,662
"Amer1",702,1253,1352,1581,1079,644,1663,1547
"Amfr",7795,15633,16566,15502,17645,7244,14135,16058
"Amh",3,9,11,4,5,1,16,8
"Amhr2",1,1,9,2,11,4,4,11
"Amigo1",372,786,834,746,802,334,697,830
"Amigo2",95,194,147,176,251,97,152,157
"Amigo3",113,133,145,174,125,75,139,139
"Ammecr1",414,1294,752,884,780,648,1795,865
"Ammecr1l",1753,3698,3365,3629,3548,1856,3788,3548
"Amn",5,3,1,7,4,4,2,3
"Amn1",335,739,656,656,788,349,649,684
"Amot",1078,2056,2045,2219,1667,1078,2387,2190
"Amotl1",2768,5928,5664,5575,6079,2808,6205,5458
"Amotl2",6207,10332,9841,11107,9900,5819,10158,9808
"Ampd1",11,28,29,26,32,18,24,39
"Ampd2",1368,2390,2732,2648,2438,1161,2500,2607
"Ampd3",862,2461,1929,1789,3981,863,1850,1903
"Amt",51,125,162,145,159,64,143,158
"Amy1",36,44,68,54,52,39,46,52
"Amz1",11,49,30,21,80,15,34,29
"Amz2",1161,2080,2187,2078,1988,1008,1925,2002
"Anapc1",5134,9174,9965,10053,9190,4336,9410,9564
"Anapc10",836,1483,1573,1632,1449,903,1702,1638
"Anapc11",1081,1909,1789,1930,1938,995,1669,1838
"Anapc13",460,778,792,852,786,489,729,859
"Anapc15",242,329,424,429,382,204,370,409
"Anapc16",1314,2485,2610,2460,2630,1235,2242,2588
"Anapc2",3676,7290,7060,7035,6902,3334,6244,6891
"Anapc4",2324,4244,4599,4678,4309,2242,4544,4712
"Anapc5",6251,11059,11115,11775,11079,5421,10354,10931
"Anapc7",1654,3100,3498,3173,2994,1439,2942,3441
"Ang",31,43,43,51,45,37,45,37
"Ang2",5,8,9,11,11,5,8,12
"Ang4",0,1,2,0,0,0,1,0
"Angel1",157,362,364,297,358,140,290,321
"Angel2",1127,2217,1993,2223,2329,1142,2204,2135
"Angpt1",2185,5103,3674,4630,3101,2252,6250,4420
"Angpt2",32,63,51,50,62,34,54,53
"Angpt4",776,1137,1040,1118,980,820,1186,985
"Angptl1",0,1,1,2,0,0,2,1
"Angptl2",7681,15989,15381,15104,18266,7285,12678,14709
"Angptl4",4665,10649,9294,10084,14080,4014,6668,8965
"Angptl6",38,76,69,62,114,34,55,57
"Angptl7",14,138,101,62,410,33,39,86
"Ank",8093,14939,18172,17568,15253,6929,14660,17328
"Ank1",1416,2156,2776,2467,1741,1404,2412,2660
"Ank2",147,442,271,312,404,160,382,292
"Ank3",891,2030,1416,1861,1814,1071,2087,1611
"Ankdd1b",45,100,92,87,87,69,89,100
"Ankef1",1,1,0,1,1,0,0,0
"Ankfn1",0,0,0,0,2,1,1,0
"Ankfy1",2489,4935,4445,4848,4695,2298,4863,4497
"Ankhd1",967,2577,1618,2032,2164,1130,2709,1852
"Ankib1",1050,2521,1904,2404,2125,1257,3003,2336
"Ankk1",0,2,2,0,2,0,2,0
"Ankle1",74,109,87,128,95,70,136,113
"Ankle2",1120,2407,2121,2418,2227,1321,2790,2459
"Ankmy1",36,55,65,61,55,58,73,55
"Ankmy2",505,981,944,970,939,436,873,927
"Ankra2",442,959,932,965,1096,538,1097,1100
"Ankrd1",9823,19899,17172,18085,18181,12407,20555,17986
"Ankrd10",2197,4307,4831,4669,4395,2904,6343,5471
"Ankrd11",1833,4182,3519,3921,3913,2019,4607,3852
"Ankrd12",100,294,226,248,322,124,326,309
"Ankrd13a",2034,3635,3993,3881,3408,1862,3527,3852
"Ankrd13b",935,2008,2116,1786,2270,929,1878,1874
"Ankrd13c",770,1668,1363,1597,1447,823,1899,1579
"Ankrd13d",100,230,215,212,237,92,161,225
"Ankrd16",229,398,443,498,440,253,514,556
"Ankrd17",2648,6202,4603,5980,5278,3136,7595,5789
"Ankrd2",502,904,1100,851,817,531,944,878
"Ankrd23",968,1394,1863,1510,1278,1160,1993,1620
"Ankrd24",88,237,219,197,265,103,202,198
"Ankrd26",73,209,149,174,158,79,288,187
"Ankrd27",692,1389,1423,1443,1469,711,1362,1400
"Ankrd28",1036,2685,2229,2797,2241,1212,3450,2886
"Ankrd29",79,126,95,139,99,80,142,105
"Ankrd32",275,653,415,535,417,294,788,529
"Ankrd33b",511,1058,1129,995,1195,463,1030,991
"Ankrd34a",51,117,193,140,112,60,116,176
"Ankrd35",23,38,52,39,40,21,51,42
"Ankrd36",0,0,0,1,3,0,0,1
"Ankrd37",146,349,194,229,647,140,170,149
"Ankrd39",160,248,346,326,302,147,302,342
"Ankrd40",2849,5440,5809,5549,5657,2794,5133,5820
"Ankrd42",57,129,108,116,154,54,116,114
"Ankrd44",443,773,725,850,695,442,1022,746
"Ankrd45",3,1,2,5,7,3,6,4
"Ankrd46",2735,5211,5824,5577,5112,2400,4714,5600
"Ankrd49",182,443,440,426,436,263,574,492
"Ankrd50",1209,2063,1939,2081,1806,1078,2162,1795
"Ankrd52",1762,3572,3541,3388,3098,1405,3683,3273
"Ankrd53",5,7,5,10,5,7,14,11
"Ankrd54",555,1000,1163,1070,1118,535,958,1090
"Ankrd55",24,104,50,48,94,41,51,46
"Ankrd6",106,233,174,213,214,115,207,219
"Ankrd61",6,7,12,13,10,6,15,18
"Ankrd63",3,0,1,3,1,1,2,2
"Ankrd66",3,8,4,4,4,4,8,6
"Ankrd7",2,0,0,2,0,1,0,0
"Ankrd9",153,258,316,285,249,161,239,315
"Anks1",512,1100,867,945,965,440,912,822
"Anks1b",1,2,4,1,1,1,3,1
"Anks3",613,1061,1366,1218,1333,565,1165,1283
"Anks6",157,275,224,259,257,107,215,204
"Ankzf1",369,743,774,727,857,365,684,716
"Anln",2419,4582,3107,4739,3335,2870,6204,4180
"Ano1",215,326,425,424,355,224,453,402
"Ano10",2064,4327,4262,4048,4585,1876,3783,4104
"Ano3",1,15,6,4,10,9,14,6
"Ano5",509,1436,1098,1011,984,804,1758,1050
"Ano6",4211,8290,8444,8313,8130,3627,7903,8208
"Ano8",1162,2312,1998,2026,2182,1053,2050,1854
"Anp32a",2385,4277,4388,5260,4401,2771,5085,5094
"Anp32b",5152,7428,8335,8917,9101,5383,7783,8760
"Anp32e",4652,7571,8021,9216,7144,4606,9219,8931
"Anpep",1537,5027,3332,3216,7908,1418,2564,3131
"Antxr1",2189,5162,4679,4562,5706,2079,4604,4680
"Antxr2",1791,4197,3377,3436,4343,1839,3528,3318
"Antxrl",0,2,0,1,1,4,2,3
"Anxa1",12360,21654,21562,23790,23611,12034,21361,23102
"Anxa11",1294,2623,3007,2579,2200,1122,2675,2705
"Anxa13",5,3,10,6,6,1,7,2
"Anxa2",23460,39972,44834,44665,38493,22025,37896,42114
"Anxa3",3695,8320,7026,6997,8287,3681,6415,6848
"Anxa4",5155,10238,10286,10198,11025,4399,8558,9866
"Anxa5",9449,17401,17956,18352,18598,8686,15547,17189
"Anxa6",18907,34229,38379,36162,27569,16870,31831,36209
"Anxa7",4114,8581,9801,8459,9510,3965,7885,9118
"Anxa8",3678,6899,8286,6448,13434,4091,7690,7724
"Anxa9",69,120,92,108,122,71,101,94
"Aoc2",34,68,84,89,68,45,81,92
"Aoc3",636,805,819,1111,596,477,947,857
"Aox1",514,1208,1304,1226,1012,500,1175,1333
"Aox2",2,3,4,4,3,3,5,2
"Aox3",7,25,45,46,45,3,10,56
"Aox4",1,0,0,1,1,0,0,0
"Ap1ar",898,1517,1646,1723,1730,1022,1885,1688
"Ap1b1",3118,6203,6287,5915,6281,2874,5520,6018
"Ap1g1",1885,3713,3311,3852,3232,1831,4040,3701
"Ap1g2",130,242,185,217,214,129,190,175
"Ap1m1",1592,3183,3242,2965,3310,1502,2711,2966
"Ap1s1",2293,4208,4532,4194,4321,2100,3581,4043
"Ap1s2",866,1752,1409,1758,1683,976,1975,1635
"Ap1s3",33,87,53,57,54,38,89,46
"Ap2a1",2328,4247,4524,4194,4056,2047,3948,4202
"Ap2a2",3753,7049,6854,6834,6990,3324,6136,6530
"Ap2b1",5719,10549,9981,10437,9944,4966,9487,9631
"Ap2m1",7939,11970,13913,12854,12510,7265,11571,12835
"Ap2s1",1250,2351,2500,2251,2279,1218,2023,2347
"Ap3b1",1815,3451,3056,3414,3456,1781,3335,3200
"Ap3b2",1,0,1,1,0,0,0,1
"Ap3d1",3245,6650,5981,5961,6630,2887,5575,5727
"Ap3m1",1585,2903,2759,3102,2863,1714,3522,3122
"Ap3m2",451,882,883,886,826,389,780,875
"Ap3s1",2165,4842,3993,4161,6644,2152,3933,4117
"Ap3s2",1057,2163,2179,2035,2201,1013,1969,2041
"Ap4b1",508,892,1028,972,1002,501,922,1010
"Ap4e1",432,1251,784,1049,951,680,1596,1097
"Ap4m1",290,544,505,516,579,258,497,495
"Ap4s1",195,371,476,403,404,218,380,501
"Ap5b1",108,303,212,207,248,104,251,209
"Ap5m1",243,501,377,428,401,255,604,398
"Ap5s1",367,723,869,737,864,334,661,859
"Ap5z1",256,644,503,482,646,256,478,486
"Apaf1",737,1449,1292,1487,1333,713,1561,1359
"Apba1",43,136,90,89,94,43,111,91
"Apba3",1305,2479,2199,2133,2576,1182,1832,1996
"Apbb1",993,1933,2177,1943,1862,820,1762,2046
"Apbb1ip",983,1871,2061,2199,2074,924,1858,2201
"Apbb2",1707,3512,3034,3519,3189,1790,3707,3399
"Apbb3",231,476,539,429,539,235,508,472
"Apc",562,1981,1122,1276,1403,822,2318,1391
"Apc2",76,186,107,126,109,56,114,94
"Apcdd1",144,328,166,218,327,149,189,159
"Apcs",0,0,0,1,1,0,2,0
"Apeh",1345,2724,2679,2478,2602,1187,2354,2399
"Apex1",475,571,764,677,694,428,626,784
"Apex2",240,346,506,441,323,203,340,403
"Aph1a",2148,2470,2471,2391,2622,1982,1981,2330
"Aph1b",488,831,778,925,818,471,879,843
"Aph1c",53,96,98,88,80,53,69,89
"Api5",4037,7046,7776,8256,7489,4038,8134,8289
"Apip",347,626,662,688,592,352,629,692
"Apitd1",156,226,223,245,181,120,220,184
"Aplf",316,574,614,617,611,303,608,629
"Apln",656,2011,601,1014,3187,392,765,550
"Aplnr",42,63,109,74,95,106,146,113
"Aplp1",489,917,1033,970,1117,468,854,966
"Aplp2",5246,11736,11061,11224,11596,4500,9867,10734
"Apmap",1132,2064,2355,2325,2152,1095,2094,2321
"Apoa1",0,2,4,5,4,0,5,2
"Apoa1bp",1129,2269,2476,2292,2246,1049,1838,2336
"Apoa2",0,2,1,1,1,0,1,2
"Apoa5",0,2,2,2,4,3,2,5
"Apob",2,7,3,2,5,1,8,5
"Apobec1",264,444,561,631,838,304,524,674
"Apobec2",951,1693,2403,1721,1493,1099,2088,2188
"Apobec3",669,1015,1079,1186,1082,572,995,1129
"Apobr",73,158,138,146,250,79,142,149
"Apoc1",2,6,16,5,7,10,12,8
"Apod",56,108,149,109,95,57,95,118
"Apoe",509,1572,1212,898,1703,634,907,1036
"Apof",1,3,4,2,0,3,4,2
"Apoh",12,15,20,21,14,7,9,16
"Apol10b",522,610,806,863,604,489,788,797
"Apol11b",9,6,12,17,18,8,9,11
"Apol6",110,155,119,160,131,120,160,140
"Apol7a",13,40,28,23,25,18,27,19
"Apol7d",2,12,7,8,16,4,7,7
"Apol8",16,47,22,30,32,17,40,39
"Apol9a",352,539,273,409,450,392,373,302
"Apol9b",462,667,393,540,549,549,522,392
"Apold1",4,22,12,12,18,9,24,18
"Apom",6,5,0,5,8,7,9,5
"Apon",4,3,4,7,8,4,3,3
"Apoo",173,105,115,126,114,143,106,130
"Apool",653,1262,1399,1280,1253,709,1369,1410
"Apopt1",667,1087,1271,1096,1171,721,1021,1284
"App",16702,30380,29281,31267,30109,15579,29424,29875
"Appbp2",641,1318,1163,1262,1097,622,1529,1198
"Appbp2os",0,6,8,1,5,5,9,5
"Appl1",792,2364,1270,1824,1555,1142,2978,1763
"Appl2",728,1896,1595,1548,1941,829,1569,1543
"Aprt",1386,2703,2919,2701,3096,1328,2346,2802
"Aptx",640,1136,1260,1207,1168,611,1054,1194
"Aqp1",1676,4376,3083,3302,3873,1478,2388,2895
"Aqp11",11,10,21,19,11,9,8,18
"Aqp2",1,9,16,5,12,5,12,6
"Aqp3",0,0,1,1,2,0,1,0
"Aqp5",3819,7833,8409,7156,8184,3445,6310,7558
"Aqp7",1,0,1,1,1,1,0,0
"Aqp9",0,0,2,1,8,0,1,4
"Aqr",1649,3063,3158,3331,3122,1633,3375,3255
"Ar",69,163,65,116,101,81,134,86
"Araf",1785,3644,3703,3565,3595,1889,3639,3810
"Arap1",1202,2331,2195,2238,2012,957,1941,2126
"Arap2",28,78,42,65,53,30,97,62
"Arap3",95,172,150,173,109,71,152,132
"Arc",70,73,100,111,91,58,84,69
"Arcn1",7481,13944,13205,15050,13175,7129,15258,14329
"Areg",86,109,100,124,137,75,107,95
"Arel1",1346,2709,2641,2620,2818,1394,2705,2573
"Arf1",12929,24093,26116,24322,25468,12372,21683,24627
"Arf2",2447,4432,4909,4711,4339,2356,4171,4765
"Arf3",5350,10274,10386,10309,10789,4863,9035,9842
"Arf4",10541,18179,19863,20259,19286,9901,18254,19511
"Arf5",1991,3414,3962,3663,3357,1929,3226,3513
"Arf6",2677,5498,4554,5498,5020,3058,6020,5248
"Arfgap1",2086,4160,4034,4005,3897,1994,3622,3808
"Arfgap2",2469,4540,4764,4649,4587,2266,4258,4624
"Arfgap3",3378,6687,6971,6569,6799,3084,5629,6513
"Arfgef1",896,2968,2023,2251,2174,1276,3783,2431
"Arfgef2",1148,2738,2481,2615,3121,1063,2630,2644
"Arfgef3",1,1,0,1,0,0,0,0
"Arfip1",2275,4740,4077,5124,4479,2735,5689,4955
"Arfip2",1073,1999,2187,2113,2216,980,1864,2085
"Arfrp1",647,1303,1429,1265,1423,668,1236,1339
"Arg1",0,5,10,6,27,5,4,12
"Arg2",2,5,2,1,6,6,4,7
"Arglu1",904,1720,1688,1936,1752,1111,2199,2046
"Arhgap1",3147,5413,6659,6244,5617,2691,5224,6220
"Arhgap10",1430,2777,2798,2918,2983,1258,2491,2824
"Arhgap11a",1242,2096,1588,2320,1646,1181,2576,1942
"Arhgap12",408,1176,842,1012,1055,471,1369,1042
"Arhgap17",687,1374,1324,1385,1366,674,1225,1373
"Arhgap18",330,880,528,717,670,355,835,653
"Arhgap19",338,572,520,597,431,276,521,460
"Arhgap20",0,3,2,2,3,3,4,5
"Arhgap21",1654,3679,2935,3578,3030,1864,4261,3475
"Arhgap22",1700,3118,2474,2739,2950,1580,2442,2321
"Arhgap23",2098,3847,3926,4005,3681,1865,3700,3932
"Arhgap24",812,1628,1533,1579,1905,786,1598,1579
"Arhgap25",1,0,1,2,1,0,0,1
"Arhgap26",26,84,58,45,154,35,81,45
"Arhgap27",14,20,15,20,15,12,15,9
"Arhgap28",1527,2817,3438,3326,2619,1555,3341,3473
"Arhgap29",1566,4595,2359,3446,3462,2087,4490,3119
"Arhgap30",0,3,1,1,2,0,8,2
"Arhgap31",1425,2592,2299,2739,2372,1174,2507,2482
"Arhgap32",420,856,626,812,759,476,964,718
"Arhgap33",98,209,137,172,202,106,194,146
"Arhgap35",2667,5383,4690,5085,5408,2373,5119,4626
"Arhgap39",451,861,905,871,912,420,821,885
"Arhgap4",5,13,13,10,13,4,10,17
"Arhgap42",1343,3329,2778,3287,2441,1789,4493,3473
"Arhgap44",235,547,445,411,720,278,433,380
"Arhgap5",301,1011,673,649,825,355,887,722
"Arhgap6",9,33,11,14,11,4,13,8
"Arhgap8",0,1,2,0,0,0,1,0
"Arhgap9",5,18,11,9,17,13,16,13
"Arhgdia",16471,30857,31319,30243,31752,15348,26206,28998
"Arhgdib",2028,4568,5004,4331,4888,1799,3780,4694
"Arhgdig",100,154,146,171,113,81,138,170
"Arhgef1",1624,2918,2960,2945,3100,1461,2689,2804
"Arhgef10",1911,3849,3154,3513,3819,1709,3290,3042
"Arhgef10l",1343,3290,3063,2675,3248,1204,2501,2677
"Arhgef11",920,1919,1624,1643,1846,822,1732,1576
"Arhgef12",2533,5454,3997,5037,5004,2735,6111,4704
"Arhgef15",10,25,12,21,22,11,21,19
"Arhgef16",0,0,2,1,1,0,0,2
"Arhgef17",3479,6926,6497,6697,5857,2977,6129,6244
"Arhgef18",920,1930,1919,1829,1958,845,1773,1794
"Arhgef19",1815,3093,3156,3167,2671,1624,2896,2985
"Arhgef2",8844,18288,18213,17273,18096,8815,17861,17672
"Arhgef25",1810,3353,3144,3400,3123,1732,3049,2964
"Arhgef26",208,286,317,379,256,215,408,379
"Arhgef28",23,35,38,38,53,18,35,26
"Arhgef3",266,415,409,458,396,223,496,442
"Arhgef33",0,1,3,1,1,1,0,2
"Arhgef37",64,104,139,112,83,60,134,106
"Arhgef39",168,205,258,275,152,139,252,234
"Arhgef4",36,58,77,85,77,25,58,88
"Arhgef40",3493,6093,6208,6425,6026,3008,5672,5912
"Arhgef5",1775,3319,3503,3309,3381,1725,3535,3361
"Arhgef6",111,175,245,267,169,82,282,259
"Arhgef7",1396,2829,2710,2667,2631,1325,2590,2572
"Arhgef9",344,693,653,787,574,332,782,732
"Arid1a",2126,4080,3684,4069,3743,2086,4077,3797
"Arid1b",1031,2548,2149,2216,2414,1151,2560,2316
"Arid2",1140,3011,1925,2580,2401,1504,3634,2466
"Arid3a",166,469,386,393,475,243,476,446
"Arid3b",66,119,159,130,110,56,125,105
"Arid4a",187,670,484,513,501,317,859,586
"Arid4b",207,692,463,532,569,254,680,576
"Arid5a",901,1600,1417,1492,2010,861,1305,1295
"Arid5b",818,2267,1747,1956,2132,703,2114,1908
"Arih1",2453,5451,4488,5512,4923,3024,7030,5498
"Arih2",1963,3466,3850,3640,3680,1779,3523,3544
"Arl1",3958,7185,8131,7668,7753,4124,7396,7954
"Arl10",170,303,307,297,341,186,258,287
"Arl13a",0,1,1,0,0,1,3,0
"Arl13b",378,992,738,868,886,459,1076,867
"Arl14ep",833,2174,1518,1906,2235,1138,2526,1916
"Arl14epl",2,15,14,9,35,8,12,12
"Arl15",619,1314,1207,1202,1557,641,1234,1259
"Arl16",266,544,654,563,608,312,516,597
"Arl2",1098,2126,2334,2008,2213,990,1854,2072
"Arl2bp",4336,7649,9091,8424,7980,4002,7971,8817
"Arl3",809,1461,1532,1578,1537,732,1340,1479
"Arl4a",153,303,396,328,359,248,490,405
"Arl4c",2072,3024,2806,3533,2878,2032,3206,2918
"Arl4d",118,193,318,278,181,106,244,324
"Arl5a",1046,2746,1974,2336,1972,1521,3728,2565
"Arl5b",150,484,343,412,348,214,682,439
"Arl5c",83,201,206,139,165,116,167,144
"Arl6",395,732,695,787,781,397,760,774
"Arl6ip1",3477,5216,5367,5891,5062,2856,5052,5310
"Arl6ip4",736,1394,1766,1459,1603,813,1385,1693
"Arl6ip5",11344,23277,27767,22487,21160,11398,22581,25535
"Arl6ip6",527,986,808,1094,1084,605,1186,992
"Arl8a",1753,3661,3818,3363,4669,1882,2991,3488
"Arl8b",2610,5236,5227,5009,5483,2483,4953,5106
"Arl9",0,1,0,1,0,1,2,0
"Armc1",1267,2415,2414,2543,2466,1360,2765,2534
"Armc10",593,1200,1169,1149,1261,587,1155,1244
"Armc2",32,54,49,66,44,39,46,66
"Armc5",443,869,662,760,816,402,691,701
"Armc6",685,1189,1373,1203,1150,641,1220,1260
"Armc7",140,244,349,283,323,126,239,286
"Armc8",728,1395,1196,1482,1257,820,1715,1462
"Armc9",389,720,747,709,773,340,629,709
"Armcx1",513,1065,1129,1194,1285,636,1408,1267
"Armcx2",2834,5107,5574,5614,4717,2483,4929,5438
"Armcx3",1105,2005,1813,1943,1717,1134,2187,1947
"Armcx4",647,1541,1485,1541,1218,855,2507,1802
"Armcx5",152,316,294,330,292,197,402,356
"Armcx6",172,393,444,347,336,160,353,390
"Armt1",783,1366,1493,1496,1349,779,1482,1534
"Arnt",2277,4477,4420,4469,4462,2161,4427,4304
"Arnt2",424,787,805,777,741,377,762,732
"Arntl",816,1457,1276,1467,1822,788,1409,1260
"Arntl2",109,213,143,207,192,94,211,149
"Arpc1a",1761,3179,3250,3299,3303,1580,2825,3192
"Arpc1b",5993,11625,11615,11559,12496,5189,9682,11328
"Arpc2",7195,12660,15063,14417,13076,6771,12889,14778
"Arpc3",2650,4870,5641,5040,5197,2725,4427,5354
"Arpc4",3085,5070,5857,5554,5076,2912,4719,5517
"Arpc5",4611,7446,9291,9446,8024,4607,8692,9655
"Arpc5l",1240,2270,2657,2483,2647,1312,2205,2734
"Arpin",837,1393,1403,1485,1343,663,1233,1370
"Arpp19",1732,3660,3175,3673,3299,1888,4096,3671
"Arpp21",623,1020,1193,1137,828,800,1419,1209
"Arrb1",616,1075,1019,1139,979,474,1013,973
"Arrb2",396,752,711,727,784,355,684,726
"Arrdc1",158,252,203,288,297,133,226,253
"Arrdc2",148,280,355,313,337,145,281,346
"Arrdc3",431,1016,981,1182,1434,516,1106,1190
"Arrdc4",25,69,81,84,120,22,82,96
"Arsa",1224,2845,2179,2316,2932,1172,1917,2125
"Arsb",1675,2763,3059,3178,2620,1427,3030,3003
"Arsg",47,155,166,125,133,50,106,137
"Arsi",45,44,48,65,46,34,51,54
"Arsj",412,711,820,1025,744,423,909,1021
"Arsk",268,523,526,585,633,265,530,577
"Art1",173,267,543,319,291,216,441,466
"Art2a-ps",0,0,1,0,0,0,1,1
"Art3",35,43,59,63,27,25,69,49
"Art5",35,74,89,67,59,56,90,97
"Artn",81,151,88,114,157,91,107,92
"Arv1",93,164,167,159,175,91,153,175
"Arvcf",487,1061,1049,971,1030,445,862,947
"Arx",76,70,133,106,78,74,131,105
"Arxes1",1,3,4,4,4,2,3,2
"Arxes2",108,172,153,192,166,102,197,172
"As3mt",302,620,561,516,553,311,571,493
"Asah1",4222,9418,8631,8640,11006,4310,8636,8867
"Asah2",224,521,367,476,407,316,590,448
"Asap1",4034,8361,6522,8249,7317,4168,8244,7188
"Asap2",305,512,554,540,567,270,556,486
"Asap3",496,1000,1060,1007,1064,473,957,1023
"Asb1",556,1610,1303,1186,1247,428,1445,1172
"Asb10",0,3,4,1,0,1,5,3
"Asb11",5,5,4,7,3,4,9,9
"Asb12",1,2,0,1,1,0,1,0
"Asb13",98,188,180,184,189,94,196,172
"Asb14",15,35,44,34,21,30,50,46
"Asb15",5,4,6,8,4,2,3,8
"Asb16",21,37,41,38,35,22,50,34
"Asb2",121,165,292,241,128,139,257,307
"Asb3",495,1058,1079,948,997,495,1033,1054
"Asb4",0,0,2,0,0,1,0,1
"Asb5",6476,14411,15045,13147,15753,7244,13281,14988
"Asb6",809,1562,1763,1601,1647,687,1351,1608
"Asb7",482,970,819,933,921,455,1032,863
"Asb8",1279,2390,2811,2523,2274,1268,2480,2654
"Ascc1",486,1187,934,896,1187,501,810,870
"Ascc2",911,1885,1914,1658,1907,829,1788,1591
"Ascc3",528,1717,828,1203,996,688,2045,1211
"Ascl3",1,1,0,1,4,1,2,1
"Ascl5",0,3,0,1,1,0,2,3
"Asf1a",467,840,997,1069,928,543,1092,1159
"Asf1b",1430,1689,2095,2318,1433,1218,2164,2033
"Asgr1",3,4,8,7,3,2,3,8
"Asgr2",4,3,12,7,4,5,10,14
"Ash1l",941,3032,1550,2134,1982,1359,3285,2040
"Ash2l",2153,3899,4387,4229,3942,2042,4034,4242
"Asic1",90,203,189,175,263,107,187,190
"Asic3",3,6,5,8,3,5,8,10
"Asic4",0,0,3,0,1,2,0,2
"Asl",706,1585,1450,1329,1548,792,1276,1358
"Asmt",1,3,0,3,1,3,3,1
"Asna1",2740,5537,5948,5168,5915,2703,4942,5457
"Asns",1267,3992,3166,2435,5749,1260,2413,2565
"Asnsd1",1390,2783,2470,2676,2654,1529,2892,2623
"Aspa",68,110,150,147,80,99,157,183
"Aspg",3,3,6,5,9,5,5,4
"Asph",2086,4319,3533,4380,3789,2174,4780,4199
"Asphd2",15,27,37,31,26,18,26,35
"Aspm",509,1023,551,846,484,523,1478,708
"Aspn",111,248,161,263,85,78,217,223
"Asprv1",13,15,24,18,23,27,32,25
"Aspscr1",897,1755,1798,1679,1979,811,1503,1664
"Asrgl1",180,293,407,371,324,140,352,397
"Aste1",149,269,301,285,292,173,313,278
"Astn1",2,2,4,4,4,2,1,3
"Asun",1110,1855,2015,2149,1968,1101,2015,2063
"Asxl1",2222,3947,3946,4027,3795,2067,4128,3796
"Asxl2",652,1927,1163,1493,1453,842,2244,1525
"Atad1",1945,4285,3806,4351,4262,2333,5237,4541
"Atad2",662,1972,766,1317,1008,847,2489,1182
"Atad2b",308,1062,598,764,756,524,1439,806
"Atad3a",1101,1941,2379,2185,2092,1053,2020,2307
"Atad3aos",4,19,15,11,16,6,17,18
"Atad5",124,353,145,243,143,147,414,229
"Atat1",517,1157,1121,1040,1029,579,1050,1117
"Atcay",1,8,10,4,3,5,12,10
"Atcayos",16,8,23,20,9,9,9,28
"Ate1",1028,2172,1935,2266,2110,1303,2677,2324
"Atf1",1349,2612,2389,2661,2926,1587,2952,2626
"Atf2",778,2208,1309,1900,1725,1089,2624,2009
"Atf3",71,281,115,119,431,71,95,106
"Atf4",6783,14490,13015,12336,21887,7148,12007,12617
"Atf5",1440,3653,3149,2629,5024,1611,2418,2786
"Atf6",2978,7260,5873,6422,6914,3129,7495,6557
"Atf6b",1184,2452,2433,2341,2973,1008,1897,2260
"Atf7",2363,4515,4318,4599,4471,2197,4813,4327
"Atf7ip",1159,2029,1883,2110,2157,1065,2103,1885
"Atg10",212,421,383,417,409,246,432,458
"Atg101",681,1337,1473,1290,1524,652,1228,1348
"Atg12",1422,2735,2697,2762,3291,1356,2894,2792
"Atg13",1327,3083,2849,2626,3244,1133,2374,2647
"Atg14",351,719,695,680,885,336,725,742
"Atg16l1",867,1769,1856,1685,1790,851,1739,1749
"Atg16l2",260,546,429,462,451,234,465,439
"Atg2a",872,1977,1650,1571,1975,800,1588,1583
"Atg2b",1555,2985,2941,3042,3145,1312,3061,2938
"Atg3",1317,2285,2547,2704,2591,1261,2662,2759
"Atg4a",7,6,5,7,6,4,8,3
"Atg4b",1273,2544,2928,2509,2743,1229,2437,2607
"Atg4c",420,893,910,949,945,481,1045,994
"Atg4d",424,798,744,689,780,380,655,627
"Atg5",1024,1928,1880,1931,1971,953,1967,1834
"Atg7",1120,1876,2119,1926,2211,989,1700,1916
"Atg9a",1400,2850,2871,2630,2761,1263,2551,2663
"Atg9b",65,128,88,106,108,78,140,100
"Athl1",698,1320,1239,1302,1183,660,1145,1224
"Atic",3159,5276,6938,6292,6262,2761,5537,6593
"Atl1",85,178,110,147,126,96,146,132
"Atl2",1732,3005,3206,3501,2921,1863,3919,3443
"Atl3",3523,7362,6142,8206,6927,3747,8961,7730
"Atm",268,935,588,683,717,386,1234,727
"Atmin",499,943,916,851,885,475,908,808
"Atn1",2341,4783,4190,4295,4777,2205,4167,3907
"Atoh8",872,1464,1508,1624,1290,624,1285,1432
"Atox1",749,1504,1596,1430,1589,804,1282,1487
"Atp10a",365,672,613,654,674,334,645,594
"Atp10b",15,20,10,13,18,10,13,6
"Atp10d",204,455,486,452,489,242,531,460
"Atp11a",2513,5483,4313,4730,5346,2380,5028,4396
"Atp11b",569,1896,1236,1522,1383,912,2441,1617
"Atp11c",133,443,234,298,317,167,520,293
"Atp13a1",1328,2694,2670,2533,2695,1117,2432,2544
"Atp13a2",546,1149,1059,956,1093,474,885,907
"Atp13a3",4530,13631,9350,11026,9806,6838,19271,12016
"Atp13a5",10,11,18,11,19,15,26,13
"Atp1a1",11965,22653,26160,23426,21291,11036,23301,24385
"Atp1a2",1104,2186,2813,2026,2004,1391,2735,2638
"Atp1a3",360,946,492,504,938,434,528,407
"Atp1a4",0,2,1,1,2,1,4,5
"Atp1b1",735,1006,1803,1549,1032,820,1617,1797
"Atp1b2",25,23,36,42,27,17,42,36
"Atp1b3",4674,7999,10002,9101,9594,4287,8824,9724
"Atp1b4",1,1,1,1,0,1,3,0
"Atp2a1",7669,14342,20220,14347,11781,8768,17642,17661
"Atp2a2",11032,22267,26032,22309,23483,11577,25742,25091
"Atp2a3",44,120,126,85,118,50,125,121
"Atp2b1",1527,5506,2870,3363,4124,2130,5418,3337
"Atp2b4",6157,9918,10247,11813,7779,6070,12302,10512
"Atp2c1",1673,3560,2926,3457,3754,1839,3954,3292
"Atp2c2",2,3,0,2,2,1,0,0
"Atp5a1",18492,33495,40789,36021,32165,17223,33094,37986
"Atp5b",35231,62357,74103,65338,57476,32322,60599,67106
"Atp5c1",6044,11205,12482,11161,10530,5614,10467,11693
"Atp5d",5486,10057,11511,10279,9203,5042,9318,10595
"Atp5e",1562,2844,3436,3079,3164,1485,2680,3296
"Atp5f1",6108,10556,13045,11659,10637,6134,11160,12298
"Atp5g1",2161,3885,4429,4132,3880,2039,3933,4438
"Atp5g2",3939,6365,6974,6632,6544,3710,5954,6619
"Atp5g3",7573,13777,15765,14586,12791,7339,13528,15398
"Atp5h",3111,5969,6827,6142,5967,3087,5578,6383
"Atp5j",2521,4330,5151,4852,4372,2601,4414,5184
"Atp5j2",2265,4128,5000,4435,4147,2216,4002,4751
"Atp5k",540,1003,1277,1112,1032,601,1054,1155
"Atp5l",3258,5338,6470,5844,5865,3422,5061,6355
"Atp5o",4476,7880,9312,8609,7410,3990,7730,9100
"Atp5s",129,268,202,258,216,133,270,245
"Atp5sl",238,493,483,435,522,208,387,428
"Atp6ap1",5276,12392,11445,10259,13928,4929,9712,10819
"Atp6ap2",3355,6657,6465,6822,6629,3309,7302,6991
"Atp6v0a1",1372,2780,3146,2760,2743,1394,2741,2898
"Atp6v0a2",2881,5674,6733,5970,5855,2869,6023,6396
"Atp6v0a4",0,0,3,1,3,0,2,4
"Atp6v0b",2507,6421,5792,4700,6960,2621,4676,5042
"Atp6v0d1",2139,4415,4520,3972,4637,1959,3557,4057
"Atp6v0d2",0,33,1,0,7,1,7,0
"Atp6v0e",1800,3848,3656,3398,4143,1863,2990,3507
"Atp6v0e2",151,300,322,248,272,155,273,300
"Atp6v1a",3477,8417,7605,8027,7815,3617,9167,8519
"Atp6v1b1",0,1,1,0,0,0,1,0
"Atp6v1b2",2409,5798,5296,4652,6813,2357,4389,4797
"Atp6v1c1",1805,3791,3941,3618,4399,1888,3590,3813
"Atp6v1c2",87,91,318,179,108,119,235,272
"Atp6v1d",2052,4263,4850,3964,4530,2218,4252,4455
"Atp6v1e1",3020,6149,6932,5720,6707,3228,5935,6335
"Atp6v1e2",1,0,3,1,0,0,0,1
"Atp6v1f",905,2213,2283,1882,2628,950,1725,2097
"Atp6v1g1",6470,12232,13890,11754,13363,6761,11341,12792
"Atp6v1g2",29,58,59,72,71,36,59,88
"Atp6v1h",1862,3680,4402,4002,4675,1814,3847,4401
"Atp7a",462,1636,975,1246,1272,759,2123,1307
"Atp7b",4,7,0,3,6,1,4,1
"Atp8a1",5,2,1,6,2,5,2,3
"Atp8a2",1,0,2,1,2,1,0,1
"Atp8b1",53,146,109,113,95,81,174,118
"Atp8b2",3207,6456,6736,6523,6856,2814,5979,6181
"Atp8b3",3,5,4,6,1,0,3,6
"Atp8b4",14,29,15,23,43,12,16,23
"Atp8b5",6,16,8,7,9,5,6,5
"Atp9a",29,50,101,59,61,53,70,80
"Atp9b",1709,3328,3405,3404,3521,1504,3070,3210
"Atpaf1",397,608,609,618,568,375,592,574
"Atpaf2",672,1128,1252,1199,1250,561,1114,1222
"Atpif1",1721,3131,3752,3283,3297,1778,3153,3419
"Atr",202,712,337,464,408,297,800,441
"Atraid",1550,2926,3453,2798,3211,1586,2660,3104
"Atrip",372,588,752,681,659,363,635,681
"Atrn",1359,2888,2507,2896,2824,1339,3057,2765
"Atrnl1",1181,2744,1805,2300,2919,1242,2422,2055
"Atrx",398,1298,856,931,983,549,1355,1056
"Atxn1",559,1515,854,1284,1055,893,1558,1218
"Atxn10",5349,9417,10681,10436,9745,4889,9011,10585
"Atxn1l",1579,2818,2603,2913,2526,1327,2819,2580
"Atxn2",2028,3943,3611,4072,3537,2156,4130,4103
"Atxn2l",2798,5111,4165,4744,4884,2542,4649,4261
"Atxn3",356,1024,724,867,835,576,1389,900
"Atxn7",215,659,359,455,488,342,801,434
"Atxn7l1",492,837,807,914,889,491,896,883
"Atxn7l1os2",3,7,0,3,2,0,2,0
"Atxn7l2",132,251,213,224,231,111,211,207
"Atxn7l3",2186,3920,3800,3796,3894,1921,3584,3522
"Atxn7l3b",2331,4297,4695,4946,4658,2496,4609,4911
"AU015791",1,4,8,3,0,1,6,2
"AU015836",1,1,0,3,1,0,1,2
"AU018091",220,386,278,347,300,192,283,246
"AU019823",411,897,744,833,863,591,1042,808
"AU021092",15,20,18,21,40,19,18,23
"AU022252",401,785,805,740,778,317,697,709
"AU023762",2,0,1,3,1,3,0,1
"AU040320",1186,2733,2359,2213,2538,1123,2203,2167
"AU041133",20,57,41,37,35,30,57,30
"Auh",327,707,769,660,915,303,577,699
"Aunip",211,221,239,319,187,183,256,245
"Aup1",1559,3299,3055,2774,3499,1549,2639,2782
"Aurka",1112,1351,1502,1801,1152,959,1503,1425
"Aurkaip1",1386,2377,2879,2540,2606,1259,2273,2694
"Aurkb",1148,1363,1406,1824,1045,889,1519,1433
"Auts2",573,1197,986,1117,1333,566,1263,1073
"AV039307",3,5,11,10,2,5,9,11
"AV051173",4,4,4,4,9,1,4,5
"Aven",262,464,471,453,558,218,419,456
"Avil",7,24,9,16,85,9,5,14
"Avl9",335,1020,559,734,865,415,1017,664
"Avpi1",682,1194,1540,1266,1265,637,1138,1370
"Avpr1a",26,132,139,136,374,22,64,158
"AW011738",12,30,32,29,34,17,35,34
"AW046200",6,17,19,13,27,9,10,11
"AW112010",0,5,3,1,1,0,4,6
"AW146154",34,80,55,66,80,24,86,69
"AW209491",416,749,950,773,939,411,773,884
"AW549542",2,6,2,6,12,0,7,10
"AW549877",1114,3547,2396,3097,3401,1594,4016,3275
"AW551984",0,0,3,0,1,1,2,0
"AW554918",244,490,381,475,411,235,504,418
"Awat2",23,37,32,35,28,20,39,23
"Axin1",1607,3146,3005,2965,3057,1421,2710,2746
"Axin2",128,277,300,258,216,159,301,274
"Axl",9971,19675,19072,19097,19369,8992,16510,17759
"AY074887",0,1,2,1,1,2,1,1
"AY358078",0,1,1,0,0,0,1,2
"Azgp1",0,0,0,1,0,1,0,1
"Azi2",833,1956,1455,1689,1732,1084,2245,1725
"Azin1",5139,10274,8902,10477,10151,5891,11878,9880
"Azin2",1048,2232,2158,2147,2655,976,1737,2052
"B130006D01Rik",0,2,0,0,0,0,2,1
"B130024G19Rik",4,7,10,14,5,1,17,14
"B130034C11Rik",2,11,9,7,7,6,14,7
"B230118H07Rik",431,822,873,811,775,444,791,826
"B230119M05Rik",2,7,4,6,1,4,6,8
"B230206H07Rik",0,1,1,0,2,0,1,0
"B230208H11Rik",24,17,42,31,21,16,29,32
"B230209E15Rik",0,1,0,1,0,1,2,3
"B230216N24Rik",4,15,7,10,10,6,14,15
"B230217C12Rik",36,59,52,66,52,17,58,44
"B230217O12Rik",23,49,53,52,56,24,48,57
"B230219D22Rik",2282,5937,4379,5463,5050,2841,7113,5446
"B230307C23Rik",32,67,63,67,65,28,82,80
"B230312C02Rik",4,7,11,5,12,2,8,17
"B230319C09Rik",7,6,7,13,3,1,6,11
"B230354K17Rik",353,977,798,1001,875,515,1318,1056
"B2m",7669,18091,15262,15844,19842,8502,14577,16722
"B330016D10Rik",15,38,49,39,50,16,34,51
"B3galnt1",865,1451,1599,1756,1391,841,1617,1679
"B3galnt2",773,1387,1449,1531,1489,805,1639,1515
"B3galt1",19,29,10,26,8,22,28,9
"B3galt2",12,19,29,24,12,12,32,36
"B3galt4",29,70,49,49,76,32,38,51
"B3galt5",33,47,138,94,49,45,121,108
"B3galt6",227,403,408,433,483,196,348,399
"B3gat2",13,27,19,29,20,21,44,27
"B3gat3",385,759,807,697,737,392,703,706
"B3glct",641,1248,1125,1354,1255,614,1308,1248
"B3gnt2",1232,2235,2382,2297,2493,1284,2355,2257
"B3gnt3",0,1,1,0,1,0,0,0
"B3gnt4",4,1,2,4,7,2,2,7
"B3gnt5",45,95,92,88,52,50,124,105
"B3gnt6",3,2,2,4,3,0,5,3
"B3gnt7",1,1,0,1,0,0,1,0
"B3gnt8",104,139,164,184,117,110,152,188
"B3gnt9",551,1101,1073,1015,1012,504,899,941
"B3gntl1",132,236,241,239,237,122,268,226
"B430010I23Rik",0,2,1,1,1,5,4,1
"B430212C06Rik",21,15,18,34,16,11,18,31
"B430319G15Rik",34,41,63,70,60,40,54,71
"B4galnt1",1159,2209,2224,2116,2294,1048,1858,1972
"B4galnt2",8,12,16,11,19,1,20,13
"B4galnt3",16,29,31,26,24,20,25,29
"B4galnt4",20,52,61,46,56,33,40,44
"B4galt1",4971,9615,10566,9860,10879,4883,9259,10150
"B4galt2",1220,2108,2233,2260,1975,1072,1911,2099
"B4galt3",530,1093,1327,1172,1228,579,1100,1328
"B4galt4",289,483,576,554,558,279,494,591
"B4galt5",2898,7544,5076,5027,7450,2684,4862,4615
"B4galt6",864,2103,1779,2020,1685,1179,2835,2180
"B4galt7",522,1099,1209,993,1311,463,972,1079
"B4gat1",1446,2939,3340,2881,2873,1431,2593,3112
"B630005N14Rik",310,1006,632,794,755,424,1341,887
"B630019K06Rik",80,134,128,155,177,77,149,138
"B930018H19Rik",1,1,0,1,1,1,1,1
"B930041F14Rik",181,385,549,463,538,194,326,547
"B930059L03Rik",0,4,18,5,5,2,10,12
"B9d1",214,435,353,392,449,212,347,370
"B9d2",192,319,327,308,351,153,273,291
"Baalc",272,430,424,420,309,255,429,376
"Baat",0,3,0,1,0,1,0,1
"Babam1",1480,2544,2860,2724,2636,1375,2246,2742
"Bace1",2985,4850,5536,5816,4426,2608,5593,5521
"Bace2",92,189,189,196,153,85,175,206
"Bach1",1166,2613,1775,2445,2208,1332,2921,2238
"Bach2",55,108,53,105,87,47,125,69
"Bach2os",0,3,2,0,0,2,1,0
"Bad",669,1248,1349,1211,1340,655,1045,1190
"Bag1",3983,7835,8918,7561,8065,4199,7769,8733
"Bag2",1364,2071,2813,2532,2063,1334,2349,2630
"Bag3",2664,5105,5647,5228,4671,2668,4546,5431
"Bag4",535,951,993,1024,1052,495,1055,986
"Bag5",1395,2341,2446,2547,2542,1373,2281,2363
"Bag6",6023,11331,11409,10997,10953,5392,10012,10804
"Bahcc1",753,1292,1200,1429,1326,692,1421,1263
"Bahd1",806,1619,1718,1657,1538,762,1530,1693
"Baiap2",1220,1976,2069,2253,1986,944,1780,2016
"Baiap2l1",2150,3734,4226,3652,3186,2474,4324,4045
"Baiap2l2",3,5,14,5,8,7,11,7
"Bak1",1734,3125,3421,3138,3014,1674,3022,3056
"Bambi",22,51,34,42,48,20,48,43
"Bambi-ps1",2,5,5,4,6,2,3,2
"Banf1",2406,4204,4926,4460,4351,2289,4034,4604
"Bank1",0,2,1,1,2,2,2,2
"Banp",529,1093,1235,1129,1092,528,1129,1170
"Bap1",1834,3446,3633,3408,3464,1750,3186,3215
"Bard1",282,420,313,491,341,273,514,379
"Barhl1",1,3,2,1,1,4,2,2
"Barx2",0,3,2,0,0,1,4,1
"Basp1",2733,5083,4594,5145,4880,3353,4901,4862
"Batf",5,12,8,6,16,5,6,5
"Batf2",0,2,7,2,7,3,5,3
"Batf3",3,2,3,4,0,1,1,1
"Bax",1482,2970,3202,2825,3770,1504,2490,2987
"Baz1a",663,1628,1235,1433,1307,958,2189,1437
"Baz1b",3504,6584,6170,7430,6612,3652,7999,7019
"Baz2a",1668,3391,3905,3637,3343,1655,3926,3830
"Baz2b",461,1353,906,1096,1044,660,1584,1128
"BB014433",1,2,2,2,0,4,9,3
"BB123696",1,1,1,2,1,0,0,1
"BB557941",4,9,1,4,6,3,5,4
"Bbc3",143,285,299,261,387,191,266,257
"Bbip1",387,844,644,792,728,473,865,793
"Bbox1",0,7,3,0,0,1,9,1
"Bbs1",408,777,685,717,705,363,707,643
"Bbs10",78,178,219,207,186,86,204,224
"Bbs12",99,220,187,232,241,113,258,249
"Bbs2",715,1440,1314,1450,1352,633,1257,1377
"Bbs4",210,386,458,441,497,202,436,471
"Bbs5",256,495,517,544,554,280,595,586
"Bbs7",207,406,416,482,404,241,533,459
"Bbs9",346,671,623,634,631,292,608,569
"Bbx",835,2682,1483,2090,1673,1211,3338,2083
"BC002163",6,11,8,12,8,5,11,20
"BC003331",411,1463,817,942,1042,567,1475,1015
"BC003965",451,873,1076,893,909,495,901,1003
"BC004004",2638,5272,5375,4973,5059,2444,4496,4963
"BC005537",5018,8888,9884,10250,9235,4853,10611,10508
"BC005561",38,120,98,88,76,40,123,94
"BC005624",855,1702,1772,1645,1794,884,1579,1649
"BC017158",351,594,555,581,612,329,524,575
"BC017643",1150,2040,2265,2118,2326,1073,1882,2142
"BC020402",27,84,97,83,95,27,86,108
"BC021614",2,1,0,1,1,0,2,1
"BC021767",0,3,5,3,2,2,0,3
"BC021785",2,2,4,3,2,0,2,3
"BC022687",370,1264,1355,881,3137,382,822,1104
"BC023829",1228,2576,2755,2478,3014,1100,2167,2592
"BC024139",0,4,3,3,7,1,2,8
"BC024978",83,178,185,162,184,85,204,203
"BC025920",17,34,36,39,40,13,43,40
"BC027231",479,996,939,951,959,554,1077,999
"BC028528",37,49,45,41,48,38,43,43
"BC029214",378,719,901,737,753,448,700,804
"BC029722",649,1324,1319,1191,1331,673,1085,1183
"BC030336",474,1187,848,1077,1030,581,1438,1091
"BC030499",2,2,6,7,0,3,5,7
"BC030867",220,244,216,297,194,147,252,198
"BC031181",1422,2884,2970,2829,2939,1541,2574,3001
"BC031361",19,41,46,49,47,14,48,51
"BC035044",0,0,1,0,9,0,2,2
"BC037032",3,12,7,14,11,10,15,20
"BC037034",221,439,460,467,505,237,470,512
"BC037704",8,23,39,25,34,7,38,36
"BC039771",38,51,87,71,56,36,56,57
"BC039966",27,49,53,43,40,20,43,39
"BC046251",0,0,1,1,0,2,0,1
"BC048403",176,377,297,316,445,182,357,301
"BC048502",0,1,1,0,0,5,1,1
"BC048609",0,1,2,0,2,1,1,0
"BC049715",0,1,0,1,0,0,1,1
"BC049762",0,0,0,0,2,1,0,2
"BC051019",231,298,510,383,282,259,451,432
"BC051226",11,17,30,24,31,12,19,25
"BC052040",208,413,348,399,394,197,407,377
"BC055324",254,417,368,414,363,213,410,342
"BC061237",1,1,1,2,2,1,0,0
"BC064078",6,7,12,17,15,8,12,20
"BC065397",11,23,7,20,17,4,23,19
"BC068281",213,388,407,366,387,228,401,341
"BC094916",1,1,0,0,1,2,1,1
"BC100451",17,25,37,34,33,12,32,41
"Bcam",827,1435,1911,1482,1238,916,1597,1744
"Bcan",1,12,4,2,3,4,13,2
"Bcap29",344,892,690,842,725,415,1096,867
"Bcap31",4182,9276,8372,7768,9819,4053,7030,7864
"Bcar1",2658,4369,4562,4761,3697,2303,4183,4368
"Bcar3",1265,2369,2290,2525,2306,1223,2198,2409
"Bcas1",1,2,1,5,6,2,3,5
"Bcas2",1271,2475,2687,2562,2745,1334,2485,2726
"Bcas3",669,1448,1366,1202,1366,601,1193,1254
"Bcat1",1072,2102,2205,2075,2954,970,1944,2102
"Bcat2",979,2057,2128,1798,1979,929,1677,1838
"Bccip",689,1089,1459,1384,1549,704,1314,1489
"Bcdin3d",122,224,222,249,247,140,243,264
"Bche",0,2,4,0,2,4,2,1
"Bckdha",845,1717,1897,1636,1865,834,1462,1748
"Bckdhb",42,74,87,86,66,36,64,91
"Bckdk",1350,2360,2528,2490,2478,1245,2153,2403
"Bcl10",1769,2967,3087,3181,3317,1676,2786,3089
"Bcl11b",1,1,3,1,1,0,1,0
"Bcl2",181,473,231,323,368,250,504,270
"Bcl2l1",1123,2248,2473,2069,2925,1160,2034,2217
"Bcl2l11",652,1168,1276,1374,1391,649,1203,1305
"Bcl2l12",177,231,252,252,241,163,262,260
"Bcl2l13",1601,3019,3509,3065,3004,1531,3299,3213
"Bcl2l14",3,2,3,8,3,1,8,8
"Bcl2l15",3,4,15,10,10,3,9,11
"Bcl2l2",1130,2321,2578,2303,2664,1326,2469,2504
"Bcl3",385,832,849,756,1146,407,740,820
"Bcl6",1332,2680,2705,2751,2577,1569,3084,2819
"Bcl6b",101,123,179,200,142,80,160,180
"Bcl7a",582,1103,1127,1253,1046,597,1307,1234
"Bcl7b",602,1142,1177,1114,1249,583,1064,1119
"Bcl7c",595,838,955,931,811,514,801,877
"Bcl9",574,1130,1106,1126,1164,562,1121,1093
"Bcl9l",1575,3316,2986,3034,3057,1279,2902,2988
"Bclaf1",1432,4081,2747,3280,3044,1901,4960,3490
"Bco1",0,1,0,1,1,0,1,2
"Bco2",5,20,6,7,6,1,17,7
"Bcor",1413,2588,2476,2657,2411,1315,2597,2425
"Bcorl1",453,877,1050,975,977,446,885,1044
"Bcr",1677,3424,2583,2949,3062,1499,2610,2576
"Bcs1l",421,756,788,755,784,378,693,773
"Bdh1",13,18,19,18,14,11,20,20
"Bdh2",188,497,439,399,498,226,383,454
"Bdkrb1",186,396,365,318,457,251,333,353
"Bdkrb2",39,136,157,105,245,44,100,141
"Bdnf",354,909,559,744,744,506,995,708
"Bdp1",317,1069,593,759,697,461,1286,801
"Bean1",144,283,331,308,285,159,312,345
"Becn1",1951,3568,3890,3468,3949,2020,3494,3718
"Begain",11,23,10,27,10,11,17,24
"Bend3",392,740,665,694,754,373,704,631
"Bend4",2,1,1,2,0,0,1,0
"Bend5",16,25,53,51,34,18,39,67
"Bend6",387,724,621,844,702,352,775,781
"Best1",220,370,363,338,295,271,418,350
"Best3",38,46,88,65,58,35,74,76
"Bet1",877,1837,1626,1848,1974,1014,2028,1878
"Bet1l",668,1297,1513,1319,1351,687,1250,1457
"Bex1",3,3,7,4,1,2,5,5
"Bex2",1,3,2,0,2,0,6,3
"Bfar",746,1401,1416,1544,1445,877,1665,1617
"Bfsp1",1,2,2,1,7,1,2,1
"Bfsp2",11,17,18,13,8,11,13,11
"Bglap",1,3,5,3,4,0,2,1
"Bglap2",3,21,21,13,24,1,11,17
"Bglap3",9,17,16,24,16,6,15,21
"Bgn",108935,172792,208654,204103,159049,105212,182667,203617
"Bhlha15",1,1,3,2,2,1,0,1
"Bhlha9",0,1,1,0,2,0,1,0
"Bhlhb9",852,1613,1656,1985,1526,900,2028,1969
"Bhlhe22",0,1,1,0,0,0,1,0
"Bhlhe40",4014,7608,5579,6269,7963,4179,6181,5389
"Bhlhe41",2189,3992,3655,3768,3368,2214,3943,3654
"Bhmt",0,2,1,2,1,1,3,1
"Bicc1",618,1126,948,1231,1001,496,1148,1062
"Bicd1",35,118,66,64,66,55,132,75
"Bicd2",7136,12791,14496,14172,10927,7480,14909,14500
"Bid",896,1932,2040,1780,2196,833,1653,1920
"Bik",33,73,96,75,58,44,98,92
"Bin1",13740,28180,35146,27487,25595,13658,28275,31496
"Bin3",1001,1949,1963,1844,2051,1025,1754,1898
"Birc2",816,1501,1525,1708,1400,847,1916,1707
"Birc3",60,119,119,126,145,59,97,107
"Birc5",1478,1946,1925,2434,1546,1263,2185,1979
"Birc6",1941,5326,3176,4566,3953,2625,6600,4416
"Bivm",639,1234,1214,1368,1205,687,1414,1429
"Blcap",646,1345,1434,1355,1786,669,1253,1421
"Blk",6,4,19,9,4,7,14,18
"Blm",180,356,200,337,238,181,448,268
"Blmh",1712,3148,3495,3246,3130,1681,3268,3387
"Blnk",246,528,340,417,503,209,353,318
"Bloc1s1",860,1547,1675,1515,1513,798,1358,1485
"Bloc1s2",627,1102,1242,1114,1249,668,1094,1155
"Bloc1s3",246,541,545,484,567,238,418,508
"Bloc1s4",260,490,499,511,559,273,423,490
"Bloc1s5",519,1070,1074,1001,1075,494,931,1040
"Bloc1s6",1087,2071,1968,2054,2237,1015,2107,2124
"Blvra",507,850,905,925,834,419,746,896
"Blvrb",344,707,772,673,1001,287,540,673
"Blzf1",648,1356,1263,1407,1332,779,1621,1518
"Bmf",476,1443,1378,1218,1333,455,1053,1325
"Bmi1",1356,3512,2311,3092,2643,1764,4602,3144
"Bmp1",6889,12451,12643,12676,11128,6994,12840,12342
"Bmp15",1,1,0,1,0,2,1,0
"Bmp2",10,19,7,14,7,6,16,7
"Bmp2k",449,950,724,879,834,556,1101,864
"Bmp3",1,1,0,1,1,0,1,0
"Bmp4",1399,2284,1944,2754,1679,1348,2514,2416
"Bmp5",1,1,1,1,1,1,1,0
"Bmp6",19,22,18,26,13,8,23,17
"Bmp7",0,1,1,1,2,0,0,1
"Bmp8a",16,28,27,27,29,30,38,23
"Bmp8b",0,1,1,1,1,1,5,2
"Bmper",3353,6423,7587,7587,6886,2610,5928,7486
"Bmpr1a",2730,6686,4942,6327,5477,3309,8307,6301
"Bmpr1b",149,323,163,280,310,203,414,216
"Bmpr2",1018,3321,1756,2243,2273,1487,3990,2387
"Bms1",1417,2898,2982,3203,2878,1577,3697,3391
"Bmyc",20,34,41,41,48,23,32,38
"Bnc1",27,33,7,29,34,30,23,6
"Bnc2",539,1277,924,1131,1186,566,1367,1041
"Bnip1",439,812,844,836,815,434,756,797
"Bnip2",3909,7648,9124,8380,8860,4433,8871,9286
"Bnip3",4405,11328,3878,6034,12041,4712,6145,3676
"Bnip3l",3426,7040,4521,5972,6914,3983,6245,5062
"Bnipl",0,0,2,0,1,1,3,2
"Boc",599,1365,1071,1116,1519,537,1057,1051
"Bod1",1542,2526,3151,2749,2668,1490,2595,3023
"Bod1l",350,1035,683,802,816,420,1124,861
"Bok",1448,1875,3285,2986,1894,1227,2461,3203
"Bola1",202,362,385,394,420,201,334,389
"Bola2",225,389,457,421,509,247,392,439
"Bola3",282,592,747,627,695,298,553,736
"Bop1",2796,4653,5858,5186,4923,2587,4771,5346
"Bora",247,414,348,481,350,271,553,475
"Borg",2,5,3,2,3,3,5,0
"Bpgm",681,1214,1495,1292,1173,747,1216,1394
"Bphl",420,909,778,810,823,409,692,766
"Bpi",2,1,1,2,0,0,1,1
"Bpifb1",2,0,7,3,2,0,1,1
"Bpnt1",781,1423,1745,1572,1615,844,1632,1694
"Bptf",1303,3515,2108,2765,2708,1596,3915,2548
"Braf",345,972,546,814,723,435,1129,847
"Brap",2021,3827,3882,3798,3643,1784,3667,3720
"Brat1",611,1169,1322,1158,1233,572,1184,1171
"Brca1",367,820,448,715,494,425,978,580
"Brca2",104,209,145,198,155,106,240,191
"Brcc3",382,729,662,726,710,409,746,713
"Brd1",1872,3542,3446,3682,4035,1875,3581,3454
"Brd2",5198,10299,9097,9551,10881,4925,9045,8865
"Brd3",1512,2957,2883,3249,2930,1698,3641,3336
"Brd4",2405,4496,4178,4404,4431,2385,4393,4155
"Brd7",2274,3876,4548,4765,4080,2420,4821,4885
"Brd8",1349,2657,2351,2599,2460,1330,2762,2492
"Brd9",834,1464,1681,1695,1626,824,1572,1816
"Brdt",18,45,42,40,36,22,48,52
"Bre",1033,2152,2211,2024,2103,988,1719,2144
"Brf1",1002,1937,1988,1930,1859,892,1746,1957
"Brf2",322,587,700,586,638,305,575,623
"Bri3",679,1282,1289,1192,1596,709,1114,1319
"Bri3bp",803,1696,1815,1679,2064,794,1509,1757
"Brinp1",6,15,6,10,8,7,8,10
"Brinp3",3802,5638,8363,8468,7384,4051,8144,8833
"Brip1",244,420,268,407,304,258,514,300
"Brip1os",1943,2943,2719,3439,2626,1669,3087,2888
"Brix1",1663,3041,3232,3492,3133,1769,3571,3611
"Brk1",2248,4357,4891,4498,4860,2362,3868,4778
"Brms1",487,947,1025,898,1016,459,798,942
"Brms1l",867,1675,1804,1785,1723,894,1968,1829
"Brox",2686,4264,5067,5070,4715,2610,4951,5418
"Brpf1",855,1612,1737,1719,1684,781,1724,1777
"Brpf3",397,865,693,706,856,380,770,668
"Brsk1",261,458,424,401,545,257,378,372
"Brwd1",1144,2659,1952,2352,1967,1270,3193,2262
"Brwd3",91,336,181,229,189,142,423,220
"Bscl2",47,78,84,69,98,52,70,67
"Bsdc1",1054,2377,2187,2067,2527,1033,2020,2106
"Bsg",17749,38906,36274,34320,52665,19628,30133,34324
"Bsn",53,152,145,122,219,74,163,142
"Bspry",37,43,40,55,35,32,42,55
"Bst1",0,0,0,1,0,0,2,2
"Bst2",334,891,666,598,795,449,654,565
"Btaf1",525,1666,974,1336,1359,880,2025,1322
"Btbd1",2071,3876,3864,4079,3787,2360,4550,4226
"Btbd10",629,1047,1070,1154,1171,609,1149,1093
"Btbd11",347,922,650,622,1120,322,564,588
"Btbd16",0,0,0,0,0,1,2,2
"Btbd17",128,185,207,217,155,119,244,217
"Btbd18",3,5,2,5,2,6,4,3
"Btbd19",373,654,550,621,712,357,571,531
"Btbd2",1305,2598,2397,2422,2438,1077,2147,2325
"Btbd3",352,793,512,655,723,375,746,590
"Btbd6",455,802,930,898,815,427,802,940
"Btbd7",660,1470,1139,1325,1198,585,1510,1173
"Btbd8",9,16,5,16,14,4,21,12
"Btbd9",811,1573,1408,1474,1389,694,1318,1371
"Btc",26,67,30,51,53,37,75,47
"Btd",980,1889,1712,1750,1996,732,1354,1626
"Btf3",7027,12021,14425,12577,13656,7081,11339,13289
"Btf3l4",1164,1896,2058,1992,2100,1300,2012,2077
"Btg1",4832,8995,9601,9120,11418,4737,8077,9365
"Btg2",1218,2120,1922,2315,2047,1151,1926,2023
"Btg3",33,22,29,31,25,24,22,25
"Btk",0,0,0,1,0,2,0,1
"Btla",52,122,107,113,70,70,202,132
"Btn1a1",2,4,6,4,2,2,5,4
"Btn2a2",10,13,22,25,16,8,16,33
"Btrc",804,1585,1614,1610,1530,719,1401,1608
"Bub1",542,1186,637,1136,742,662,1535,1002
"Bub1b",1849,2358,2689,3080,1938,1344,2774,2467
"Bub3",2521,4249,4706,4489,4316,2259,4091,4383
"Bud13",349,629,721,648,639,344,607,651
"Bud31",1444,2440,2921,2555,2662,1537,2347,2741
"Bves",2353,4719,4890,4618,3916,2186,4353,4690
"Bvht",57,134,229,183,133,101,199,248
"Bysl",1125,1871,2373,2093,2080,1035,2023,2134
"Bzrap1",24,48,27,44,21,27,41,30
"Bzw1",6106,10950,11425,12803,10997,6305,13959,12964
"Bzw2",1435,2458,3158,2919,3117,1360,2674,3121
"C030006K11Rik",358,626,758,687,741,341,593,747
"C030013C21Rik",0,1,0,0,2,0,1,4
"C030016D13Rik",0,0,12,3,11,1,5,8
"C030034I22Rik",17,30,44,55,30,20,44,55
"C030037D09Rik",28,69,61,47,61,52,95,59
"C030039L03Rik",81,198,148,163,152,94,201,155
"C130021I20Rik",0,2,1,0,2,0,2,0
"C130026I21Rik",4,1,5,3,2,0,3,2
"C130036L24Rik",1,9,11,9,9,3,10,11
"C130046K22Rik",2,1,0,2,5,1,1,1
"C130050O18Rik",2,4,4,4,13,0,4,5
"C130060C02Rik",2,5,5,5,7,0,4,5
"C130071C03Rik",0,0,0,0,1,3,0,1
"C130074G19Rik",0,0,1,0,2,0,0,1
"C130080G10Rik",70,133,148,138,94,137,197,157
"C130083M11Rik",23,68,49,62,50,37,100,68
"C1d",1151,1968,2139,2311,2109,1088,2261,2279
"C1galt1",199,668,350,418,550,255,683,446
"C1galt1c1",635,1401,1248,1311,1459,822,1568,1408
"C1qbp",2591,4373,5611,4906,5515,2575,4205,5344
"C1ql1",30,28,41,48,27,28,36,44
"C1ql3",1,2,1,1,1,0,1,1
"C1ql4",2,4,4,6,1,1,0,4
"C1qtnf1",1341,3074,1993,2303,2619,1146,1940,1886
"C1qtnf2",2,6,4,3,1,2,2,2
"C1qtnf3",24127,30726,44542,43527,25686,26132,49803,45620
"C1qtnf4",5,6,3,9,5,1,4,6
"C1qtnf6",2434,4110,4328,4345,3561,2340,3898,4016
"C1qtnf7",0,1,2,0,0,1,1,0
"C1qtnf9",0,1,1,0,1,0,1,0
"C1ra",2797,7127,6081,5985,10685,2502,4742,6003
"C1rb",209,658,550,504,983,194,384,550
"C1rl",522,1229,1061,1025,1130,509,878,1042
"C1s1",7998,20983,19855,18183,31182,7314,14664,18508
"C1s2",494,1451,1720,1339,2374,455,1176,1500
"C2",1,1,3,2,4,1,1,0
"C230024C17Rik",1,0,0,2,0,0,1,4
"C230035I16Rik",10,15,24,27,26,18,25,28
"C230037L18Rik",1,4,1,5,6,1,7,3
"C230091D08Rik",142,450,254,293,250,219,541,330
"C2cd2",379,630,702,705,666,328,701,678
"C2cd2l",350,764,809,674,824,361,642,674
"C2cd3",639,1121,955,1106,962,486,1092,886
"C2cd4a",3,3,3,4,0,1,4,4
"C2cd4c",11,13,11,16,13,6,8,7
"C2cd5",459,925,907,1003,859,439,1041,981
"C3",12705,32755,23966,24714,32496,10261,21344,22827
"C330006A16Rik",1124,2105,2255,2183,2097,1027,1907,2216
"C330007P06Rik",733,1541,1350,1589,1492,881,1876,1642
"C330013E15Rik",15,45,54,31,49,22,48,36
"C330013J21Rik",3,15,12,5,12,5,15,8
"C330018D20Rik",286,651,608,597,582,316,645,628
"C330021F23Rik",120,201,223,217,248,110,187,234
"C330024C12Rik",1,2,1,3,4,3,3,2
"C330027C09Rik",607,1214,726,1141,637,627,1667,989
"C3ar1",15,19,15,22,8,14,20,16
"C430002N11Rik",8,13,9,15,12,11,16,21
"C430049B03Rik",120,209,236,249,185,154,224,248
"C4a",40,58,55,78,58,38,55,64
"C4b",2,12,7,5,17,0,4,4
"C530005A16Rik",2,8,18,19,16,10,14,28
"C530008M17Rik",192,395,213,337,317,191,334,266
"C630043F03Rik",18,19,39,40,35,14,35,36
"C77080",2101,4422,4325,4139,4596,1870,3798,4165
"C87436",386,763,864,754,908,386,740,814
"C8a",1,0,1,3,1,0,1,0
"C8g",35,87,55,61,41,28,83,54
"C9",0,3,2,0,1,0,1,0
"C920006O11Rik",4,11,5,8,11,6,8,8
"C920009B18Rik",98,185,206,201,222,95,172,201
"C920021L13Rik",7,15,13,11,9,5,10,12
"C920025E04Rik",131,273,268,273,264,160,229,241
"Caap1",202,472,359,446,431,278,553,443
"Cab39",1841,4144,3202,4089,3954,2375,5375,4138
"Cab39l",1010,1831,1672,1902,1645,1002,2001,1761
"Cabin1",1892,4014,3814,3705,3918,1685,3446,3585
"Cables1",98,205,133,156,166,88,133,139
"Cables2",450,787,839,848,819,422,769,792
"Cabp1",0,2,3,0,2,2,1,2
"Cabp2",1,0,0,0,3,0,1,1
"Cabp4",1,0,2,6,9,3,1,3
"Cabyr",16,20,20,24,28,17,27,28
"Cacfd1",787,1392,1369,1422,1447,816,1336,1412
"Cachd1",388,711,593,682,721,300,669,592
"Cacna1a",62,85,84,102,89,59,91,88
"Cacna1b",52,86,84,97,80,67,94,84
"Cacna1c",0,1,0,0,2,0,0,1
"Cacna1d",0,1,0,0,1,3,2,0
"Cacna1g",272,359,442,525,261,270,504,436
"Cacna1h",0,3,3,1,3,1,4,5
"Cacna1i",2,3,1,1,1,1,4,0
"Cacna1s",1409,2164,3318,2481,1833,1519,3401,3090
"Cacna2d1",1156,3477,2481,2754,2162,1530,4373,3049
"Cacna2d2",13,29,25,20,21,24,44,24
"Cacna2d3",0,1,0,1,1,1,2,1
"Cacnb1",1688,3187,3720,2973,2584,1815,3454,3375
"Cacnb2",26,70,84,75,81,38,79,80
"Cacnb3",2205,4712,4106,3901,4648,2029,3797,3708
"Cacnb4",6,14,18,18,18,3,11,17
"Cacng1",3110,6462,6874,5773,5295,2934,5644,6354
"Cacng4",2,6,1,4,2,2,6,3
"Cacng6",35,41,67,46,43,29,59,65
"Cacng7",5,4,12,9,7,6,8,10
"Cacng8",1,4,0,3,1,0,2,3
"Cactin",945,1766,1708,1681,1724,898,1603,1614
"Cacul1",1294,2627,2177,2553,2457,1388,2893,2415
"Cacybp",1913,3892,4077,4401,3808,2238,5049,4838
"Cad",2240,3638,4079,4169,4066,1734,3543,3821
"Cadm1",244,760,594,643,735,318,804,750
"Cadm2",0,4,0,0,4,1,3,0
"Cadm3",15,14,14,23,20,15,18,14
"Cadm4",409,985,1023,833,875,393,660,913
"Cage1",43,91,75,90,81,46,95,69
"Cahm",7,13,20,18,19,7,28,25
"Calca",0,2,2,1,0,0,0,4
"Calcb",2,2,2,3,0,2,1,1
"Calcoco1",3859,8470,9482,7967,8187,3769,7633,8555
"Calcrl",157,610,198,291,498,212,469,256
"Cald1",11537,28015,21199,26782,23467,14118,32843,26251
"Calhm2",1,0,3,3,1,1,1,4
"Calm1",13883,25222,23784,26187,25956,13208,25187,24964
"Calm2",10105,17280,19986,19922,19774,9697,18022,19807
"Calm3",7134,13502,13082,13341,12344,6678,11416,12331
"Calml3",5,0,2,6,4,4,2,1
"Calml4",87,186,154,149,156,112,169,149
"Calr",39500,90174,73669,73606,97072,36616,65375,69306
"Calr3",32,31,48,60,60,18,49,54
"Calr4",26,38,31,43,28,30,47,52
"Calu",25773,46186,48243,50985,47929,23882,48036,49066
"Caly",1,0,0,1,1,0,0,1
"Camk1",996,1988,2045,1966,2043,918,1723,1914
"Camk1d",112,246,165,212,231,101,237,173
"Camk1g",549,776,896,994,567,491,905,868
"Camk2a",1121,2083,2503,1933,1644,1399,2629,2244
"Camk2b",112,137,394,227,162,141,339,386
"Camk2d",1289,2571,2543,2721,2653,1420,3039,2834
"Camk2g",2676,5234,5816,5855,5201,2736,5755,6078
"Camk2n1",64,77,69,88,105,49,77,78
"Camk2n2",80,171,196,148,219,95,162,161
"Camk4",13,19,10,24,15,17,21,26
"Camkk1",284,543,637,574,519,232,531,597
"Camkk2",889,1683,1754,1784,2000,825,1654,1758
"Camkmt",66,105,105,110,119,48,91,93
"Camkv",2,3,2,4,1,1,2,4
"Caml",814,1537,1679,1592,1601,841,1459,1665
"Camp",23,86,35,49,171,27,45,36
"Camsap1",1469,2672,2679,2686,2661,1349,2803,2648
"Camsap2",1140,3051,2033,2609,2544,1470,3648,2582
"Camsap3",9,8,7,7,8,7,7,2
"Camta1",104,221,264,226,242,118,191,251
"Camta2",721,1399,1473,1447,1354,713,1338,1452
"Cand1",5472,9984,10232,10542,9381,5058,9831,10013
"Cand2",1506,2640,3130,2674,2031,1469,2819,2881
"Cant1",1802,3463,3175,3177,3650,1610,2794,2866
"Canx",10484,24034,18771,21534,24796,11605,24007,20837
"Cap1",11064,18690,22115,20977,20087,10030,18657,20483
"Cap2",2008,3427,4411,3921,2714,2141,5016,4289
"Capg",5726,10217,10463,9964,11563,5166,8489,9285
"Capn1",1991,3350,4157,3584,3475,1863,3493,3871
"Capn10",320,628,659,580,643,290,518,573
"Capn11",10,14,23,16,18,13,18,13
"Capn12",2,1,1,3,0,1,1,0
"Capn13",1,0,1,1,0,0,0,0
"Capn15",349,644,592,635,678,296,620,601
"Capn2",11359,19116,19673,20634,18452,10496,18581,19137
"Capn3",436,874,858,727,795,530,861,847
"Capn5",521,1151,1082,1031,1022,420,867,958
"Capn6",1443,2114,3229,3139,1705,1160,3128,3400
"Capn7",1153,2699,2006,2563,2311,1346,3182,2575
"Capn9",0,2,2,1,1,0,2,0
"Capns1",6601,12773,12915,12310,12593,6476,10944,12280
"Capns2",2,1,0,2,1,0,2,0
"Caprin1",8869,17298,15392,18412,16552,9293,20680,18056
"Caprin2",123,263,233,287,221,138,285,279
"Caps2",8,30,19,21,23,14,31,21
"Capza1",2201,2784,2677,3263,2662,2116,3242,2964
"Capza2",5742,10763,11301,11995,10754,6335,13311,12597
"Capzb",7282,14340,16201,14707,15687,7109,13009,15578
"Car1",4,1,4,5,1,2,1,2
"Car10",0,1,1,0,0,0,0,1
"Car11",132,309,315,247,309,155,243,261
"Car12",332,597,404,481,1397,626,592,401
"Car13",1422,2932,2989,3394,2573,1465,3315,3459
"Car14",5,1,12,8,4,3,7,6
"Car15",16,29,13,21,29,9,15,13
"Car2",109,188,263,273,143,98,286,290
"Car3",324,750,695,813,383,251,821,831
"Car5b",1502,2582,2834,2876,2502,1312,2490,2763
"Car6",3,47,8,4,249,4,5,3
"Car7",2,10,7,7,14,8,13,11
"Car8",2,17,11,5,22,6,7,7
"Car9",1847,5039,4071,4353,12216,3401,3801,4599
"Card10",70,130,90,120,102,42,106,125
"Card11",0,1,1,0,2,4,7,3
"Card14",23,42,50,40,46,21,42,57
"Card6",476,887,851,904,954,475,934,903
"Card9",0,4,4,2,3,0,5,4
"Carf",76,232,146,193,203,91,286,226
"Carhsp1",4808,9574,8849,8711,10030,4321,7770,8494
"Carkd",1115,2375,2595,2217,2642,1183,2031,2370
"Carlr",0,1,2,0,0,0,1,0
"Carm1",1869,3312,3503,3522,3136,1628,3137,3382
"Carns1",330,694,698,646,524,313,715,705
"Cars",1544,3467,3482,2904,4308,1597,3039,3141
"Cars2",241,462,397,418,443,218,437,379
"Casc1",5,10,12,7,13,7,13,6
"Casc3",1629,2876,2823,2968,2807,1394,2634,2721
"Casc4",842,2083,1837,2229,1724,1270,3282,2516
"Casc5",81,164,127,152,107,84,167,158
"Casd1",585,1454,1032,1320,1322,704,1634,1323
"Cask",822,1750,1405,1807,1757,984,1972,1718
"Caskin1",27,31,20,44,29,18,14,29
"Caskin2",616,1153,1251,1186,1140,544,1132,1175
"Casp1",59,110,97,114,99,61,117,100
"Casp12",874,1948,1468,1888,1750,1170,2403,1787
"Casp14",12,17,24,17,22,13,23,11
"Casp2",627,1148,1345,1343,1350,633,1235,1336
"Casp3",1617,3017,2851,3309,2811,1727,3421,3263
"Casp4",153,368,373,361,637,243,416,421
"Casp6",644,1259,1169,1182,1466,658,1061,1118
"Casp7",501,826,888,950,834,491,834,915
"Casp8",831,1210,1425,1535,1422,827,1431,1380
"Casp8ap2",123,376,304,275,284,163,361,316
"Casp9",632,1120,1088,1004,1019,537,963,975
"Casq1",973,1713,3048,2081,1482,1254,2350,2637
"Casq2",9592,17163,25382,18124,14971,10621,21908,22181
"Cass4",2,0,3,3,0,0,0,1
"Cast",2824,6951,5283,6341,7282,3267,7310,6272
"Casz1",170,290,359,301,252,201,397,330
"Cat",2064,4010,3838,3930,5116,1861,3531,3744
"Catip",2,10,3,5,6,3,7,5
"Catsper2",45,114,91,81,94,60,130,91
"Catsper3",4,14,15,15,11,4,11,14
"Catsperd",3,5,2,6,9,1,6,6
"Catsperg1",1,4,3,2,2,1,2,3
"Catsperg2",0,0,1,1,0,0,4,1
"Cav1",10311,13379,16197,20211,11782,8428,18260,18207
"Cav2",491,1265,824,1168,934,612,1711,1127
"Cav3",983,1375,2348,1660,1317,1238,2138,2103
"Cbfa2t2",1084,1881,1778,2049,1759,983,1924,1895
"Cbfa2t3",193,378,496,382,288,237,483,475
"Cbfb",3564,6600,6418,7135,6443,3662,7913,7226
"Cbl",301,621,494,575,497,208,730,455
"Cblb",919,1835,1952,2042,1844,986,2156,2048
"Cblc",1,0,6,1,2,1,2,1
"Cbll1",440,854,745,887,785,485,994,876
"Cbln1",26,30,20,38,25,12,35,27
"Cbln3",7,13,11,15,19,9,10,16
"Cbr1",463,1036,1124,944,1154,508,863,1053
"Cbr2",2343,4393,3792,4068,4337,2052,3554,3503
"Cbr3",385,745,1014,843,1062,339,688,943
"Cbr4",260,550,579,519,490,276,502,561
"Cbs",6,18,19,16,13,6,12,18
"Cbwd1",460,836,940,913,917,493,945,929
"Cbx1",996,1625,1613,1835,1649,1062,1971,1761
"Cbx2",485,881,1064,990,877,433,860,994
"Cbx3",1679,3054,2367,3436,2750,2069,3954,3360
"Cbx4",719,1471,1782,1574,1754,695,1382,1669
"Cbx5",7872,15374,13646,16711,12311,9173,20752,16438
"Cbx6",4458,7084,8723,9097,7632,3776,7914,8820
"Cbx7",350,747,782,631,849,406,643,713
"Cbx8",235,472,516,456,495,181,409,487
"Cby1",705,1278,1490,1386,1355,676,1199,1418
"Cc2d1a",2073,3924,4049,3795,4159,1870,3543,3704
"Cc2d1b",936,2014,1948,1852,2034,880,1714,1877
"Cc2d2a",399,862,684,819,784,385,910,752
"Ccar1",872,2219,1672,1900,1630,1037,2670,2070
"Ccar2",1491,2727,2775,2726,2596,1375,2609,2665
"Ccbe1",639,1360,1412,1488,1216,875,1661,1657
"Ccbl1",124,266,343,274,304,166,280,304
"Ccbl2",73,152,150,142,131,79,124,136
"Ccdc101",175,330,410,357,401,190,286,385
"Ccdc102a",1678,2488,3170,3272,2612,1412,2701,3146
"Ccdc103",30,63,75,59,87,34,55,53
"Ccdc105",1,0,0,1,0,0,1,0
"Ccdc106",13,17,26,25,16,17,15,25
"Ccdc107",401,856,826,759,924,373,723,710
"Ccdc109b",522,1022,874,889,1221,427,746,794
"Ccdc112",98,266,192,257,187,131,333,270
"Ccdc114",32,74,79,71,79,50,91,88
"Ccdc115",488,937,1013,997,1010,508,880,1051
"Ccdc116",4,10,6,6,10,3,16,8
"Ccdc117",842,1702,2104,1821,1834,874,1747,2029
"Ccdc12",555,921,1127,957,1078,558,944,1036
"Ccdc120",126,201,204,223,229,102,191,209
"Ccdc122",141,373,294,320,322,176,373,321
"Ccdc124",1303,2262,2685,2340,2346,1194,2143,2394
"Ccdc125",5,6,6,11,2,2,11,8
"Ccdc126",235,507,424,502,602,279,509,490
"Ccdc127",1633,3267,3157,3399,3346,1849,3604,3409
"Ccdc13",0,1,0,1,0,1,1,3
"Ccdc130",471,904,892,903,1024,526,858,875
"Ccdc132",616,1566,1120,1403,1265,729,1780,1456
"Ccdc134",815,1361,1716,1495,1170,768,1554,1641
"Ccdc136",310,732,598,575,649,304,595,570
"Ccdc137",560,923,1045,1050,1075,510,937,1096
"Ccdc138",48,91,72,98,85,57,98,96
"Ccdc14",196,315,293,403,324,207,394,354
"Ccdc141",1329,3765,2839,3096,2424,1907,5319,3434
"Ccdc142",88,158,197,196,195,84,159,202
"Ccdc146",1,3,2,2,1,0,6,2
"Ccdc148",0,4,1,0,4,0,2,1
"Ccdc149",11,38,21,15,30,12,11,7
"Ccdc15",20,51,26,40,39,27,58,47
"Ccdc150",9,4,9,16,9,4,16,16
"Ccdc151",7,22,12,10,21,10,15,8
"Ccdc152",24,35,31,36,35,25,45,28
"Ccdc155",2,2,2,2,0,0,2,1
"Ccdc157",711,1486,1279,1318,1408,731,1359,1224
"Ccdc158",0,1,1,0,0,1,1,0
"Ccdc159",52,110,86,96,81,63,98,89
"Ccdc162",58,134,148,119,149,88,138,134
"Ccdc163",153,288,264,278,304,191,240,277
"Ccdc166",68,125,180,136,144,55,141,153
"Ccdc167",81,156,124,157,159,91,174,146
"Ccdc169",6,8,9,9,12,5,6,6
"Ccdc17",15,35,44,40,44,14,50,47
"Ccdc170",2,6,4,3,2,3,3,6
"Ccdc171",31,102,58,61,75,47,99,59
"Ccdc173",11,42,25,26,23,22,37,29
"Ccdc174",217,666,491,562,562,395,835,612
"Ccdc175",1,0,1,1,0,1,0,0
"Ccdc176",8,31,17,16,33,18,37,18
"Ccdc18",13,26,23,32,20,24,34,32
"Ccdc180",2,6,7,3,3,7,9,9
"Ccdc181",223,480,389,426,439,263,479,431
"Ccdc183",5,7,6,7,4,11,4,3
"Ccdc184",2,5,1,4,1,3,3,3
"Ccdc186",221,727,382,476,454,244,818,451
"Ccdc22",475,961,936,823,889,414,813,860
"Ccdc23",1036,1812,2136,2052,1693,1112,1793,2172
"Ccdc24",86,88,90,124,90,78,102,79
"Ccdc25",568,1035,923,1187,1017,665,1363,1214
"Ccdc27",0,1,0,1,1,0,0,2
"Ccdc28a",118,271,241,210,261,133,234,209
"Ccdc28b",129,204,300,245,228,104,225,268
"Ccdc3",65,97,96,110,78,50,90,87
"Ccdc30",6,39,15,16,23,5,24,13
"Ccdc32",482,871,1017,932,1095,426,811,947
"Ccdc34",207,555,374,485,373,350,663,489
"Ccdc37",11,16,13,15,20,16,20,21
"Ccdc38",9,22,16,11,15,7,21,12
"Ccdc39",13,52,27,31,38,25,64,42
"Ccdc40",5,3,3,6,3,2,2,2
"Ccdc42b",0,0,2,0,1,1,0,0
"Ccdc43",1183,2046,2481,2305,2183,1214,2481,2470
"Ccdc47",1634,4126,3224,3881,3930,2127,5238,4082
"Ccdc50",1442,4303,2804,3610,3633,2003,5433,3722
"Ccdc51",224,403,409,422,445,194,369,411
"Ccdc53",908,1742,1832,1827,1823,856,1529,1890
"Ccdc55",141,481,254,335,360,229,545,363
"Ccdc57",86,202,163,160,209,102,147,149
"Ccdc58",451,852,801,863,993,478,850,813
"Ccdc59",672,1264,1270,1385,1296,769,1468,1379
"Ccdc6",1630,2891,2953,3250,2900,1737,3236,3066
"Ccdc60",6,11,16,14,13,6,8,15
"Ccdc61",175,281,314,351,264,147,287,344
"Ccdc62",37,61,70,75,63,30,76,64
"Ccdc63",1,1,0,1,2,0,0,1
"Ccdc64",45,72,97,76,99,63,72,76
"Ccdc64b",2,1,1,1,4,2,0,1
"Ccdc65",67,165,117,115,91,78,115,87
"Ccdc66",178,519,337,413,354,268,552,432
"Ccdc68",0,0,2,0,0,1,1,1
"Ccdc69",3,7,7,6,7,4,8,7
"Ccdc71",1022,2056,1985,1979,2012,965,1742,1940
"Ccdc71l",285,620,501,602,639,297,680,591
"Ccdc73",19,55,35,41,43,32,60,38
"Ccdc74a",34,48,56,59,45,26,59,51
"Ccdc77",171,360,301,351,310,187,445,350
"Ccdc78",3,5,10,8,2,2,4,10
"Ccdc7b",0,0,0,2,0,0,1,1
"Ccdc8",999,2224,1914,1849,1642,916,1759,1809
"Ccdc80",13016,21859,24258,25043,20195,12581,23667,24355
"Ccdc81",0,0,0,1,3,1,0,1
"Ccdc82",332,1065,541,801,736,519,1249,795
"Ccdc83",2,8,3,4,0,3,7,11
"Ccdc84",176,319,338,307,301,191,306,316
"Ccdc85b",567,953,1179,1113,1067,413,804,1101
"Ccdc85c",117,208,134,168,156,84,147,133
"Ccdc86",706,1314,1639,1467,1363,793,1322,1610
"Ccdc87",3,7,5,6,4,4,5,6
"Ccdc88a",130,293,278,296,339,171,334,362
"Ccdc88b",12,25,26,25,32,17,20,26
"Ccdc88c",617,1041,1175,1126,721,552,1339,1090
"Ccdc89",10,17,17,21,23,13,19,19
"Ccdc9",487,965,972,939,1024,458,896,913
"Ccdc90b",405,1009,794,973,985,563,1095,1058
"Ccdc91",1013,1872,1692,1798,1884,979,1764,1645
"Ccdc92",97,159,159,154,192,80,167,169
"Ccdc93",1234,2742,2872,2889,3007,1283,3015,3015
"Ccdc94",205,314,306,351,375,182,282,332
"Ccdc96",22,40,37,37,34,25,49,33
"Ccdc97",1041,1904,1985,1932,1930,1038,1714,1930
"Cchcr1",426,804,645,739,790,418,709,645
"Ccin",2,12,5,6,9,8,9,7
"Cck",39,368,269,146,1694,56,100,205
"Ccl11",33,62,57,68,152,30,58,75
"Ccl17",6,9,11,16,10,8,5,17
"Ccl2",431,1274,789,882,2370,425,686,811
"Ccl25",33,60,63,52,60,33,54,55
"Ccl27a",1,2,0,1,2,0,3,0
"Ccl3",0,5,1,1,122,1,2,1
"Ccl5",20,83,46,45,242,30,35,43
"Ccl6",0,0,1,0,0,1,1,1
"Ccl7",538,1880,1396,1218,4609,523,949,1347
"Ccl8",41,425,116,95,1090,62,84,119
"Ccl9",90,182,158,166,147,122,195,159
"Ccm2",1185,2193,2285,2178,2046,1226,2042,2113
"Ccna1",1,0,1,2,1,4,2,1
"Ccna2",3050,3470,3132,4695,2756,2588,4503,3629
"Ccnb1",2772,3124,3372,4199,2712,2373,3679,3514
"Ccnb1ip1",8,13,6,18,16,4,18,11
"Ccnb2",1644,1883,2181,2644,1622,1372,2348,2265
"Ccnb3",1,1,0,1,0,0,1,1
"Ccnc",501,1266,894,1077,1051,618,1549,1110
"Ccnd1",3591,4730,5281,6329,4687,3246,4912,5392
"Ccnd2",345,927,584,704,1005,355,730,688
"Ccnd3",6029,9344,12078,10298,8283,6104,10343,11062
"Ccndbp1",1078,2205,2230,2091,2163,1063,1886,2198
"Ccne1",530,697,827,914,638,506,813,790
"Ccne2",110,203,93,164,112,115,252,104
"Ccnf",892,1123,1300,1453,1034,685,1325,1302
"Ccng1",3906,9720,7969,9185,8318,5081,12904,10013
"Ccng2",1739,3719,3704,3601,4796,1924,3396,3782
"Ccnh",769,1436,1545,1629,1542,898,1665,1739
"Ccni",7220,13337,12944,13378,14426,6823,12094,12752
"Ccnj",149,267,285,303,292,152,305,322
"Ccnk",869,1683,1636,1623,1668,862,1622,1642
"Ccnl1",802,1954,1278,1747,1808,1137,2339,1702
"Ccnl2",1338,2668,2655,2862,2563,1789,3629,3066
"Ccno",8,15,20,15,9,5,13,10
"Ccnt1",211,573,423,485,442,231,712,497
"Ccnt2",425,1076,734,978,937,610,1398,978
"Ccny",2708,4998,4854,5143,5095,2591,5211,4966
"Ccnyl1",832,1403,1223,1358,1359,829,1375,1280
"Ccp110",216,686,385,572,520,388,949,612
"Ccpg1",1650,3792,3229,3737,3705,1760,3956,3767
"Ccpg1os",54,140,123,101,143,84,121,113
"Ccr1",2,5,1,4,19,1,3,3
"Ccr10",13,12,13,17,8,5,14,10
"Ccr1l1",0,0,1,2,0,0,0,2
"Ccr7",6,11,17,14,20,9,11,17
"Ccr9",0,10,7,3,7,4,9,8
"Ccrl2",6,15,9,9,18,7,15,6
"Ccrn4l",414,653,647,746,745,434,680,661
"Ccs",468,978,1216,1027,1087,510,951,1080
"Ccsap",149,204,196,239,184,151,219,188
"Ccser1",31,44,41,60,43,31,38,42
"Ccser2",1227,3654,2143,2822,2577,1748,4270,2814
"Cct2",10665,19201,22695,21254,20546,9997,19243,21511
"Cct3",7743,13569,16891,14993,13914,7386,13969,15574
"Cct4",7674,14103,15861,14395,14437,7354,13939,14835
"Cct5",10464,19233,21820,20180,19152,9762,18061,20644
"Cct6a",8193,13522,16664,15879,14210,7828,15141,16908
"Cct6b",4,13,26,16,18,2,12,18
"Cct7",6786,12343,14845,13221,12822,6318,11968,13686
"Cct8",8936,16046,19157,18054,16464,8822,16859,19012
"Ccz1",1210,2293,2426,2484,2607,1282,2559,2582
"Cd101",3,4,3,4,4,2,5,2
"Cd109",1279,2753,2242,2659,2590,1274,2833,2544
"Cd14",193,510,394,374,1307,188,326,394
"Cd151",4002,7670,8056,7529,8264,3633,6493,7388
"Cd160",3,5,5,4,3,5,9,4
"Cd163",13,34,15,29,16,22,40,29
"Cd163l1",0,0,0,1,0,1,1,2
"Cd164",11499,23260,24912,24956,24061,12898,27859,27183
"Cd164l2",1,0,2,3,3,1,1,0
"Cd1d1",117,284,243,212,312,146,233,217
"Cd2",2,1,0,2,0,0,1,0
"Cd200",3240,5929,8182,7208,6246,4248,8153,8702
"Cd200r1",7,3,5,6,5,3,3,1
"Cd200r2",16,37,28,23,19,15,24,29
"Cd200r3",2,14,3,6,11,4,2,5
"Cd200r4",1,7,0,2,13,2,6,3
"Cd244",9,5,5,11,13,4,6,12
"Cd248",927,1605,1511,1692,1226,851,1354,1508
"Cd24a",243,357,460,442,629,222,537,511
"Cd27",10,13,8,14,12,7,12,12
"Cd274",5,19,15,13,19,13,17,15
"Cd276",2293,3576,3848,4027,3228,2025,3646,3782
"Cd28",35,77,80,59,77,51,109,84
"Cd2ap",408,1092,825,972,1014,585,1485,1097
"Cd2bp2",1763,3388,3625,3322,3552,1668,3163,3354
"Cd300a",28,56,73,61,67,40,82,71
"Cd300lb",5,33,20,17,31,5,12,15
"Cd302",761,1390,1699,1633,1598,792,1387,1657
"Cd320",506,1060,1088,962,1091,431,917,1009
"Cd33",4,24,15,7,40,7,8,8
"Cd34",3459,5277,4771,5803,5389,3064,4420,4797
"Cd36",277,432,572,451,378,374,732,578
"Cd37",6,7,1,7,6,6,10,2
"Cd38",1,2,1,3,2,1,2,4
"Cd3eap",465,709,785,773,742,438,725,768
"Cd3g",0,0,4,0,3,2,0,0
"Cd4",0,0,0,1,0,1,0,1
"Cd40",13,64,21,23,103,15,11,15
"Cd44",10684,20352,14866,18958,17078,10304,17481,15900
"Cd46",2,9,10,3,17,4,7,9
"Cd47",1796,4310,3504,3805,4704,1837,3760,3715
"Cd48",2,1,3,2,6,5,3,1
"Cd52",1,1,0,1,0,1,0,0
"Cd53",105,226,173,212,308,130,170,206
"Cd55",217,656,432,520,623,269,595,553
"Cd55b",0,0,2,0,2,0,1,2
"Cd59a",247,499,583,519,517,323,539,553
"Cd59b",4,24,13,32,14,1,14,22
"Cd6",1,4,2,1,0,1,1,0
"Cd63",30219,62554,68589,60908,67155,30580,54237,63813
"Cd68",21,76,41,51,83,24,71,53
"Cd69",6,4,8,7,11,1,7,6
"Cd7",32,32,79,51,34,40,50,54
"Cd70",1,0,1,1,0,1,0,0
"Cd72",7,13,5,7,14,10,13,15
"Cd74",30,34,23,32,48,18,21,30
"Cd79a",5,2,2,3,1,2,2,5
"Cd80",1512,2744,2971,3078,2635,1669,3258,3141
"Cd81",8330,14083,15088,13791,13317,8322,12586,13723
"Cd82",10240,15865,18468,18086,12700,9530,16053,17859
"Cd83",1,3,7,4,4,2,4,8
"Cd9",8293,16349,17048,16661,18799,7545,13505,16634
"Cd93",2,27,6,5,58,7,9,5
"Cd99l2",2725,5406,5593,5260,5183,2270,4825,5233
"Cda",170,375,318,330,473,150,315,308
"Cdadc1",687,1412,1271,1327,1409,785,1420,1290
"Cdan1",542,962,1007,1055,945,508,964,1054
"Cdc123",1601,2841,3110,3176,3109,1664,3016,3220
"Cdc14a",71,183,151,184,221,99,256,185
"Cdc14b",520,1299,853,1161,1167,606,1466,1112
"Cdc16",3485,5703,6813,6796,6203,3359,6140,6740
"Cdc20",2081,2472,2993,3489,2162,1700,2884,3073
"Cdc20b",0,3,0,0,0,1,2,0
"Cdc23",1939,3386,3525,3601,3321,1759,3299,3448
"Cdc25a",587,1023,1199,1194,1066,592,1163,1230
"Cdc25b",2105,3346,3574,3736,2820,1851,3354,3418
"Cdc25c",388,531,571,674,413,328,547,601
"Cdc26",709,1116,1312,1159,1119,651,1094,1272
"Cdc27",1319,3872,2303,3133,2529,1927,5168,3169
"Cdc34",1993,3609,4285,3557,3589,2005,3348,3848
"Cdc37",4519,8559,9183,8621,8533,4241,7677,8712
"Cdc37l1",1051,2359,2532,2425,2353,1334,3087,2758
"Cdc40",1292,2532,2393,2874,2560,1392,3213,2908
"Cdc42",13917,24272,27747,28219,25075,13654,26740,28539
"Cdc42bpa",1378,4176,2295,3166,2955,2099,5048,3187
"Cdc42bpb",2864,5982,5659,5580,6086,2447,5158,5301
"Cdc42bpg",568,1310,1030,1056,1038,503,1153,994
"Cdc42ep1",3398,5123,4688,5485,4349,2892,4896,4594
"Cdc42ep2",628,1223,1371,1204,1151,542,1051,1251
"Cdc42ep3",2442,4984,4448,4995,5446,2910,5376,4833
"Cdc42ep4",741,1413,1477,1366,1455,617,1155,1368
"Cdc42ep5",368,647,651,731,567,327,528,751
"Cdc42se1",2678,4676,5834,5213,5115,2451,4940,5539
"Cdc42se2",1523,2979,3329,2896,3008,1548,2826,3040
"Cdc45",590,824,781,927,689,507,884,688
"Cdc5l",1906,3780,3312,3862,3592,2161,4222,3802
"Cdc6",525,598,470,775,476,381,624,511
"Cdc7",291,407,258,472,373,279,499,369
"Cdc73",647,1480,1223,1405,1339,790,1780,1391
"Cdca2",789,977,881,1280,841,711,1229,1029
"Cdca3",1004,1105,1391,1615,949,791,1304,1334
"Cdca4",1481,2410,2637,2699,2426,1332,2422,2507
"Cdca5",469,538,609,721,438,368,591,540
"Cdca7",477,624,740,832,694,397,730,709
"Cdca7l",500,687,714,866,659,386,707,751
"Cdca8",1106,1277,1395,1761,1088,950,1366,1417
"Cdcp1",1,2,1,0,0,0,1,2
"Cdh1",34,66,89,58,65,34,86,71
"Cdh10",8,27,14,18,22,10,40,15
"Cdh11",2888,5753,5726,6847,4579,3054,7540,6942
"Cdh13",3496,7677,8703,7375,6664,3129,7215,8037
"Cdh15",8189,16220,14723,14048,12519,8283,14198,13673
"Cdh16",0,1,4,0,0,1,0,0
"Cdh17",27,41,25,39,39,29,49,37
"Cdh18",414,865,632,713,628,370,639,598
"Cdh2",3147,6116,5607,5934,4556,3792,7651,6126
"Cdh23",190,493,367,388,495,217,394,402
"Cdh24",225,257,299,361,241,182,348,258
"Cdh3",7,6,2,8,4,2,6,2
"Cdh4",0,0,1,1,0,0,1,1
"Cdh5",10,7,13,13,14,3,11,2
"Cdh6",2,4,17,9,9,7,14,11
"Cdhr1",1921,1936,1952,2903,2007,1887,2844,1996
"Cdhr3",1,0,0,2,0,2,1,3
"Cdhr5",2,4,5,2,2,3,1,0
"Cdip1",941,1942,2460,2047,2036,1022,2170,2440
"Cdipt",1655,3220,3874,3320,3697,1684,2997,3665
"Cdk1",3102,4141,4504,5241,3789,2531,4391,4558
"Cdk10",464,844,778,795,819,447,783,766
"Cdk11b",1762,3539,3523,3839,3592,2095,3895,3910
"Cdk12",696,1641,1143,1475,1365,877,2059,1388
"Cdk13",1101,2411,1817,2239,2320,1285,2544,2089
"Cdk14",2515,5081,4455,5526,4626,2232,5321,5196
"Cdk15",7,31,12,9,25,9,10,4
"Cdk16",4028,7156,7381,7351,7099,3621,6676,6969
"Cdk17",1444,2726,2363,2582,2508,1333,2526,2477
"Cdk18",1327,2641,3075,2602,2609,1306,2620,2761
"Cdk19",1183,2325,1883,2379,2295,1119,2321,2179
"Cdk2",1686,2767,3305,3092,2455,1561,3127,3045
"Cdk20",171,400,388,333,521,183,322,384
"Cdk2ap1",2764,3030,4034,3591,3087,2563,3212,3816
"Cdk2ap2",2253,6069,5336,4473,9282,2375,3797,4693
"Cdk3-ps",6,9,9,10,4,4,8,6
"Cdk4",6096,11383,11714,11299,11663,5573,9824,11036
"Cdk5",949,1843,1925,1866,1898,871,1628,1904
"Cdk5r1",366,573,819,755,446,369,829,801
"Cdk5r2",5,6,5,4,1,5,7,3
"Cdk5rap1",378,625,719,702,633,333,607,667
"Cdk5rap2",974,1884,1400,1873,1628,892,1931,1647
"Cdk5rap3",1440,2981,2847,2692,2732,1336,2466,2637
"Cdk6",121,328,219,247,193,112,292,236
"Cdk7",1540,3226,3226,3478,3145,1791,3880,3622
"Cdk8",476,1058,940,1099,995,599,1320,1168
"Cdk9",1815,3414,3377,3283,3668,1772,3061,3309
"Cdkal1",312,640,667,627,638,327,663,637
"Cdkl1",1,1,8,3,2,3,5,3
"Cdkl2",61,155,119,155,146,74,218,163
"Cdkl3",108,251,196,237,258,130,266,247
"Cdkl4",0,3,2,0,0,3,3,0
"Cdkl5",10,23,17,18,18,7,41,15
"Cdkn1a",24054,42807,60034,45260,41609,26776,49025,52601
"Cdkn1b",1533,3412,3140,3462,3609,1651,3561,3434
"Cdkn1c",353,471,1013,918,356,252,638,1048
"Cdkn2aip",426,768,779,918,845,463,937,893
"Cdkn2aipnl",749,1246,1330,1414,1310,640,1216,1355
"Cdkn2c",1077,1543,1618,1895,1816,924,1647,1662
"Cdkn2d",842,1177,1463,1505,1249,672,1291,1439
"Cdkn3",229,293,277,379,237,190,353,298
"Cdnf",66,165,165,174,179,72,183,194
"Cdo1",2,7,12,7,11,9,13,8
"Cdon",9845,18161,18614,19321,15344,9999,21047,18663
"Cdpf1",158,286,296,267,303,146,234,271
"Cdr2",924,1515,1517,1681,1492,843,1499,1514
"Cdr2l",1066,2109,1632,1800,2350,1099,1652,1573
"Cds1",0,1,0,1,0,0,0,1
"Cds2",2668,6041,5739,5223,6155,2399,5285,5374
"Cdsn",78,253,183,162,312,76,142,156
"Cdt1",565,777,700,895,806,422,632,676
"Cdv3",6322,8737,8869,9465,7853,6238,10275,9654
"Cdx1",7,7,8,9,5,4,7,7
"Cdyl",579,1113,1090,1163,1217,531,1072,1169
"Cdyl2",72,139,166,157,152,105,185,204
"Ceacam19",4,36,12,9,73,4,8,10
"Ceacam2",0,1,0,0,0,0,1,1
"Cebpa",774,1566,1473,1382,1743,641,1146,1247
"Cebpb",1263,3528,2714,2425,5454,1242,1785,2438
"Cebpd",471,2136,899,962,5924,432,699,973
"Cebpg",657,1686,1488,1697,2077,992,2084,1816
"Cebpz",756,1848,1447,1684,1828,1057,2250,1777
"Cebpzos",106,127,147,152,152,101,120,153
"Cecr2",2,6,5,4,0,3,10,7
"Cecr5",225,362,410,412,452,223,396,403
"Cecr6",0,1,0,0,1,0,2,0
"Cel",0,0,0,0,2,1,1,0
"Cela1",309,557,624,578,620,312,511,587
"Cela3b",1,0,1,1,0,1,0,0
"Celf1",2798,5548,6068,6323,5411,3069,7421,6563
"Celf2",1881,5140,3054,4039,3255,2715,6208,3965
"Celf3",1,2,0,2,3,3,3,0
"Celf4",49,94,61,97,87,60,87,78
"Celf5",53,88,81,90,82,52,80,60
"Celf6",3,3,3,4,2,1,3,1
"Celrr",0,1,0,1,0,0,2,0
"Celsr1",1,12,5,5,11,13,10,9
"Celsr2",1,2,1,1,0,2,0,0
"Celsr3",8,9,16,14,12,7,20,16
"Cemip",969,1646,1748,1673,1656,1061,2022,1616
"Cend1",1,0,3,2,2,2,0,1
"Cenpa",1407,1695,1969,2211,1400,1180,1955,1889
"Cenpb",5447,10227,10033,10112,10358,4707,8587,9663
"Cenpc1",468,1164,913,1120,884,603,1505,1176
"Cenpe",161,438,289,339,264,236,455,373
"Cenpf",219,471,384,429,270,255,562,458
"Cenph",249,305,243,396,273,215,351,278
"Cenpi",629,844,662,1013,632,530,986,715
"Cenpj",188,551,368,437,355,309,646,435
"Cenpk",75,153,118,158,114,114,224,145
"Cenpl",394,554,597,672,474,363,650,622
"Cenpm",225,224,269,356,209,194,263,293
"Cenpn",332,445,388,512,356,275,494,377
"Cenpo",290,452,379,469,457,259,442,386
"Cenpp",284,339,391,465,277,235,340,369
"Cenpq",283,502,353,553,373,302,701,519
"Cenpt",515,839,858,922,759,503,837,866
"Cenpu",89,95,66,128,93,84,99,111
"Cenpv",150,264,212,245,298,110,207,228
"Cenpw",100,156,150,204,178,119,149,186
"Cep104",872,1629,1627,1598,1439,789,1558,1552
"Cep112",28,88,48,67,53,34,90,69
"Cep120",614,1167,1151,1273,1183,632,1381,1229
"Cep126",6,19,16,11,6,5,17,14
"Cep128",253,449,315,515,402,268,552,437
"Cep131",328,735,653,671,669,302,569,652
"Cep135",124,357,157,233,246,157,374,206
"Cep152",193,341,279,385,364,213,444,337
"Cep162",151,472,281,362,374,204,513,364
"Cep164",774,1560,1295,1412,1387,673,1386,1290
"Cep170",1456,4725,2890,3726,3513,2007,5645,3886
"Cep170b",2153,4569,4370,4187,5045,2023,4082,4146
"Cep19",284,588,517,523,524,285,528,530
"Cep192",500,1209,749,1075,902,601,1603,974
"Cep250",967,1942,1706,1881,1981,943,1844,1752
"Cep290",21,57,60,43,77,32,70,52
"Cep295",214,532,349,465,373,252,643,425
"Cep350",465,1510,718,1022,957,622,1840,1005
"Cep41",547,1054,895,1077,874,525,1067,999
"Cep44",370,583,645,612,671,363,559,582
"Cep55",639,993,865,1153,693,659,1367,972
"Cep57",356,754,600,773,645,472,986,796
"Cep57l1",282,508,460,551,469,324,584,519
"Cep63",461,894,846,886,906,481,857,856
"Cep68",853,1667,1698,1880,1608,933,1957,1893
"Cep70",95,284,155,203,182,150,308,179
"Cep72",50,76,71,82,80,39,80,56
"Cep76",423,886,856,899,827,557,1205,1001
"Cep78",339,591,642,643,585,392,705,638
"Cep83",312,757,500,648,551,367,833,640
"Cep83os",288,516,624,596,642,253,580,598
"Cep85",744,1399,1357,1404,1467,714,1360,1380
"Cep85l",14,79,39,42,44,29,83,38
"Cep89",412,667,686,739,651,403,701,680
"Cep95",205,391,334,430,390,230,471,414
"Cep97",343,778,688,817,726,430,1092,831
"Cept1",1345,2584,2774,2736,3416,1218,2405,2715
"Cer1",1,2,1,1,0,1,1,0
"Cercam",1970,3654,3379,3622,3733,1873,3124,3365
"Cerk",1026,1975,1846,1812,1953,871,1676,1695
"Cerkl",5,17,4,8,7,9,15,8
"Cers2",3962,8611,7805,7641,10644,3697,6797,7671
"Cers3",4,12,11,9,10,4,10,9
"Cers4",36,67,26,53,49,29,45,35
"Cers5",2605,4886,4847,4759,5212,2490,4320,4758
"Cers6",640,1574,1174,1407,1334,684,1831,1433
"Ces1a",10,120,13,14,28,3,13,9
"Ces1c",1,2,0,1,0,0,3,0
"Ces1d",0,1,0,0,1,0,3,4
"Ces1f",1,1,0,1,1,0,2,0
"Ces1g",5,5,3,5,3,3,5,2
"Ces2b",8,13,24,24,5,6,17,32
"Ces2c",171,264,395,335,209,220,379,355
"Ces2d-ps",41,32,38,57,28,26,48,47
"Ces2e",10,8,14,15,8,4,11,12
"Ces2f",7,13,18,13,17,8,26,18
"Ces2g",3626,5822,8386,7716,4459,3004,6674,7990
"Ces3a",0,2,1,0,0,0,1,1
"Ces3b",1,0,0,1,0,0,2,0
"Ces4a",6,5,3,7,4,10,6,7
"Cetn2",846,1627,1792,1677,1587,849,1575,1815
"Cetn3",648,1468,1256,1496,1368,915,1855,1510
"Cetn4",60,169,122,144,152,62,165,162
"Cfap126",7,19,26,12,20,11,24,18
"Cfap20",1250,2046,2465,2424,2272,1235,2084,2468
"Cfap36",493,1305,1027,1205,1160,725,1654,1303
"Cfap43",32,92,57,55,77,56,101,61
"Cfap44",0,4,2,1,6,0,5,2
"Cfap46",1,6,6,3,8,3,7,6
"Cfap52",5,8,14,8,12,7,8,14
"Cfap53",0,0,3,0,1,1,2,1
"Cfap61",0,4,1,0,2,0,4,0
"Cfap69",67,204,136,148,196,97,216,158
"Cfap70",4,2,4,7,5,3,4,5
"Cfap74",20,26,33,29,27,24,26,21
"Cfap97",381,1101,683,817,716,484,1319,791
"Cfb",314,754,641,559,1119,384,534,607
"Cfdp1",1497,2840,2902,2979,2889,1502,2867,2990
"Cfh",837,3337,1370,1885,2605,1067,2707,1769
"Cfl1",19752,33779,36147,36065,34267,18886,31230,34786
"Cfl2",7025,14145,16090,15006,13458,7841,16759,17039
"Cflar",1568,3679,2739,3699,3693,2115,4448,3655
"Cfp",42,122,95,93,108,72,128,89
"Cftr",1,0,0,2,1,1,0,1
"Cggbp1",2482,5016,4240,5208,4752,2596,5829,5034
"Cgn",21,15,35,31,11,11,22,29
"Cgnl1",1103,2662,2753,2500,2504,1142,2782,2737
"Cgref1",354,579,783,672,607,364,656,739
"Cgrrf1",653,1401,1420,1255,1408,632,1157,1331
"Ch25h",54,111,87,106,195,60,98,93
"Chac1",312,1108,548,531,3114,386,558,523
"Chac2",124,298,266,282,317,170,359,304
"Chad",0,1,6,6,1,1,9,10
"Chadl",46,93,83,84,99,47,68,85
"Chaf1a",1167,1506,1358,1820,1279,853,1544,1333
"Chaf1b",404,544,507,663,515,277,554,507
"Champ1",1407,2269,2303,2602,2255,1330,2383,2421
"Chchd1",608,926,1038,973,976,652,911,977
"Chchd10",130,347,412,272,626,147,312,340
"Chchd2",3253,4086,4573,4080,4119,3247,3935,4379
"Chchd3",1735,3186,3391,3394,3217,1764,3257,3440
"Chchd4",511,958,1123,967,1048,546,876,1031
"Chchd5",385,662,744,712,795,389,601,702
"Chchd6",253,437,438,447,385,208,386,407
"Chchd7",194,441,436,428,452,196,409,464
"Chd1",700,1872,1125,1612,1382,996,2329,1582
"Chd1l",365,594,564,659,558,299,565,595
"Chd2",963,2466,1564,2098,2104,1208,2918,2002
"Chd3",6878,12585,11863,12660,11279,6456,13096,11543
"Chd3os",68,160,159,154,185,74,153,178
"Chd4",10758,19125,22198,21953,19825,10146,21888,22514
"Chd5",11,32,12,19,38,11,14,18
"Chd6",862,2257,1668,2122,1896,1104,2872,2092
"Chd7",390,952,924,957,780,447,1213,992
"Chd8",2217,4538,4008,4502,4186,2154,5037,4241
"Chd9",803,2253,1470,1811,1606,1075,2829,1769
"Chdh",7,25,14,15,14,5,13,12
"Chek1",217,321,260,381,242,203,422,278
"Chek2",302,550,438,506,439,316,529,397
"Cherp",1873,3286,3348,3358,3111,1757,3158,3202
"Chfr",1005,1833,2155,1954,1954,1150,2078,2122
"Chgb",2,4,3,2,2,0,1,0
"Chic1",52,185,131,127,145,95,237,138
"Chic2",880,1589,1503,1558,1754,880,1450,1511
"Chid1",1015,2400,2259,2001,2013,930,1856,2007
"Chil1",33,64,137,89,66,62,109,153
"Chit1",9,13,21,10,6,11,13,10
"Chka",508,1099,952,1001,1202,625,1007,989
"Chkb",0,1,1,1,0,0,3,1
"Chm",257,806,430,477,461,258,741,526
"Chml",159,509,358,300,396,159,481,340
"Chmp1a",2144,4178,4278,3931,4270,1909,3520,3983
"Chmp1b",635,1632,1452,1604,1856,934,2023,1811
"Chmp2a",1416,2734,3248,2815,3009,1543,2568,3074
"Chmp2b",1293,2618,2779,2933,2991,1470,2952,3132
"Chmp3",2989,5550,6149,5771,6297,2779,5148,5684
"Chmp4b",3622,7414,8345,7249,9029,3837,6445,7710
"Chmp4c",32,74,46,62,57,20,57,59
"Chmp5",2763,5222,5521,5346,5657,2876,5335,5415
"Chmp6",976,1793,1957,1857,1907,975,1627,1866
"Chmp7",1571,3263,3264,2939,3317,1526,2787,2974
"Chn1",693,1086,1071,1044,933,745,1063,1038
"Chn1os3",7,19,12,15,18,14,36,21
"Chn2",175,335,371,344,347,150,312,359
"Chodl",0,1,3,0,0,0,1,0
"Chordc1",1279,2996,2236,2779,2568,1698,3684,2829
"Chp1",3176,5778,5956,5654,6861,2809,4948,5540
"Chpf",1908,3336,3316,3404,3335,1609,2900,3186
"Chpf2",2330,4763,5026,4449,5415,2102,4183,4579
"Chpt1",724,1536,1508,1478,1380,780,1836,1644
"Chrac1",714,1366,1267,1359,1614,646,1096,1288
"Chrd",447,795,860,771,782,464,880,869
"Chrdl1",3651,9310,8543,9641,6200,4574,13456,10669
"Chrm4",55,126,108,95,70,78,115,98
"Chrna1",19138,38186,42051,35370,29870,19627,38513,38185
"Chrna10",1,3,2,3,5,2,1,4
"Chrna2",1,1,1,1,2,2,1,1
"Chrna5",0,1,2,0,3,0,0,0
"Chrna9",1,0,1,1,0,0,0,0
"Chrnb1",2234,4226,4469,4123,3586,2341,4370,4368
"Chrnb2",9,51,31,17,51,19,28,22
"Chrnb4",1,3,2,2,4,2,2,1
"Chrnd",3043,6591,6053,5006,5199,3068,5638,5153
"Chrne",10,9,18,11,9,7,16,18
"Chrng",4138,8745,9211,7241,6705,4435,8269,8295
"Chst1",488,935,967,1092,1069,419,762,1056
"Chst10",48,61,53,86,74,25,55,64
"Chst11",1428,2481,2989,2760,2750,1451,2815,2768
"Chst12",1055,1955,2054,1975,1973,966,1622,1897
"Chst13",46,69,98,72,79,67,106,101
"Chst14",1046,1957,2277,2083,2340,983,1745,2131
"Chst15",1262,3212,2292,2441,2597,1065,2189,2203
"Chst2",970,1381,1039,1502,1355,968,1346,1146
"Chst3",648,1012,1027,1163,838,566,1115,1008
"Chst5",15,17,39,27,22,18,20,35
"Chst7",67,165,121,114,124,55,127,109
"Chst8",4,8,6,7,4,6,7,5
"Chsy1",2382,3846,3751,4276,3787,2152,3856,3803
"Chsy3",14,28,29,26,34,11,39,21
"Chtf18",373,480,419,575,380,251,469,474
"Chtf8",2806,5593,5616,5299,5538,2570,4762,5138
"Chtop",4714,8092,9322,9154,8717,4628,8676,9149
"Chuk",828,2030,1434,1847,1870,1140,2520,1848
"Churc1",394,633,752,720,707,414,532,726
"Ciao1",954,1867,2064,1807,1840,912,1720,1879
"Ciapin1",2137,3784,4560,4101,4471,1998,3772,4252
"Ciart",55,143,83,86,168,63,91,67
"Cib1",512,1085,1330,1050,1199,595,1033,1260
"Cib2",247,450,514,517,439,238,474,556
"Cib3",0,3,0,1,0,1,0,1
"Cic",2000,4165,3205,3535,3705,1817,3388,3097
"Cidea",0,0,1,1,2,0,0,2
"Cideb",10,9,4,14,8,11,11,12
"Cidec",0,1,0,1,0,0,0,1
"Ciita",3,2,3,4,3,0,4,4
"Cilp",17479,22108,33213,33518,19699,17262,29517,32079
"Cilp2",26,26,48,42,28,20,52,45
"Cinp",844,1388,1574,1462,1532,819,1367,1409
"Cipc",982,1865,2251,1998,2012,1039,2289,2156
"Cir1",234,547,390,500,443,297,648,518
"Cirbp",1034,1912,2758,2322,2198,1017,2132,2814
"Cirh1a",1286,2189,2768,2505,2476,1239,2335,2593
"Cisd1",956,1767,1998,1878,2065,941,1593,2068
"Cisd2",1144,2325,2000,2360,2338,1180,2521,2316
"Cisd3",339,625,652,607,629,369,603,631
"Cish",18,43,35,40,54,12,34,41
"Cit",469,712,540,755,619,376,844,557
"Cited1",3,4,3,3,3,2,5,1
"Cited2",3629,7771,5480,6713,7751,3272,5494,5832
"Cited4",0,0,0,2,3,2,0,2
"Ciz1",1208,2287,2164,2212,2483,1142,1967,2054
"Ckap2",1042,1879,1797,2200,1456,1355,2801,2278
"Ckap2l",1464,2402,1641,2590,1687,1560,2993,2097
"Ckap4",8569,13423,15141,15821,13670,7817,14088,14752
"Ckap5",1829,5185,2898,4195,3303,2312,6414,3988
"Ckb",2568,3809,4744,4227,2582,2378,3997,4399
"Cklf",84,201,122,159,173,91,168,162
"Ckm",1896,2414,4084,3084,1974,1883,3380,3817
"Ckmt2",15,26,38,25,16,15,33,43
"Cks1b",1380,1969,2041,2316,1897,1134,1909,1992
"Cks2",1103,1376,1551,1792,1220,985,1473,1543
"Clasp1",2714,5134,5668,5462,4945,2775,5993,5442
"Clasp2",854,1696,1677,1944,1641,920,2167,1990
"Clasrp",442,753,720,798,811,465,740,730
"Clca1",2,8,6,5,5,4,13,6
"Clca2",57,77,91,113,78,60,114,99
"Clca3a1",9,17,10,15,8,12,16,9
"Clca3a2",0,1,2,4,1,0,3,4
"Clca3b",10,14,15,21,17,8,23,12
"Clca4a",2,2,5,2,4,2,5,4
"Clca4b",1,1,1,1,0,0,2,1
"Clcc1",772,1371,1502,1485,1532,780,1451,1463
"Clcf1",378,639,757,763,900,412,706,815
"Clcn1",4,21,13,12,6,8,16,19
"Clcn2",154,299,314,321,343,150,297,347
"Clcn3",549,1313,954,1257,1161,717,1612,1277
"Clcn4-2",1542,3295,2844,3060,3373,1708,3355,2937
"Clcn5",753,2291,1435,1592,1764,709,2118,1501
"Clcn6",467,1134,1017,982,1078,388,1011,1040
"Clcn7",1224,2912,2473,2292,3132,1169,2257,2389
"Clcnka",36,36,46,49,47,41,57,37
"Clcnkb",4,10,14,7,11,5,13,20
"Cldn1",14,38,18,30,14,16,29,30
"Cldn12",947,1658,1857,1924,2026,935,1903,1904
"Cldn13",0,0,1,2,2,0,0,2
"Cldn14",0,2,4,2,2,0,2,2
"Cldn15",18,19,38,31,23,11,24,28
"Cldn19",1,1,1,3,1,0,4,5
"Cldn2",15,27,27,30,37,17,29,29
"Cldn20",5,6,4,5,0,3,6,0
"Cldn22",6,8,9,7,10,5,6,8
"Cldn23",0,2,2,0,2,9,0,0
"Cldn3",3,18,2,5,14,1,6,4
"Cldn34c1",9,14,19,11,23,15,8,18
"Cldn4",3,2,2,4,2,3,2,1
"Cldn5",0,5,2,1,2,0,6,3
"Cldn7",1,0,0,1,1,0,1,0
"Cldn9",8,6,5,8,5,2,3,2
"Cldnd1",1801,3361,3760,3982,4168,1805,3725,4076
"Clec10a",1,1,1,2,0,0,2,3
"Clec11a",57,103,100,105,84,51,96,100
"Clec16a",1251,2580,2460,2410,2431,1061,2364,2320
"Clec1a",4,5,4,6,3,2,7,3
"Clec2d",751,1656,1776,1664,2211,861,1428,1768
"Clec2e",1,1,0,1,0,1,2,2
"Clec2g",0,0,0,1,1,0,2,1
"Clec2i",1,0,1,1,0,0,0,0
"Clec2l",11,13,7,18,13,3,16,8
"Clec3b",39,162,164,139,182,41,77,170
"Clec4e",1,2,0,1,72,1,1,0
"Clec5a",0,1,1,0,0,2,2,0
"Clgn",0,1,0,0,2,0,0,1
"Clhc1",0,5,3,2,4,1,6,3
"Clic1",8086,15172,14413,14451,16685,7418,12139,13472
"Clic3",70,122,140,92,99,59,142,152
"Clic4",12802,24097,25393,25179,24420,12464,24111,25428
"Clic5",104,284,364,224,356,169,353,347
"Clic6",0,1,2,0,0,0,1,0
"Clint1",2720,5177,5023,5553,5345,2837,5791,5491
"Clip1",1828,4763,3582,4428,4159,2657,6030,4567
"Clip2",1165,2104,2279,2279,2267,932,1802,2176
"Clip3",1031,2024,2222,2056,2158,895,1690,2081
"Clip4",352,783,675,824,766,342,932,874
"Clk1",1122,2840,2780,3423,3053,1708,4357,3832
"Clk2",159,256,240,273,263,174,227,259
"Clk3",1294,2236,2511,2376,2470,1176,2102,2369
"Clk4",676,1296,1220,1479,1418,837,1581,1490
"Clmn",173,403,372,357,315,220,408,349
"Clmp",656,1854,1360,1524,2464,573,1420,1474
"Cln3",94,236,242,211,309,110,216,225
"Cln5",1560,3509,2813,3018,4243,1627,2929,2975
"Cln6",604,1109,931,1063,1063,565,900,1000
"Cln8",992,2238,2158,1993,3127,936,1758,2047
"Clns1a",1223,2023,2481,2184,2208,1183,1896,2310
"Clock",657,2390,1127,1566,1382,1021,3058,1711
"Clp1",302,618,603,614,676,326,617,667
"Clpb",946,1857,1905,1761,1876,861,1745,1893
"Clpp",600,1131,1385,1216,1390,640,1084,1307
"Clptm1",3100,6916,6128,5782,6912,2865,5238,5905
"Clptm1l",3905,8327,8384,7569,9049,3704,6864,7703
"Clpx",1010,2025,1919,2125,1899,1108,2416,2167
"Clrn1",110,132,168,216,107,89,216,183
"Clspn",481,844,557,900,628,543,1023,710
"Clstn1",4741,10201,8580,9085,9598,4029,7648,8147
"Clstn2",2,1,3,2,2,0,1,0
"Clstn3",64,108,101,124,107,42,96,95
"Clta",3261,6182,6442,6093,6693,3085,5266,6141
"Cltb",1354,2750,3004,2528,3013,1454,2445,2666
"Cltc",10575,21774,19229,21662,20091,9503,22993,20838
"Clu",157,409,422,326,552,163,321,380
"Cluap1",334,527,606,635,585,302,549,594
"Cluh",2562,4891,5808,5122,4984,2291,4825,5445
"Clvs1",19,27,20,32,26,17,32,29
"Clybl",497,1204,1012,938,1192,558,814,945
"Cma1",2,3,4,4,0,3,3,3
"Cmah",274,728,415,519,541,310,693,490
"Cmas",1103,2192,2297,2085,2173,1147,2043,2167
"Cmbl",139,251,303,257,234,114,255,280
"Cmc1",220,439,406,420,470,220,395,420
"Cmc2",329,513,539,573,482,256,501,562
"Cmc4",27,43,33,50,48,30,44,46
"Cmip",884,1770,1738,1804,1744,934,1824,1769
"Cmklr1",982,1397,1050,1460,943,803,1450,1066
"Cml1",21,43,48,43,47,15,34,39
"Cml2",1,1,2,1,1,0,1,0
"Cmpk1",2235,3922,4125,4894,4332,2726,4863,4875
"Cmpk2",8,7,2,12,8,9,8,10
"Cmss1",123,169,260,250,255,106,202,252
"Cmtm3",1106,2387,2391,2195,3078,1013,1834,2282
"Cmtm4",1440,3171,3023,2982,3089,1250,2893,2868
"Cmtm5",0,1,1,0,1,1,1,0
"Cmtm6",1227,2289,2351,2353,2343,1193,2132,2273
"Cmtm7",544,816,881,973,966,458,802,913
"Cmtm8",1,1,2,1,0,0,0,0
"Cmtr1",161,203,188,196,165,111,194,165
"Cmtr2",268,520,513,502,522,262,510,456
"Cmya5",4,6,6,6,3,6,12,7
"Cnbd2",27,59,94,51,88,23,60,60
"Cnbp",9394,15955,18738,18452,17756,8633,16776,19063
"Cndp2",614,1615,1406,1196,2246,667,1152,1289
"Cnep1r1",1671,3015,2890,3704,3106,1932,3935,3789
"Cnga2",3,0,0,3,1,1,2,0
"Cnga4",1,1,1,3,0,1,2,4
"Cngb1",16,58,43,49,49,12,42,52
"Cnih1",3240,5504,5785,5781,5971,2869,5078,5785
"Cnih2",46,88,76,78,53,38,90,69
"Cnih3",6,9,8,9,5,3,14,7
"Cnih4",1440,2664,3022,2836,2950,1403,2693,2986
"Cnksr1",19,45,65,39,41,23,53,48
"Cnksr2",5,7,13,12,4,9,14,18
"Cnksr3",1337,2620,2168,2368,2359,1169,2089,2121
"Cnn1",303,275,344,466,236,244,383,334
"Cnn2",9000,13560,18173,17973,12588,8086,14528,17449
"Cnn3",27257,41042,52356,50214,37545,26102,46499,51082
"Cnnm2",315,873,638,586,926,325,566,604
"Cnnm3",708,1499,1353,1355,1539,651,1193,1324
"Cnnm4",510,1013,826,854,933,523,816,770
"Cnot1",5958,11551,10522,12638,11002,5735,14326,12143
"Cnot10",1253,2212,2465,2431,2322,1047,2219,2349
"Cnot11",1231,2302,2537,2437,2407,1163,2262,2493
"Cnot2",1715,3721,3240,3820,3592,2011,4152,3822
"Cnot3",1147,1685,1918,1913,1738,1068,1698,1790
"Cnot4",555,1347,941,1112,1164,743,1449,1120
"Cnot6",1873,4635,3072,4377,3397,2476,6060,4270
"Cnot6l",1394,4035,2615,3227,2771,2097,5506,3465
"Cnot7",1464,3202,2412,2958,2748,1763,3807,2915
"Cnot8",1550,2937,3403,3020,3376,1597,2899,3198
"Cnp",751,1312,1330,1303,1124,616,1142,1186
"Cnppd1",1148,2594,2587,2246,3306,1113,2174,2457
"Cnpy2",1965,3948,4310,3933,3957,1836,3334,4047
"Cnpy3",1086,2418,2381,2106,2647,937,1786,2189
"Cnpy4",1140,2033,2373,2310,2325,1125,2040,2316
"Cnr1",110,288,137,200,231,247,465,195
"Cnrip1",113,199,208,224,218,134,186,214
"Cnst",777,1271,1360,1440,1291,658,1314,1366
"Cntd1",12,17,12,21,15,7,23,20
"Cntf",4,5,3,4,3,2,10,5
"Cntfr",27,65,66,62,52,20,56,64
"Cntln",199,459,324,408,394,215,482,436
"Cntn1",0,1,0,1,2,0,1,1
"Cntn3",9,18,22,12,19,10,20,10
"Cntn4",0,1,0,0,1,1,0,1
"Cntn5",1,1,2,1,1,1,1,0
"Cntn6",1,1,1,1,2,4,4,0
"Cntnap1",116,206,157,191,349,88,179,149
"Cntnap4",17,29,13,26,37,17,26,16
"Cntnap5a",1,1,3,2,3,0,1,3
"Cntrl",245,602,347,535,423,322,818,526
"Cntrob",736,1045,1137,1281,1027,612,1120,1066
"Coa3",736,1572,1843,1448,1594,791,1434,1591
"Coa4",87,168,194,182,177,99,168,208
"Coa5",2800,5052,5743,5416,5041,2670,5596,5451
"Coa6",198,356,437,379,399,191,343,391
"Coa7",224,387,397,403,375,195,376,366
"Coasy",653,1329,1477,1233,1464,588,1186,1282
"Cobl",1431,2239,3135,2571,1994,1561,2901,2867
"Cobll1",537,1101,1303,1418,1299,534,1562,1526
"Coch",5,3,3,6,5,3,4,7
"Cog1",867,1622,1400,1499,1526,863,1347,1392
"Cog2",695,1452,1429,1311,1333,638,1298,1247
"Cog3",1225,2388,2211,2599,2481,1296,2609,2502
"Cog4",1631,3125,3095,2965,2884,1496,2987,2917
"Cog5",378,860,699,804,647,374,918,732
"Cog6",1572,2865,3058,2943,2893,1402,2714,2851
"Cog7",675,1313,1304,1305,1373,663,1231,1215
"Cog8",677,1306,1279,1239,1329,685,1128,1195
"Coil",325,550,577,583,581,295,561,507
"Col10a1",8,16,20,21,21,13,16,32
"Col11a1",172,360,158,258,288,317,452,189
"Col11a2",17,48,35,36,55,34,59,47
"Col12a1",46005,96364,78440,94572,87154,40060,94152,83557
"Col13a1",22,38,47,33,26,18,61,40
"Col14a1",150,324,214,285,426,129,272,239
"Col15a1",4,1,5,5,5,1,4,4
"Col16a1",1474,3083,2842,3097,2868,1253,2558,2858
"Col17a1",64,116,78,126,116,59,88,118
"Col18a1",6382,9770,10447,10915,8476,6255,11015,9785
"Col19a1",20,37,43,41,21,20,45,42
"Col1a1",40490,52129,40263,58518,43415,40925,60072,41424
"Col1a2",88509,140822,146225,160823,121996,86868,158615,147238
"Col20a1",32,38,46,38,40,30,35,33
"Col22a1",2,2,5,2,5,0,2,3
"Col23a1",134,182,312,229,198,182,299,259
"Col24a1",68,180,178,197,139,100,269,237
"Col25a1",37,83,87,93,75,70,177,108
"Col26a1",37,51,104,76,65,50,81,93
"Col27a1",194,373,296,444,315,171,474,421
"Col28a1",10,27,11,13,32,20,24,12
"Col2a1",1,0,2,2,1,2,0,0
"Col3a1",161778,298466,305934,319469,333590,170417,301851,308533
"Col4a1",14338,28583,27794,27888,22195,12435,26384,26507
"Col4a2",11404,23028,22279,21615,18786,10189,20420,20816
"Col4a3",3,3,1,5,5,1,1,2
"Col4a3bp",1020,2881,2099,2327,2509,1361,3434,2483
"Col4a4",2,2,4,6,2,0,4,4
"Col4a5",849,1713,1193,1483,1139,734,1678,1123
"Col4a6",46,99,45,64,41,26,69,35
"Col5a1",42623,66366,67527,73863,61377,44445,78387,65674
"Col5a2",40085,74799,75920,80179,79205,44184,87229,78342
"Col5a3",5104,8226,7992,8650,7709,5859,9791,7788
"Col6a1",50884,77991,102208,102546,62646,43632,89316,99916
"Col6a2",30081,43174,54818,57971,33257,25747,50395,53715
"Col6a3",16314,25159,27254,31807,20422,12787,29104,27395
"Col6a4",8,24,17,18,6,9,17,15
"Col6a5",3,5,2,4,0,0,4,2
"Col7a1",31,71,53,59,64,39,80,63
"Col8a1",6636,13568,10801,13935,10011,9627,19945,13478
"Col8a2",5751,6933,8605,9963,4696,4014,8200,8201
"Col9a2",0,2,5,1,1,0,2,2
"Col9a3",6,12,4,8,5,5,13,5
"Colec10",57,243,81,138,109,39,130,128
"Colec12",6054,15062,11556,13843,13836,6097,13431,13378
"Colgalt1",5214,9711,10141,9879,9604,4779,8897,9659
"Colq",125,204,344,238,173,122,285,287
"Commd1",1135,2046,2366,2174,2293,1062,2041,2235
"Commd10",912,1735,1734,1776,1752,873,1591,1786
"Commd2",722,1380,1542,1342,1449,745,1297,1431
"Commd3",1979,3654,4079,3925,4267,1859,3650,4156
"Commd4",441,951,938,847,1030,453,809,915
"Commd5",635,1064,1241,1139,1021,513,994,1142
"Commd6",446,961,928,899,1048,509,837,932
"Commd7",916,1755,1877,1815,2054,931,1607,1881
"Commd8",795,1708,1487,1681,1619,951,1947,1757
"Commd9",591,1009,1119,1031,1098,576,917,1030
"Comp",17,22,19,24,13,6,22,17
"Comt",1824,3225,3583,3297,3763,1727,2985,3423
"Comtd1",179,339,372,348,386,127,270,339
"Copa",13360,25128,25272,25384,24372,11344,22627,23719
"Copb1",5118,9335,9525,10424,9737,4853,10299,10166
"Copb2",7582,13095,15298,15118,14249,7225,14255,15249
"Cope",2405,4673,4736,4407,4815,2326,3887,4305
"Copg1",6477,11560,11744,12208,11064,5663,10984,11481
"Copg2",1928,3353,3440,3621,3056,1676,3312,3341
"Coprs",188,469,473,377,490,214,383,448
"Cops2",2049,5213,3806,4658,4305,2246,6393,4892
"Cops3",2151,3498,4141,3889,3647,2082,3620,3960
"Cops4",2422,4300,4695,4567,4197,2156,4016,4504
"Cops5",2425,3961,5364,4729,4281,2345,4504,5070
"Cops6",2360,4315,5377,4649,4587,2416,4261,4860
"Cops7a",1922,3609,3983,3653,4011,1755,3561,3745
"Cops7b",618,1078,1289,1154,1162,605,1001,1227
"Cops8",2110,3825,4264,4043,4016,2046,3742,4278
"Copz1",3399,6476,6376,6437,6045,3051,5512,6245
"Copz2",2017,3571,4061,3947,3288,1979,3387,4020
"Coq10a",467,1039,1077,887,1087,526,896,1007
"Coq10b",1329,2196,2290,2421,2130,1351,2600,2442
"Coq2",756,1304,1343,1328,1490,867,1223,1307
"Coq3",454,785,909,877,864,473,800,875
"Coq4",214,466,464,394,441,230,380,409
"Coq5",870,1618,1974,1748,1675,866,1703,1932
"Coq6",445,822,916,870,789,435,768,854
"Coq7",282,418,509,504,473,228,409,507
"Coq9",1909,3310,3764,3356,3134,1839,3214,3431
"Corin",3,2,2,4,6,1,3,3
"Coro1a",8,32,38,19,29,12,21,18
"Coro1b",4148,8594,7803,7505,9137,3670,6535,7153
"Coro1c",3926,7134,7112,7300,7485,3513,6197,6916
"Coro2a",136,191,149,219,225,138,195,170
"Coro2b",1181,2105,2158,2187,1911,1044,1927,2104
"Coro6",631,1280,1367,1069,1037,749,1397,1239
"Coro7",365,671,744,705,672,289,674,696
"Cort",5,5,9,4,4,4,6,9
"Cotl1",1694,2186,2492,2786,1841,1541,2412,2396
"Cox10",320,539,592,555,690,323,568,587
"Cox11",302,571,537,533,570,342,572,536
"Cox14",950,1890,2048,1798,1888,1025,1702,1846
"Cox15",1100,1779,2138,2107,1839,1078,2017,2164
"Cox16",224,227,255,211,230,184,188,256
"Cox17",535,1134,1265,1103,1194,604,1159,1188
"Cox18",384,594,767,751,754,419,644,802
"Cox19",807,1524,1631,1486,1424,814,1409,1570
"Cox20",347,586,695,770,608,415,758,850
"Cox4i1",6204,11880,13347,11782,12399,6139,10437,12311
"Cox4i2",1,1,1,2,0,1,1,1
"Cox5a",2276,3995,5060,4236,4036,2262,4111,4465
"Cox5b",2159,3919,4617,4026,3874,2187,3817,4365
"Cox6a1",2685,4850,5559,5166,4782,2440,4466,5427
"Cox6a2",153,362,469,321,288,244,349,451
"Cox6b1",2897,5639,6295,5593,5214,3068,5294,6047
"Cox6b2",5,14,13,7,5,5,12,7
"Cox6c",3664,7098,7108,7521,7019,3878,6981,8031
"Cox7a1",35,57,63,63,72,31,51,61
"Cox7a2",2023,3750,4462,3975,4015,2066,3612,4213
"Cox7a2l",3302,5935,6133,5659,6530,3205,4886,5914
"Cox7b",2251,4383,5176,4861,4657,2536,4469,5418
"Cox7b2",1,5,3,4,3,1,4,5
"Cox7c",2641,4472,5371,4789,5031,2876,4426,5356
"Cox8a",2815,5255,6219,5669,5930,2767,4952,5953
"Cox8b",43,116,147,85,97,58,115,133
"Cp",5147,17929,11370,13414,19005,5792,13577,13551
"Cpa1",3,6,8,8,6,5,7,6
"Cpa2",0,6,4,3,6,1,5,3
"Cpa4",47,102,104,88,70,48,109,82
"Cpa5",1,7,6,7,4,4,15,6
"Cpa6",0,7,20,7,13,8,7,15
"Cpd",3365,7824,6929,7749,7504,3654,9132,8203
"Cpe",2672,6244,4045,4498,5213,2321,3976,3640
"Cpeb1",119,291,321,236,428,153,287,279
"Cpeb2",146,461,290,332,392,273,543,360
"Cpeb3",174,418,443,466,417,224,548,505
"Cpeb4",392,1327,744,880,908,597,1671,956
"Cped1",137,478,266,337,294,156,427,335
"Cplx1",1,1,0,1,1,0,3,0
"Cplx2",489,964,966,1072,893,566,1194,1098
"Cplx3",15,24,33,26,15,13,24,19
"Cpm",7,9,24,25,17,9,27,32
"Cpn1",1,11,4,3,4,2,5,5
"Cpn2",0,1,2,1,2,0,1,1
"Cpne1",2068,3190,3553,3463,3369,1999,3235,3404
"Cpne2",1150,2011,2371,2148,2667,1035,1947,2197
"Cpne3",1254,3751,2095,3001,2788,1936,4616,2887
"Cpne5",6,21,9,8,5,4,12,8
"Cpne7",1,5,7,3,5,1,7,3
"Cpne8",1037,1913,1787,2183,2089,1104,2289,2105
"Cpne9",1,1,1,1,1,0,1,0
"Cpox",731,1567,1525,1642,1984,793,1552,1696
"Cpped1",1536,2851,3107,3081,3026,1506,3026,3205
"Cpq",4099,8200,9134,8339,8607,3785,6907,8805
"Cps1",0,2,3,3,1,0,5,0
"Cpsf1",2192,4299,4224,4115,4106,1894,3775,3978
"Cpsf2",1470,2950,2898,3203,3082,1817,3693,3349
"Cpsf3",1686,3069,3468,3285,3360,1568,2961,3278
"Cpsf3l",1217,2243,2528,2371,2493,1146,2134,2464
"Cpsf4",470,757,853,894,839,378,757,871
"Cpsf4l",3,3,3,3,3,0,1,0
"Cpsf6",1377,3386,2870,3045,2736,1800,4077,3233
"Cpsf7",1921,3499,3651,3726,3388,1848,3761,3642
"Cpt1a",4688,8596,10761,10450,11064,3772,8368,10326
"Cpt1b",1,0,4,0,2,2,1,3
"Cpt1c",432,751,759,781,685,377,737,692
"Cpt2",840,1468,1685,1552,1456,712,1365,1561
"Cptp",443,762,942,845,902,405,727,872
"Cpvl",1,3,5,4,1,2,2,6
"Cpxm1",14,27,28,31,43,14,30,36
"Cpz",181,271,274,313,268,202,273,282
"Cr1l",1119,2077,2498,2324,2759,1154,2078,2441
"Cr2",0,0,0,2,1,0,0,2
"Crabp1",79,31,33,90,52,41,31,16
"Crabp2",1248,2436,1961,1883,2535,1530,2006,1765
"Cracr2a",1,1,1,0,0,1,0,0
"Cracr2b",55,86,100,92,72,59,94,88
"Cradd",154,299,291,267,305,153,241,256
"Cramp1l",519,997,956,1079,1082,595,1218,1068
"Crat",1495,3140,3094,2846,2889,1288,2748,2966
"Crb1",1,0,0,1,0,1,0,0
"Crb2",2,0,0,2,2,0,0,0
"Crbn",644,1485,1208,1348,1246,809,1829,1419
"Crcp",536,1026,1223,1061,1205,559,1034,1198
"Crct1",0,4,2,1,6,1,1,2
"Creb1",588,1901,1099,1474,1318,823,2342,1469
"Creb3",1606,3040,3309,3072,3404,1576,2723,3086
"Creb3l1",5701,8576,11002,10852,8588,5478,9797,10715
"Creb3l2",960,2003,1771,1872,1702,816,1851,1670
"Creb3l3",20,24,38,35,30,30,34,29
"Creb3l4",9,8,14,17,33,9,13,11
"Creb5",44,131,62,83,110,49,98,67
"Crebbp",506,1138,781,995,966,503,1239,809
"Crebl2",216,533,538,476,645,253,431,515
"Crebrf",194,887,405,475,894,278,804,519
"Crebzf",484,997,1111,1229,1145,600,1430,1302
"Creg1",1144,2615,2538,2288,3310,1016,1983,2369
"Creg2",9,19,19,25,24,18,35,31
"Creld1",1309,2930,2770,2497,2898,1391,2281,2562
"Creld2",1324,3210,2461,2358,2992,1285,2057,2162
"Crem",169,324,318,354,398,162,343,332
"Crh",3,4,9,4,6,1,9,7
"Crhbp",4,8,3,6,4,5,4,8
"Crim1",599,1582,1263,1553,1635,664,1545,1590
"Crip1",3987,6641,7464,7246,6089,4239,6672,7167
"Crip2",13545,22755,27552,25048,20763,12725,22823,25550
"Crip3",2,0,0,2,0,1,2,1
"Cript",1261,2405,2386,2345,2528,1233,2194,2408
"Crisp2",1,6,5,1,2,3,5,1
"Crispld1",3,3,1,4,8,1,4,1
"Crispld2",11,9,10,14,11,8,10,4
"Crk",3875,8561,7435,8858,8081,4656,10258,9085
"Crkl",1817,3429,3682,3525,3652,1771,3653,3531
"Crlf1",6300,8347,11919,11504,7485,5889,10022,11060
"Crlf2",125,260,205,200,301,116,201,203
"Crlf3",864,1411,1742,1694,1587,901,1621,1714
"Crls1",862,1765,1683,1680,1843,861,1622,1750
"Crmp1",5,10,4,5,3,8,6,0
"Crnde",144,218,311,313,185,135,264,333
"Crnkl1",1011,2256,1946,2294,2089,1247,2849,2425
"Crocc",288,532,364,475,377,204,423,364
"Crot",1017,1957,1890,2141,2093,959,2188,2172
"Crtap",3103,5698,6542,6415,5951,2777,5223,6439
"Crtc1",897,1480,1604,1680,1441,684,1418,1562
"Crtc2",753,1482,1485,1418,1554,730,1427,1461
"Crtc3",632,1248,1152,1195,1199,606,1072,1137
"Cry1",403,840,658,657,884,423,690,587
"Cry2",334,683,582,586,667,298,527,555
"Cryaa",0,0,0,0,1,0,1,1
"Cryab",5254,10129,12568,9647,8607,5236,10228,11185
"Cryba4",21,33,54,35,27,25,39,42
"Crybb1",7,1,5,7,3,4,4,7
"Crybb3",7,14,8,10,9,10,14,9
"Crybg3",214,489,369,430,450,257,613,390
"Crygn",0,0,0,0,1,0,1,1
"Crygs",1,1,0,1,0,0,3,1
"Cryl1",162,237,314,323,233,112,232,308
"Crym",24,34,75,38,43,35,60,57
"Cryz",1188,2351,2315,2303,2192,1062,1955,2221
"Cryzl1",612,928,947,1014,995,573,905,991
"Cs",9233,15897,18607,17376,15193,8347,15625,17478
"Csad",563,1123,1178,1202,1102,486,973,1153
"Csdc2",492,774,1283,984,656,497,1009,1191
"Csde1",6324,14957,11701,14152,13076,9059,19530,15455
"Cse1l",3143,5641,5337,6133,5130,2950,6728,5809
"Csf1",10500,16347,20155,21261,17279,8953,18388,19687
"Csf1r",27,39,46,49,35,32,43,56
"Csf2",1,4,0,1,9,1,3,0
"Csf2ra",4,15,13,12,13,8,20,17
"Csf2rb",50,373,234,154,1360,51,170,243
"Csf2rb2",6,5,4,11,18,3,5,4
"Csf3",0,3,0,0,7,1,1,1
"Csgalnact1",1288,3144,2500,2701,4383,1431,2716,2652
"Csgalnact2",878,2340,1527,2026,2132,1140,2649,1940
"Csk",1787,3305,3378,3288,3344,1656,2928,3149
"Csl",0,2,2,4,3,2,1,0
"Csmd1",14,11,23,18,36,7,9,12
"Csmd2",1,1,0,1,1,0,0,0
"Csmd3",0,2,2,2,1,0,5,2
"Csn3",0,3,3,1,3,1,2,3
"Csnk1a1",8226,14072,15201,16587,13402,8298,17990,16369
"Csnk1d",4798,9210,9436,9322,9831,4528,8542,8951
"Csnk1e",2073,4187,4279,4130,4257,2371,4363,4322
"Csnk1g1",816,1638,1766,1860,1580,922,2187,1935
"Csnk1g2",3990,7820,7281,7272,7531,3714,6506,7056
"Csnk1g3",1011,2274,1722,2165,1872,1123,2534,2141
"Csnk2a1",3561,6008,6240,6861,6187,3709,6982,6876
"Csnk2a2",1411,2565,3134,2856,3033,1427,2820,3092
"Csnk2b",1985,3601,3906,3789,3747,1906,3454,3908
"Cspg4",1129,2223,2439,2285,2527,1031,2217,2380
"Cspg5",3,0,6,10,8,8,3,12
"Cspp1",129,423,259,345,340,213,515,375
"Csrnp1",324,624,539,525,540,292,499,414
"Csrnp2",532,984,1098,1014,1094,489,1056,1038
"Csrnp3",0,1,7,1,1,1,4,3
"Csrp1",9374,12889,15257,15756,12421,8543,12398,14482
"Csrp2",2653,3362,4095,4488,3040,2611,3957,3844
"Csrp2bp",860,1653,1671,1651,1748,766,1541,1639
"Csrp3",464,734,1258,904,730,593,1058,1150
"Cst3",10574,25116,26435,23398,24909,9758,18204,25052
"Cst6",277,756,579,461,675,297,468,507
"Cstad",5,11,8,13,7,5,18,12
"Cstb",1863,4206,4445,3684,5392,1757,3278,3923
"Cstf1",925,1513,1736,1654,1466,798,1523,1670
"Cstf2",784,1767,1390,1713,1605,949,2146,1725
"Cstf2t",1704,3112,3318,3441,3163,1703,3356,3341
"Cstf3",770,1518,1463,1653,1377,849,1882,1632
"Cstl1",1,1,1,3,3,3,4,2
"Ctage5",693,1962,1460,1678,1928,964,2267,1810
"Ctbp1",6078,10286,11856,11361,10536,5460,9825,11208
"Ctbp2",657,1207,1136,1289,1252,683,1359,1280
"Ctbs",203,434,363,380,399,249,433,415
"Ctc1",1264,2316,2320,2371,2220,1091,2050,2204
"Ctcf",1811,3431,3022,3650,3423,1905,3731,3506
"Ctdnep1",2407,4752,4565,4359,4876,2360,3864,4229
"Ctdp1",1004,1878,2052,1982,2136,982,1804,2026
"Ctdsp1",2773,5172,5077,4797,5295,2594,4445,4789
"Ctdsp2",7490,13939,12372,12606,13711,6272,10914,11695
"Ctdspl",737,1227,1170,1495,1214,706,1318,1362
"Ctdspl2",544,1507,962,1268,1072,742,1838,1257
"Ctf1",120,215,196,188,197,111,205,185
"Ctf2",1,3,3,5,2,2,2,4
"Ctgf",4180,8117,2617,5383,5374,4220,4657,2905
"Cth",43,153,85,76,440,29,77,72
"Cthrc1",456,485,623,805,417,443,643,643
"Ctif",1453,2469,2722,2632,2446,1354,2527,2559
"Ctla2a",336,608,816,621,610,432,617,738
"Ctla2b",51,120,105,80,97,85,94,74
"Ctnna1",16612,28596,32969,32587,26586,14449,31078,32068
"Ctnna3",0,1,4,1,2,1,6,5
"Ctnnal1",415,705,635,806,758,384,748,730
"Ctnnb1",17319,35573,35109,33866,35855,14990,31397,33739
"Ctnnbip1",1008,1675,1746,1801,1612,796,1533,1605
"Ctnnbl1",883,1706,1826,1657,1609,809,1503,1561
"Ctnnd1",10131,18775,18925,19813,16373,8690,18675,18448
"Ctnnd2",0,1,2,1,0,0,2,2
"Ctns",682,1530,1699,1330,1855,665,1370,1501
"Ctps",2790,5011,5714,5597,6183,2726,5092,5624
"Ctps2",1480,3153,3279,3095,3777,1384,2624,3048
"Ctr9",1508,3077,2910,3039,2959,1481,2974,2955
"Ctrb1",327,583,1130,713,393,401,876,1061
"Ctrl",3,4,8,6,3,2,5,1
"Ctsa",4241,12961,9640,8463,16645,4355,7644,9162
"Ctsb",20089,57852,47629,41113,79627,19366,37013,43684
"Ctsc",98,150,237,178,138,116,221,208
"Ctsd",21833,57365,50845,42236,61953,21769,41001,46000
"Ctsf",540,1509,1457,1103,1715,609,1096,1268
"Ctsh",368,771,984,748,875,370,727,853
"Ctsk",7,7,16,15,14,5,11,18
"Ctsl",19098,45971,45579,38038,61549,18338,35891,41596
"Ctso",628,1322,1206,1294,1219,578,1217,1227
"Ctss",1,3,10,3,3,1,3,4
"Ctsw",63,72,87,86,67,74,92,77
"Ctsz",4243,8790,9177,8199,9951,3977,7290,8411
"Cttn",6393,11239,13114,12352,12105,5870,11030,12253
"Cttnbp2nl",1028,2490,1648,2084,2135,1160,2374,1937
"Ctu1",227,410,422,451,414,210,388,448
"Ctu2",314,578,739,651,702,303,570,725
"Ctxn1",222,462,334,402,460,210,312,355
"Ctxn3",208,298,568,446,338,292,479,604
"Cubn",79,152,143,150,141,75,181,149
"Cuedc1",1291,2420,2811,2576,2309,1404,2441,2755
"Cuedc2",1356,2560,2756,2474,2550,1318,2186,2573
"Cul1",2867,6135,5197,6109,5595,3185,7135,6361
"Cul2",981,2458,2025,2245,2161,1226,2934,2379
"Cul3",1667,4521,3217,3822,3562,2308,5791,3998
"Cul4a",3732,7368,8566,7697,7903,3840,8165,8181
"Cul4b",898,2662,1637,2013,1841,1178,3207,1969
"Cul5",718,2375,1439,1754,1648,1102,3134,1863
"Cul7",3249,6091,6394,6122,5162,2539,5530,5849
"Cul9",6,15,12,12,8,13,9,9
"Cuta",815,1628,1647,1555,1713,772,1328,1517
"Cutal",2,5,4,5,6,2,4,6
"Cutc",131,249,233,255,245,117,215,242
"Cux1",2518,4660,4618,4933,4508,2300,4819,4668
"Cux2",3,1,1,3,2,1,5,0
"Cuzd1",1,0,1,1,0,0,0,0
"Cwc15",1669,3026,3266,3402,3560,1840,3288,3583
"Cwc22",476,1322,734,1171,967,661,1603,1185
"Cwc25",733,1452,1587,1469,1520,796,1441,1454
"Cwc27",304,647,575,785,714,429,844,828
"Cwf19l1",385,664,767,758,678,363,649,760
"Cwf19l2",181,569,377,444,408,202,665,542
"Cwh43",0,1,0,1,1,1,1,2
"Cx3cl1",1837,2923,3328,3408,2708,1353,2739,3042
"Cx3cr1",1,1,0,1,2,1,1,0
"Cxadr",187,474,281,355,358,259,557,296
"Cxcl1",1282,8243,3436,3021,22347,1156,2133,3138
"Cxcl10",47,73,34,63,208,113,75,52
"Cxcl11",1,0,1,1,4,1,0,0
"Cxcl12",8577,25062,16975,17230,35422,8443,14644,15718
"Cxcl13",25,49,40,43,27,39,71,35
"Cxcl14",1676,1743,3329,2819,2332,2254,3218,3021
"Cxcl15",4,6,11,8,3,3,4,7
"Cxcl16",459,863,877,832,778,428,734,795
"Cxcl2",1,0,0,1,1,0,0,1
"Cxcl5",5522,32975,17984,16030,75134,3914,10558,17930
"Cxcl9",15,26,11,19,24,25,32,8
"Cxcr4",1390,2100,2544,2580,1530,1409,2468,2507
"Cxcr5",27,35,38,36,36,29,43,31
"Cxcr6",16,32,50,41,23,29,52,66
"Cxx1a",180,335,349,317,299,194,332,334
"Cxx1b",219,398,441,428,394,217,371,456
"Cxx1c",170,303,334,325,255,146,231,306
"Cxxc1",1178,2025,2142,2137,2234,1127,1872,2083
"Cxxc5",1852,2887,3492,3604,2765,1635,3022,3432
"Cyb561",16,32,15,26,42,10,24,16
"Cyb561a3",1080,1971,2246,2038,2156,1019,1852,2070
"Cyb561d1",236,392,444,419,472,208,432,388
"Cyb561d2",218,453,409,386,487,237,347,385
"Cyb5a",845,2017,2090,1943,2720,732,1501,2001
"Cyb5b",5212,9788,10337,10361,10055,4712,10294,10255
"Cyb5d1",418,520,588,560,417,309,534,509
"Cyb5d2",279,671,609,548,595,278,527,562
"Cyb5r1",2009,4654,5341,4170,5728,2050,4199,5024
"Cyb5r2",5,2,5,4,5,2,6,1
"Cyb5r3",16287,29670,33800,31104,27782,15245,28752,32085
"Cyb5r4",715,1334,1188,1225,1362,751,1301,1175
"Cyb5rl",59,110,160,112,146,84,119,144
"Cyba",1,0,1,4,2,0,1,2
"Cybb",2,44,1,4,31,0,4,3
"Cybrd1",4,4,13,7,6,6,13,16
"Cyc1",3380,6019,7501,6286,5691,3370,6018,6611
"Cycs",2757,3236,4237,3868,3683,2779,3660,4215
"Cyfip1",3052,5322,5359,5772,5429,2640,5395,5517
"Cyfip2",86,186,558,290,191,119,408,539
"Cygb",21,43,50,34,35,23,41,34
"Cyhr1",2080,4251,4297,3902,4059,1954,3653,3980
"Cyld",2334,5322,4733,5817,4786,2906,7117,6027
"Cym",0,2,0,1,0,0,0,2
"Cyp11a1",55,46,88,76,91,67,91,82
"Cyp11b1",10,13,39,28,22,16,27,35
"Cyp1a1",3,12,7,16,9,2,3,18
"Cyp1b1",5972,14180,13061,15453,11309,7102,18538,16184
"Cyp20a1",1204,2232,2049,2119,2535,1076,1860,2000
"Cyp26a1",9,25,16,13,16,7,26,11
"Cyp26b1",59,103,88,86,111,55,108,68
"Cyp26c1",1,9,12,1,6,1,6,5
"Cyp27a1",40,64,84,70,53,55,67,67
"Cyp27b1",8,15,23,13,11,15,20,16
"Cyp2a5",0,1,0,1,1,0,1,1
"Cyp2ab1",3,2,6,3,4,1,4,0
"Cyp2b13",0,7,8,0,5,0,3,2
"Cyp2c29",0,1,5,1,3,0,0,0
"Cyp2c44",7,22,28,16,23,10,26,25
"Cyp2c50",0,0,1,1,0,0,0,1
"Cyp2c70",0,1,1,0,1,0,3,0
"Cyp2d10",0,1,0,0,0,0,1,1
"Cyp2d22",450,933,929,915,986,424,822,919
"Cyp2d26",0,1,1,1,3,2,1,2
"Cyp2e1",1,6,2,4,5,0,0,0
"Cyp2f2",20,112,32,27,91,22,29,18
"Cyp2j12",0,1,0,0,1,0,1,1
"Cyp2j13",3,2,2,3,2,5,3,1
"Cyp2j6",113,239,298,272,331,136,255,289
"Cyp2j9",9,20,19,20,8,10,19,24
"Cyp2s1",9,18,13,17,17,9,13,17
"Cyp2t4",4,7,5,7,4,2,2,7
"Cyp2u1",63,107,153,103,136,78,112,115
"Cyp39a1",809,1648,1475,1616,1509,661,1482,1523
"Cyp3a11",2,1,3,5,4,3,1,5
"Cyp3a13",5,35,15,16,32,21,20,28
"Cyp3a25",0,3,0,1,2,0,2,2
"Cyp3a41a",3,4,2,7,9,3,8,5
"Cyp46a1",57,98,118,108,93,63,126,107
"Cyp4a10",0,1,0,1,0,0,0,2
"Cyp4f13",102,271,187,216,289,106,221,223
"Cyp4f14",4,5,1,4,0,0,2,0
"Cyp4f16",361,652,584,647,724,304,574,580
"Cyp4f17",103,234,231,184,268,102,219,205
"Cyp4f37",0,2,1,0,0,0,1,0
"Cyp4f41-ps",2,1,7,1,3,2,0,3
"Cyp4v3",272,728,595,568,783,270,514,615
"Cyp51",4813,8543,7637,8083,7901,4332,7823,7142
"Cyp7b1",3,6,7,6,12,1,4,12
"Cyr61",16058,22883,16687,24253,17908,14216,19361,16590
"Cys1",75,107,162,140,92,79,114,151
"Cysltr1",1,0,1,1,0,0,0,0
"Cysrt1",0,1,0,1,0,0,0,2
"Cystm1",60,98,85,70,103,55,114,114
"Cyth1",621,1243,1327,1244,1227,636,1222,1301
"Cyth2",1308,2607,2257,2331,2516,1269,2110,2205
"Cyth3",2214,4555,5102,4925,4664,1790,4041,5074
"Cytip",1,2,0,1,0,1,1,1
"Cyyr1",1,1,1,2,2,0,2,1
"D030018L15Rik",0,1,1,0,1,1,1,0
"D030025P21Rik",22,36,31,44,42,22,45,42
"D030028A08Rik",50,101,127,105,140,61,127,118
"D030040B21Rik",1,2,4,6,4,2,4,5
"D030047H15Rik",0,0,3,2,3,0,4,5
"D030056L22Rik",379,740,784,747,828,397,655,765
"D10Jhu81e",865,1890,1932,1676,1712,835,1543,1670
"D10Wsu102e",1387,2407,2479,2491,2336,1238,2322,2255
"D11Wsu47e",397,792,742,717,777,360,681,670
"D130017N08Rik",30,89,98,72,93,29,86,90
"D130020L05Rik",19,31,35,40,36,22,36,38
"D130040H23Rik",4,5,2,6,3,2,5,2
"D130043K22Rik",1,1,3,3,3,1,0,3
"D15Ertd621e",2934,6656,5136,6423,6309,3480,7211,6181
"D16Ertd472e",217,626,407,556,556,302,839,572
"D17H6S53E",352,626,753,688,732,319,611,748
"D17H6S56E-5",7070,7777,7521,10350,6695,5771,9557,7491
"D17Wsu92e",3344,6908,6710,6205,7424,3162,5887,6103
"D19Bwg1357e",1437,2705,2866,3091,3036,1588,3329,3193
"D1Ertd622e",441,806,828,818,832,465,844,817
"D230025D16Rik",678,1436,1460,1321,1548,721,1240,1505
"D2hgdh",219,386,431,396,366,163,400,358
"D2Wsu81e",395,585,692,670,687,327,588,694
"D330023K18Rik",11,48,48,38,42,24,37,45
"D330041H03Rik",15,9,23,22,20,10,15,22
"D330045A20Rik",13,61,26,39,17,19,70,42
"D330050G23Rik",3,7,7,3,1,2,3,5
"D330050I16Rik",7,12,20,11,16,10,18,16
"D3Ertd254e",214,656,383,501,440,258,792,538
"D3Ertd751e",48,118,97,109,91,53,123,106
"D430019H16Rik",4,1,2,7,5,0,0,4
"D430020J02Rik",149,256,191,250,172,131,216,174
"D430036J16Rik",0,7,4,5,5,2,3,6
"D430041D05Rik",15,31,18,18,21,27,36,28
"D430042O09Rik",422,882,793,803,855,369,792,745
"D4Ertd617e",0,2,1,1,1,2,4,4
"D5Ertd579e",1663,3805,3074,3559,3295,1896,4132,3460
"D5Ertd605e",11,30,17,19,22,18,29,22
"D5Ertd615e",6,35,9,14,12,9,13,11
"D630003M21Rik",44,58,94,94,68,51,91,114
"D630010B17Rik",2,2,0,3,4,2,4,7
"D630023F18Rik",2,1,3,4,6,1,5,8
"D630024D03Rik",2,5,3,3,1,2,3,1
"D630029K05Rik",2,15,10,9,12,7,8,9
"D630033O11Rik",1,2,0,2,1,1,1,1
"D630039A03Rik",2,4,2,3,0,2,5,2
"D630045J12Rik",323,556,531,621,585,244,545,555
"D630045M09Rik",0,1,6,1,3,1,1,2
"D6Ertd527e",1,1,1,5,3,2,2,5
"D6Wsu163e",463,883,920,893,996,400,908,910
"D730005E14Rik",2,2,8,3,5,3,5,2
"D7Ertd443e",3,1,2,3,1,1,1,0
"D830013O20Rik",5,4,2,8,3,4,0,4
"D830031N03Rik",303,1040,533,744,591,213,1258,642
"D830046C22Rik",6,13,12,7,10,0,12,10
"D8Ertd738e",2870,5434,5875,5508,6044,2955,4989,5733
"D8Ertd82e",619,843,899,952,789,677,951,839
"D930007P13Rik",13,35,41,33,35,30,47,47
"D930015E06Rik",844,1962,1716,1793,2005,757,1655,1729
"D930015M05Rik",4,9,8,10,7,1,7,7
"D930016D06Rik",55,221,163,163,171,120,279,213
"D930048N14Rik",10,29,22,26,32,12,48,37
"Daam1",894,2435,1355,1866,1905,1201,2300,1790
"Daam2",1794,3268,4656,3862,2687,1665,3997,4329
"Dab2",1850,4863,4075,4322,6891,1831,4104,4487
"Dab2ip",2453,5669,4658,4644,4875,2198,4356,4405
"Dact1",331,631,779,697,622,396,653,734
"Dact2",201,481,401,385,662,149,300,356
"Dact3",212,481,508,411,407,192,380,410
"Dad1",2663,5218,5437,5151,5627,2595,4559,5359
"Dag1",18075,33825,35730,34238,29230,16787,35019,34326
"Dagla",486,948,824,905,932,466,872,817
"Daglb",403,808,736,764,866,357,657,781
"Dalrd3",356,715,596,607,697,406,631,598
"Dancr",31,68,98,82,69,38,87,109
"Dand5",80,181,172,167,194,74,158,167
"Dap",7654,14265,13975,14307,13984,7345,11655,13667
"Dap3",1578,2699,2725,2780,2761,1409,2365,2593
"Dapk1",11,23,24,19,26,15,22,23
"Dapk2",1970,3170,3533,3309,2478,2025,3324,3105
"Dapk3",956,1887,1864,1671,1787,873,1641,1618
"Dapp1",37,70,66,68,64,50,73,67
"Dars",3805,7794,7257,8375,6852,4280,9031,8332
"Dars2",638,1216,1248,1179,1244,644,1165,1137
"Daxx",831,1438,1565,1554,1494,782,1409,1549
"Dazap1",1726,2748,2893,3049,2884,1629,2919,2801
"Dazap2",6332,12468,13154,12381,14576,6180,11243,12894
"Dbf4",604,1006,779,1102,878,632,1238,938
"Dbh",83,131,315,234,107,94,219,294
"Dbhos",0,1,3,1,0,1,0,1
"Dbi",1931,3798,3959,3546,3737,1904,3397,3741
"Dbil5",2,7,9,7,4,8,6,7
"Dbn1",4760,8991,9922,9268,8065,5056,8245,9322
"Dbndd1",95,202,170,146,150,107,203,147
"Dbndd2",685,1172,1142,1181,1312,634,1033,1119
"Dbnl",2396,4942,4924,4615,5108,2293,4177,4661
"Dbp",188,335,429,349,185,167,332,386
"Dbr1",428,731,763,838,814,421,790,823
"Dbt",345,799,677,788,713,489,999,818
"Dcaf10",947,2141,1861,1974,1947,1111,2351,1977
"Dcaf11",866,1838,2046,1766,2049,847,1650,1903
"Dcaf12",2199,4274,4544,4366,4566,2180,4172,4419
"Dcaf13",1548,2817,3163,2943,2966,1505,2889,3003
"Dcaf15",1249,2065,1813,2104,2131,1073,1944,1826
"Dcaf17",182,577,382,413,446,271,674,453
"Dcaf4",386,852,855,752,743,374,742,777
"Dcaf5",2062,3826,4147,4063,3903,1945,3968,4113
"Dcaf6",1636,3073,3128,2942,2894,1598,3185,2908
"Dcaf7",3378,6086,6198,6330,6117,2795,5870,5971
"Dcaf8",5022,9530,11356,10226,9506,4863,9500,10665
"Dcakd",3297,5512,5624,5727,4682,3135,4972,5417
"Dcbld1",192,364,328,363,339,196,334,352
"Dcbld2",1919,3717,2987,3847,3808,1881,3842,3429
"Dcdc2b",319,350,422,366,411,371,336,406
"Dchs1",235,556,525,506,570,198,448,485
"Dck",944,1415,1027,1550,1164,914,1632,1200
"Dclk1",7365,20227,16616,17868,12567,10439,29807,20019
"Dclk2",154,315,243,273,291,130,267,235
"Dclk3",2,1,1,5,1,1,1,3
"Dclre1a",317,707,538,683,695,389,730,644
"Dclre1b",226,329,334,359,280,184,355,334
"Dclre1c",151,342,245,285,300,194,410,297
"Dcn",935,3539,1638,2060,5441,1126,1862,1992
"Dcp1a",753,1476,1540,1557,1463,711,1483,1572
"Dcp1b",95,198,172,198,199,92,173,199
"Dcp2",371,1042,719,931,738,568,1459,974
"Dcps",923,1600,1670,1663,1646,750,1394,1519
"Dcst1",9,17,9,18,22,6,14,18
"Dctd",276,469,479,524,632,269,469,486
"Dctn1",4062,7799,7760,7614,7228,3489,6762,7205
"Dctn2",4569,8894,9949,8911,8958,4360,8070,9313
"Dctn3",1007,1895,1947,1835,2077,1049,1684,1782
"Dctn4",2049,3977,4053,4136,3965,2032,3968,4089
"Dctn5",1269,2291,2460,2320,2446,1250,2078,2229
"Dctn6",1175,2185,2682,2486,2541,1231,2205,2701
"Dctpp1",281,464,481,480,444,239,456,452
"Dcun1d1",549,1343,810,1013,922,670,1623,1020
"Dcun1d2",830,1588,1755,1612,1752,855,1684,1683
"Dcun1d3",610,1145,1258,1261,1285,665,1374,1261
"Dcun1d4",298,738,775,743,768,392,1001,846
"Dcun1d5",1291,2194,2549,2480,2440,1340,2335,2561
"Dcx",8,13,17,12,13,8,42,17
"Dcxr",209,407,518,405,560,187,356,419
"Dda1",1732,3211,3311,3140,3397,1653,2859,3252
"Ddah1",1682,2559,2540,2952,2281,1620,2772,2488
"Ddah2",2078,4415,3694,3843,3762,2073,3459,3588
"Ddb1",27644,52918,61690,54689,51390,25146,51286,57193
"Ddb2",59,120,119,127,125,73,125,130
"Ddc",81,123,212,183,102,101,199,233
"Ddhd1",575,1025,1077,1104,985,613,1218,1086
"Ddhd2",882,1744,1705,1869,2086,924,1849,1934
"Ddi2",271,524,516,516,515,232,528,485
"Ddias",158,292,206,274,186,179,375,246
"Ddit3",289,824,895,626,2914,371,607,814
"Ddit4",937,1900,1801,1840,3040,946,1534,1690
"Ddit4l",247,426,505,443,458,257,501,442
"Ddn",9,24,35,23,23,9,28,31
"Ddo",10,12,22,23,8,7,22,26
"Ddost",6597,13680,12862,12331,13734,5841,10497,12046
"Ddr1",3091,5722,6234,5952,4834,2779,5404,5847
"Ddr2",1711,4696,3031,3955,4108,2002,4825,3848
"Ddrgk1",1021,2689,2267,2014,3145,1058,1790,2141
"Ddt",390,863,890,754,810,407,640,807
"Ddx1",4541,8351,9675,9406,8657,4538,9227,9682
"Ddx10",318,983,715,825,841,498,1268,926
"Ddx11",313,531,454,582,433,284,582,524
"Ddx17",10160,20305,19217,21214,19420,10104,22239,20332
"Ddx18",1425,2394,2836,2824,3025,1467,2690,3017
"Ddx19a",1020,1602,1624,1755,1691,859,1562,1643
"Ddx19b",574,997,1051,1166,1139,548,1196,1197
"Ddx20",650,1174,1104,1186,1058,618,1216,1072
"Ddx21",3716,7225,7787,8462,8195,4115,9297,8792
"Ddx23",4119,7675,8403,7780,7792,3782,7339,7894
"Ddx24",3088,6043,6179,5800,6144,3045,5374,5851
"Ddx25",1,1,0,2,0,0,0,4
"Ddx26b",54,186,144,164,210,106,252,185
"Ddx27",1455,2622,2969,2921,3354,1518,2834,2931
"Ddx28",382,742,784,724,772,376,680,712
"Ddx31",337,604,764,679,767,332,590,702
"Ddx39",2151,3426,4187,3839,3652,1919,3657,3851
"Ddx39b",4249,6367,7463,7450,6340,3812,6545,7410
"Ddx3x",8234,21661,15209,19987,17675,10853,26275,20352
"Ddx4",0,0,0,1,1,0,1,1
"Ddx41",758,1468,1595,1416,1452,716,1357,1415
"Ddx42",2441,4460,4577,5062,4648,2516,5271,5019
"Ddx46",1083,3321,2370,2943,2918,1734,4358,3136
"Ddx47",1401,2681,3006,2675,2723,1319,2577,2656
"Ddx49",640,1186,1278,1181,1120,549,1083,1243
"Ddx5",21664,41686,31232,41245,37408,25107,45058,37252
"Ddx50",2054,4284,3696,4518,4141,2462,5197,4473
"Ddx51",815,1514,1677,1536,1574,763,1555,1483
"Ddx52",968,1883,1585,1805,1885,975,2033,1644
"Ddx54",1901,3691,3901,3605,3867,1677,3383,3654
"Ddx55",220,412,403,445,472,242,464,455
"Ddx56",1177,2168,2724,2384,2425,1109,2238,2626
"Ddx58",658,1086,921,1274,1120,733,1199,1163
"Ddx59",300,580,538,525,594,289,490,494
"Ddx6",4811,11122,9589,11189,9690,5704,13170,11223
"Ddx60",25,51,28,38,40,27,48,32
"Deaf1",347,662,623,598,657,381,628,567
"Dear1",1,0,1,1,1,0,0,0
"Deb1",178,340,492,387,443,215,364,476
"Decr1",1423,2669,2794,2658,2561,1287,2487,2636
"Decr2",236,518,387,421,489,256,370,412
"Dedd",1042,1887,2027,1970,1967,1041,1794,1989
"Dedd2",119,261,313,235,317,131,278,266
"Def6",178,267,216,283,230,129,220,226
"Def8",890,1604,1693,1624,1596,750,1355,1501
"Defb25",8,12,29,14,20,6,7,23
"Defb28",1,1,2,1,3,2,2,1
"Defb30",3,0,0,3,1,0,0,0
"Defb36",3,3,4,3,2,2,3,3
"Defb41",15,44,27,23,36,27,20,21
"Defb42",7,7,5,14,8,3,7,6
"Defb47",2,1,1,3,5,2,2,3
"Degs1",3631,7284,8097,7205,8745,3291,6326,7685
"Degs2",22,47,51,64,58,43,68,70
"Dek",679,1876,1052,1502,1248,878,2313,1539
"Dennd1a",620,1364,1093,1160,1350,581,1039,1059
"Dennd1b",219,666,400,488,397,319,927,511
"Dennd2a",982,1974,1793,1767,1976,796,1584,1673
"Dennd2c",160,300,368,342,274,146,365,364
"Dennd2d",14,18,11,19,28,9,15,13
"Dennd3",93,168,124,156,162,69,146,126
"Dennd4a",371,1080,517,829,832,562,1253,779
"Dennd4b",259,530,495,513,515,233,451,459
"Dennd4c",429,1320,725,951,923,579,1540,989
"Dennd5a",3982,7768,7303,7401,7887,3483,6889,6985
"Dennd5b",472,1163,915,1014,886,628,1564,1025
"Dennd6a",739,1630,1330,1617,1523,810,1872,1564
"Dennd6b",115,238,186,211,204,115,254,199
"Denr",1747,3029,3594,3626,3324,1949,3662,3879
"Depdc1a",171,339,179,268,141,189,469,263
"Depdc1b",170,246,282,309,181,161,261,273
"Depdc5",711,1303,1371,1331,1322,636,1319,1286
"Depdc7",183,339,350,345,366,183,308,342
"Deptor",3391,8683,6732,8652,5904,4304,11198,8849
"Dera",448,831,832,770,827,441,783,760
"Derl1",4514,9500,8472,7946,9768,4166,7121,7801
"Derl2",1409,2738,2530,2705,2814,1406,2610,2597
"Derl3",3,7,19,8,6,4,15,7
"Des",31920,66148,73563,59941,58131,33527,61309,66778
"Desi1",1813,3201,3601,3255,3613,1687,3000,3229
"Desi2",2097,3681,4174,4388,3979,2199,4531,4336
"Det1",216,421,429,405,482,201,376,409
"Dexi",424,852,869,835,805,382,758,886
"Dffa",450,906,1002,831,904,519,941,925
"Dffb",66,126,115,130,122,68,154,128
"Dfna5",209,402,423,412,521,169,347,401
"Dfnb59",0,4,1,1,0,1,4,4
"Dgat1",616,1316,1388,1228,1432,610,1148,1318
"Dgat2",137,391,285,236,377,122,214,233
"Dgcr14",585,1095,1194,1129,1183,549,1025,1120
"Dgcr2",2521,5016,4749,4668,4833,2302,4519,4365
"Dgcr6",567,1050,1153,1111,1195,554,985,1110
"Dgcr8",1016,1749,1946,1902,2002,981,1949,1942
"Dgka",806,1420,1496,1582,1384,802,1500,1587
"Dgkd",1649,3180,3441,3000,3268,1533,3228,3107
"Dgke",170,357,332,363,322,210,450,369
"Dgkeos",0,2,3,0,2,0,3,2
"Dgkg",20,34,14,30,14,12,24,16
"Dgkh",27,64,65,47,51,29,83,44
"Dgki",0,2,2,0,4,1,3,0
"Dgkq",244,537,555,495,562,247,514,510
"Dgkz",1639,2945,3366,3159,2770,1610,3166,3316
"Dguok",401,761,814,802,784,377,698,768
"Dhcr24",3147,6922,6396,5535,5983,2893,5641,5507
"Dhcr7",1020,1959,2098,1822,2011,987,1762,1815
"Dhdds",1340,2703,2496,2417,2683,1259,2197,2270
"Dhdh",7,24,22,19,16,17,28,18
"Dhfr",433,603,530,729,529,362,696,568
"Dhh",7,6,7,16,3,2,9,15
"Dhodh",263,457,577,583,629,270,478,641
"Dhps",1244,2488,2880,2465,3463,1241,2148,2798
"Dhrs1",1598,3264,3218,3010,3569,1568,2799,3024
"Dhrs11",111,196,251,219,235,119,232,240
"Dhrs13",151,232,235,238,236,149,209,203
"Dhrs2",2,2,2,3,0,1,4,4
"Dhrs3",436,1023,661,779,1122,392,565,648
"Dhrs4",339,622,587,581,645,294,484,518
"Dhrs7",679,1902,1601,1400,2561,761,1259,1496
"Dhrs7b",597,1299,1151,1111,1312,590,1062,1158
"Dhrs7c",253,321,716,462,309,304,590,601
"Dhrs9",21,56,26,41,51,12,35,32
"Dhtkd1",80,227,219,194,189,74,213,208
"Dhx15",4824,8353,9204,10118,9304,5030,10267,10187
"Dhx16",1089,2327,2152,2028,2282,1022,1980,1943
"Dhx29",1156,1993,2384,2580,2366,1255,2620,2563
"Dhx30",1482,2926,2964,2816,3042,1278,2839,2799
"Dhx32",905,1669,1860,1692,1604,894,1607,1719
"Dhx33",1093,1994,2030,2168,2130,1018,2109,2061
"Dhx34",277,604,558,532,503,261,504,542
"Dhx35",422,869,831,796,823,430,762,772
"Dhx36",1132,3145,2207,2792,2422,1559,3963,2922
"Dhx37",541,1221,1181,1033,1261,508,1082,1116
"Dhx38",1368,2421,2372,2440,2309,1102,2333,2245
"Dhx40",987,2076,1691,2115,2046,992,2205,1994
"Dhx57",771,1541,1404,1591,1489,784,1677,1526
"Dhx58",75,120,96,114,127,92,98,101
"Dhx8",1178,2459,2435,2284,2366,1063,2236,2330
"Dhx9",3833,8790,8188,9592,8937,4511,11332,10079
"Diablo",963,1934,2093,1845,1857,1059,1827,1927
"Diap1",1600,3152,2846,3005,3520,1346,2629,2859
"Diap2",189,627,384,451,481,285,695,477
"Diap3",658,1230,771,1174,834,661,1419,946
"Dicer1",1011,2070,1823,2280,1851,1145,2566,2202
"Dido1",1377,2921,2682,3087,2749,1445,3682,3078
"Diexf",636,1105,1368,1310,1234,633,1271,1439
"Dimt1",480,849,844,932,905,576,1006,918
"Dio2",458,1425,1078,940,772,892,2413,1311
"Dio3",5,3,6,8,3,3,8,5
"Dio3os",6,4,4,9,5,4,7,6
"Dip2a",1276,2439,2160,2385,2710,1170,2363,2129
"Dip2b",721,1256,1208,1381,1292,677,1288,1326
"Dip2c",1151,2273,2242,2371,2294,1266,2904,2416
"Diras1",27,73,43,47,41,34,51,42
"Diras2",63,207,80,127,136,36,98,116
"Dirc2",978,2214,2280,2057,2304,980,1819,2233
"Dis3",805,1419,1408,1653,1253,854,1860,1713
"Dis3l",664,1326,1244,1235,1305,626,1212,1198
"Dis3l2",514,994,1196,1006,1039,513,1020,1044
"Disc1",9,4,8,11,7,5,4,9
"Disp1",1304,2269,2178,2448,2135,1095,2206,2219
"Disp2",14,34,20,25,24,12,18,21
"Dixdc1",198,462,493,563,389,218,566,600
"Dkc1",525,1224,1254,1297,1132,778,1797,1496
"Dkk2",88,223,97,151,138,101,183,103
"Dkk3",847,1526,1952,2002,1821,837,1562,1977
"Dkkl1",1,1,1,1,1,1,1,2
"Dlat",2335,4624,5240,4799,5073,2317,4741,5103
"Dlc1",1193,1951,1717,2169,1631,895,1795,1692
"Dld",2969,6401,6145,6911,6050,3538,8083,7342
"Dlec1",1,9,3,5,4,3,8,8
"Dleu2",48,137,83,86,125,64,119,74
"Dlg1",2176,4755,3590,4844,4133,2601,5715,4617
"Dlg2",22,50,40,44,36,24,65,56
"Dlg3",531,977,1134,1164,1084,533,1047,1162
"Dlg4",1087,2109,1934,2057,2076,1006,1956,1898
"Dlg5",1658,3141,3079,3255,3223,1445,3085,3062
"Dlgap1",14,31,25,22,38,22,27,21
"Dlgap2",10,41,17,17,18,8,18,10
"Dlgap3",1,0,0,2,1,0,0,1
"Dlgap4",3680,6649,8395,6885,6106,4285,7662,7789
"Dlgap5",728,1233,916,1371,915,766,1594,1161
"Dlk2",20,27,46,46,26,14,35,53
"Dll1",958,1397,1991,1839,1075,962,1817,1812
"Dll4",2,1,0,2,3,2,3,0
"Dlst",5223,8862,11315,10496,9344,4878,9796,10897
"Dlx1",21,35,56,56,45,23,48,73
"Dlx1as",1,4,4,6,3,5,6,9
"Dlx2",64,93,137,127,109,67,109,132
"Dlx3",327,560,316,479,426,260,367,330
"Dlx4",24,28,26,37,24,29,22,26
"Dmap1",535,1010,1012,986,1007,535,910,1010
"Dmbt1",0,0,1,2,1,2,0,3
"Dmbx1",76,101,111,110,77,79,97,77
"Dmc1",0,1,1,0,0,0,1,0
"Dmd",11,25,38,19,26,25,49,25
"Dmp1",127,147,225,243,148,151,264,261
"Dmpk",4136,8015,8591,7921,6413,4174,8251,8404
"Dmr",1,0,0,1,0,1,0,0
"Dmrt1",1,0,1,1,0,0,0,0
"Dmrt2",184,301,402,382,348,188,377,425
"Dmrta2",262,471,447,453,459,246,455,428
"Dmtf1",559,1544,1011,1370,1213,881,1809,1395
"Dmtn",39,68,54,59,70,29,55,44
"Dmwd",1209,2369,2611,2219,2181,1212,2254,2308
"Dmxl1",299,1036,483,627,603,331,1162,650
"Dmxl2",80,244,130,191,201,110,299,186
"Dna2",128,193,162,204,150,107,223,145
"Dnaaf2",342,487,544,583,459,279,495,507
"Dnaaf3",40,55,36,55,44,33,34,24
"Dnaaf5",617,1340,1288,1187,1326,578,1148,1261
"Dnah1",5,15,12,14,14,9,18,15
"Dnah10",7,17,5,9,8,5,13,8
"Dnah17",38,68,102,94,93,34,82,107
"Dnah2",19,30,28,32,23,13,20,23
"Dnah6",15,23,13,21,15,18,23,21
"Dnah7a",1,0,4,2,0,2,2,2
"Dnah7b",0,3,3,2,3,3,2,2
"Dnah8",4,5,6,4,4,1,5,0
"Dnah9",0,0,0,1,0,1,1,3
"Dnaic1",20,69,54,51,37,34,41,54
"Dnaic2",32,72,53,55,50,39,58,52
"Dnaja1",4659,7684,7690,8144,7933,5515,9287,8586
"Dnaja2",8680,14531,17695,17503,15731,8863,17773,17998
"Dnaja3",1379,2735,3154,2825,3228,1381,2568,3070
"Dnaja4",766,1553,1686,1432,1665,787,1465,1496
"Dnajb1",2936,4965,5599,5497,5480,2502,4720,5258
"Dnajb11",3283,6767,6909,6310,7681,3061,5863,6407
"Dnajb12",1362,2578,2435,2438,2644,1267,2234,2248
"Dnajb13",23,14,15,26,7,13,27,11
"Dnajb14",122,266,263,244,246,141,291,247
"Dnajb2",1288,2712,3086,2646,2805,1338,2484,2844
"Dnajb4",1541,3368,3651,3986,2949,1786,4351,4393
"Dnajb5",895,1473,1919,1603,1314,1025,1696,1748
"Dnajb6",3314,5639,6192,5976,6823,3631,5989,6301
"Dnajb9",1054,2747,2231,2364,3203,1137,2380,2482
"Dnajc1",651,1664,1297,1456,1544,825,1777,1503
"Dnajc10",5393,11326,9440,11452,10133,5531,11870,10970
"Dnajc11",1737,3366,3621,3242,3457,1580,3276,3254
"Dnajc12",97,184,206,188,203,95,156,190
"Dnajc13",1555,4603,3125,3952,3905,1965,5438,3955
"Dnajc14",2074,3833,3800,3784,3924,1883,3361,3687
"Dnajc15",474,861,1017,907,886,453,873,1035
"Dnajc16",614,1306,1306,1148,1148,557,1264,1211
"Dnajc17",183,295,341,308,293,208,304,287
"Dnajc18",832,1576,1707,1634,1625,845,1702,1718
"Dnajc19",266,504,604,534,620,252,535,646
"Dnajc2",618,1447,1329,1504,1434,934,1963,1675
"Dnajc21",598,1735,954,1317,1292,942,1936,1271
"Dnajc22",39,29,40,43,29,16,37,25
"Dnajc24",289,516,534,538,542,327,528,525
"Dnajc25",667,1253,1173,1303,1411,684,1306,1298
"Dnajc27",280,511,505,526,618,273,495,513
"Dnajc28",123,272,241,271,246,135,296,280
"Dnajc3",1701,5047,2850,3956,4187,2312,5251,3875
"Dnajc30",250,411,492,420,492,247,345,493
"Dnajc4",210,385,453,422,442,210,367,483
"Dnajc5",3225,6109,6271,5943,5971,3122,6029,6019
"Dnajc6",6,10,14,12,20,7,18,14
"Dnajc7",2169,3806,4250,4458,4098,2335,4447,4655
"Dnajc8",2481,4809,5792,5050,5599,2668,4877,5467
"Dnajc9",1330,1838,1984,2317,1835,1170,1961,2064
"Dnal1",1141,2407,2192,2410,1948,1430,2990,2462
"Dnal4",898,1813,1728,1589,1816,833,1501,1554
"Dnali1",7,13,6,15,4,4,5,11
"Dnase1",46,72,113,96,108,49,95,99
"Dnase1l1",491,984,893,946,1125,437,769,931
"Dnase1l2",19,52,43,39,34,28,44,42
"Dnase1l3",455,651,1447,941,645,553,1068,1288
"Dnase2a",832,1890,1930,1718,2227,735,1439,1833
"Dnd1",18,16,38,38,31,12,16,36
"Dner",2,2,5,4,4,0,3,6
"Dnlz",667,1241,1220,1180,1215,619,1066,1085
"Dnm1",1700,3602,3087,3354,3556,1413,2695,3108
"Dnm1l",1447,3717,3007,3434,2759,1843,4993,3702
"Dnm2",2863,5840,5874,5425,5900,2616,5075,5386
"Dnm3",79,134,169,149,110,96,167,152
"Dnm3os",210,979,617,637,830,336,1208,809
"Dnmbp",749,1412,1499,1466,1392,620,1409,1342
"Dnmt1",2758,4319,4331,4929,4034,2167,4512,4176
"Dnmt3a",471,945,986,980,858,544,1192,1011
"Dnmt3b",67,107,92,119,133,48,115,103
"Dnmt3l",0,3,0,1,24,1,2,2
"Dnpep",2033,4238,3762,3754,3846,1802,3180,3560
"Dnph1",214,372,372,358,336,195,340,333
"Dntt",0,0,0,1,1,0,0,2
"Dnttip1",871,1465,1576,1613,1583,781,1382,1521
"Dnttip2",1056,2285,1973,2333,2089,1331,2721,2290
"Doc2a",148,180,207,208,206,129,163,181
"Doc2b",162,347,325,275,329,196,265,272
"Doc2g",48,83,79,86,73,39,110,78
"Dock1",1012,1977,1768,2059,1942,862,1992,1870
"Dock10",21,71,16,33,34,41,78,36
"Dock11",246,787,327,468,577,307,741,388
"Dock2",1,1,2,2,2,1,1,2
"Dock3",0,2,3,1,1,3,2,4
"Dock4",125,399,267,350,338,183,497,391
"Dock5",1437,2794,2660,2885,2715,1256,3044,2751
"Dock6",793,1569,1273,1367,1439,752,1386,1218
"Dock7",2665,6187,5010,6376,5410,3182,7197,6222
"Dock8",52,71,62,72,75,37,75,48
"Dock9",541,1343,926,1035,1240,503,1088,925
"Dohh",802,1344,1685,1485,1487,682,1199,1546
"Dok1",923,1680,1673,1616,1727,875,1449,1452
"Dok2",2,4,10,3,11,7,7,3
"Dok3",5,10,16,9,13,5,10,22
"Dok4",573,858,1147,1044,893,536,915,999
"Dok5",1,3,3,3,3,5,1,4
"Dok6",0,0,1,1,2,1,3,1
"Dok7",553,940,1060,899,694,560,951,891
"Dolk",500,1040,1217,1062,1068,481,978,1151
"Dolpp1",307,550,599,612,525,318,635,646
"Donson",275,458,427,495,396,273,515,413
"Dopey1",318,864,583,773,731,517,1149,801
"Dopey2",1351,2572,2518,2506,2028,1253,2469,2395
"Dos",237,480,384,390,411,213,346,315
"Dot1l",905,1644,1487,1591,1450,766,1887,1462
"Dpagt1",867,1783,1760,1591,2088,775,1418,1596
"Dpcd",393,759,881,783,802,408,735,776
"Dpcr1",2,3,1,2,1,1,3,1
"Dpep1",227,376,697,489,390,255,480,560
"Dpep2",8,22,13,13,40,9,18,16
"Dpf1",67,117,130,135,99,51,124,122
"Dpf2",2086,3697,3893,3758,3607,1953,3549,3706
"Dpf3",2,8,10,2,9,10,9,8
"Dph1",186,376,409,341,412,199,300,383
"Dph2",294,576,622,571,692,302,566,611
"Dph3",967,1941,1866,1869,2153,940,1670,1895
"Dph5",250,425,541,513,617,249,453,556
"Dph6",651,1173,1225,1454,1214,672,1404,1457
"Dph7",352,589,641,682,705,333,568,657
"Dpm1",18,41,35,45,32,21,45,49
"Dpm2",639,1232,1279,1208,1393,667,1003,1271
"Dpm3",167,445,447,400,462,197,392,454
"Dpp3",2049,4135,4311,3816,3948,1954,3553,3861
"Dpp6",1,2,5,4,10,1,2,5
"Dpp7",667,1727,1616,1319,1815,541,1280,1403
"Dpp8",2705,5642,5176,5797,5240,2897,6792,5745
"Dpp9",1670,2941,2865,3008,2993,1486,2761,2799
"Dppa2",0,1,0,0,0,3,0,1
"Dppa4",0,1,1,0,2,1,1,0
"Dpt",331,461,952,829,547,402,716,997
"Dpy19l1",4236,10066,9785,10510,11831,4245,10009,10667
"Dpy19l3",1159,2312,2494,2584,2529,1146,2452,2564
"Dpy19l4",197,706,357,448,451,222,833,423
"Dpy30",563,960,1061,1029,1142,541,918,1045
"Dpyd",21,46,22,47,26,26,40,44
"Dpys",1,0,0,1,0,1,0,2
"Dpysl2",917,1335,1408,1740,1770,861,1253,1638
"Dpysl3",13998,20182,19778,25564,16314,12073,24550,21513
"Dpysl5",1,1,1,3,1,1,2,1
"Dqx1",10,36,30,24,27,17,32,29
"Dr1",1193,2640,2233,2653,2434,1437,3296,2664
"Dram1",1021,2169,1953,2007,3033,932,1780,1937
"Dram2",938,2128,2160,2131,2405,1045,2337,2283
"Drap1",2306,4312,4855,4545,4582,2246,3911,4557
"Draxin",10,19,11,15,23,7,12,12
"Drc1",1,1,4,3,3,1,1,3
"Drc7",0,4,2,0,0,0,5,0
"Drd3",0,0,1,1,0,0,1,1
"Drg1",2561,4508,5230,4752,4754,2340,4182,4767
"Drg2",1457,2568,2924,2811,2887,1365,2402,2796
"Drosha",1915,3725,3357,3627,3467,1825,3342,3436
"Drp2",2246,3811,4850,4875,3035,2152,4890,5115
"Dsc2",2,0,1,2,1,2,0,1
"Dscam",14,31,31,27,29,19,33,27
"Dscc1",137,150,127,212,136,95,156,120
"Dscr3",1522,3085,3220,2986,3559,1407,2703,3171
"Dse",1995,3898,3477,4434,3797,2070,4694,4348
"Dsel",474,1519,838,1038,930,589,1559,985
"Dsg1b",0,1,0,2,1,0,2,3
"Dsg2",1,0,1,1,1,1,0,0
"Dsg3",11,15,15,22,13,6,28,30
"Dsn1",426,639,589,721,576,375,685,609
"Dsp",8,3,6,11,8,3,10,9
"Dst",4246,14081,7095,9583,10432,6135,16076,9340
"Dstn",8649,14219,16648,16591,14902,8035,14162,16282
"Dstyk",1290,2659,2669,2717,2579,1189,2689,2737
"Dtd1",185,334,376,357,308,199,303,387
"Dtd2",327,638,672,649,730,343,591,657
"Dthd1",0,1,0,1,0,0,1,1
"Dtl",564,872,584,1031,656,544,1119,842
"Dtna",1045,2169,1950,2060,1738,1179,2504,1988
"Dtnb",165,395,262,311,405,137,265,283
"Dtnbp1",1164,2318,2319,2194,2660,1150,1851,2278
"Dtwd1",290,537,667,595,724,283,528,646
"Dtwd2",68,151,119,136,173,73,133,126
"Dtx2",649,1477,1477,1197,1722,583,1118,1284
"Dtx3",1013,2393,1773,1849,2273,1220,1871,1765
"Dtx3l",563,879,807,1004,832,636,1040,848
"Dtx4",1443,3512,3267,2821,3221,1415,2869,2979
"Dtymk",1035,1508,1893,1851,1568,902,1625,1706
"Duox1",24,100,52,49,88,27,52,59
"Duox2",8,27,26,16,23,8,31,19
"Duoxa1",82,141,191,153,165,69,133,170
"Duoxa2",5,5,9,10,13,6,6,11
"Dupd1",3,5,4,4,1,1,5,0
"Dus1l",727,1472,1445,1328,1445,810,1425,1357
"Dus2",362,692,782,696,692,360,710,694
"Dus3l",730,1254,1238,1310,1236,624,1108,1235
"Dus4l",162,329,386,367,422,178,389,415
"Dusp1",1061,2736,1293,1591,1896,1007,1321,1123
"Dusp10",1106,2493,1782,2047,2603,1040,1774,1748
"Dusp11",2815,6469,4420,5912,5717,3622,7575,5561
"Dusp12",449,760,1041,901,977,422,795,1004
"Dusp13",182,364,442,311,268,195,395,358
"Dusp14",354,631,884,647,674,407,616,735
"Dusp15",1,1,1,1,1,2,1,0
"Dusp16",572,1216,1024,1064,1218,552,1111,1060
"Dusp18",1356,2508,2782,2595,2571,1395,2838,2732
"Dusp19",91,191,186,196,207,101,205,226
"Dusp2",55,82,59,70,64,50,68,53
"Dusp22",409,675,818,763,679,405,751,768
"Dusp23",15,32,29,28,42,23,40,34
"Dusp26",2,6,2,1,5,0,3,2
"Dusp27",1870,3503,3468,3189,2691,1835,3444,3328
"Dusp28",205,396,522,396,388,272,374,444
"Dusp3",2323,4801,4609,4158,4477,2532,4401,4375
"Dusp4",540,1471,725,840,1734,457,763,661
"Dusp5",125,191,150,166,175,96,144,102
"Dusp6",1133,1861,1276,1731,1762,919,1447,1167
"Dusp7",643,1120,1351,1327,1021,633,1213,1384
"Dusp8",276,659,396,440,601,312,420,359
"Dusp9",207,303,364,329,272,203,341,312
"Dut",872,1120,1028,1339,1130,736,1108,1043
"Dvl1",2899,5314,5865,5427,5429,2747,5238,5335
"Dvl2",956,1889,1697,1724,1783,784,1511,1520
"Dvl3",986,1797,2067,1905,1663,953,2040,1989
"Dxo",376,811,821,724,847,371,700,742
"Dym",1133,2302,1941,1934,2396,997,1821,1754
"Dynap",935,1685,2398,1992,1554,946,2038,2474
"Dync1h1",9419,20944,18598,18466,19535,7872,18235,17672
"Dync1i1",253,677,456,466,416,199,394,420
"Dync1i2",3581,7622,7177,8038,6969,4388,9167,8312
"Dync1li1",2538,4320,5012,4704,5021,2523,4582,4927
"Dync1li2",4648,8820,10460,10178,9579,5019,10570,10757
"Dync2h1",151,595,279,358,342,225,712,346
"Dync2li1",552,1293,1292,1215,1183,599,1155,1286
"Dynll1",4848,7398,8172,8181,6765,4795,7191,8075
"Dynll2",2681,5093,5622,5209,5110,2651,4957,5152
"Dynlrb1",2770,5273,5940,5588,5607,2708,4778,5845
"Dynlrb2",0,0,1,1,0,1,0,1
"Dynlt1a",108,47,53,56,49,88,49,46
"Dynlt1b",484,430,442,382,508,478,380,416
"Dynlt1f",16,19,26,18,21,28,25,28
"Dynlt3",2079,6651,4496,5781,4921,3563,8548,6046
"Dyrk1a",1890,3540,3375,3674,3500,1917,3829,3630
"Dyrk1b",334,737,607,579,695,303,594,576
"Dyrk2",780,1820,1444,1504,1290,956,2254,1516
"Dyrk3",118,221,271,249,356,121,230,265
"Dyrk4",0,2,0,0,2,0,2,0
"Dysf",1528,2875,3188,2796,2083,1349,3215,2918
"Dyx1c1",8,16,14,18,21,6,22,17
"Dzank1",11,47,24,23,25,21,38,28
"Dzip1",331,704,644,752,738,346,791,742
"Dzip1l",640,1127,1184,1237,1157,572,1308,1216
"Dzip3",258,789,577,588,505,282,901,655
"E030003E18Rik",2,1,0,1,2,0,0,1
"E030011O05Rik",48,113,72,84,114,60,120,83
"E030024N20Rik",16,46,55,46,55,12,59,63
"E030030I06Rik",14,49,30,32,47,18,25,30
"E130006D01Rik",3,0,0,1,1,0,0,0
"E130012A19Rik",59,88,75,86,77,44,81,52
"E130018N17Rik",2,0,1,2,0,0,0,2
"E130102H24Rik",14,50,54,53,87,24,64,66
"E130112N10Rik",21,33,26,38,26,21,33,29
"E130307A14Rik",83,172,147,190,170,84,165,201
"E130308A19Rik",140,316,258,299,333,148,307,267
"E130309D02Rik",576,1026,978,990,1019,544,895,949
"E130309D14Rik",0,1,3,2,6,0,2,4
"E130310I04Rik",2,3,3,1,1,3,3,2
"E130311K13Rik",190,383,345,365,436,252,419,365
"E130317F20Rik",66,95,120,120,99,33,97,126
"E230013L22Rik",17,22,13,19,28,6,17,19
"E230016K23Rik",2,6,4,6,9,6,3,6
"E230016M11Rik",14,23,22,22,19,17,34,28
"E230025N22Rik",17,25,20,22,27,18,11,15
"E2f1",614,1292,964,1072,1182,552,943,903
"E2f2",1833,3415,2790,2888,2637,1792,3195,2585
"E2f3",793,1593,1450,1643,1485,870,1869,1624
"E2f4",1077,2019,1975,2034,1891,1077,2058,1983
"E2f5",306,465,487,604,563,280,583,586
"E2f6",987,1616,2148,1990,1962,1004,1904,2175
"E2f7",741,931,703,1190,774,655,1090,848
"E2f8",1077,1418,1444,1760,1280,1108,1812,1414
"E330009J07Rik",16,44,35,33,36,16,37,37
"E330011O21Rik",10,8,3,12,11,5,4,4
"E330033B04Rik",1,13,25,21,29,15,41,32
"E430016F16Rik",5,6,2,5,6,6,4,6
"E430018J23Rik",112,218,278,202,264,112,211,210
"E430025E21Rik",3395,7405,6751,6830,8332,2959,6834,6965
"E4f1",379,771,708,727,789,392,666,691
"E530011L22Rik",28,38,83,63,44,19,54,61
"Eaf1",1892,3530,3876,3745,4268,1964,3826,3788
"Eaf2",9,40,24,22,18,12,30,32
"Eapp",981,1753,1736,1770,1819,949,1661,1634
"Ears2",275,526,584,551,545,256,532,537
"Ebag9",549,1055,1008,1134,1124,531,1142,1117
"Ebf1",318,880,460,661,684,386,777,553
"Ebf3",438,911,731,1065,920,518,1031,1000
"Ebf4",0,1,6,1,5,1,1,1
"Ebna1bp2",1393,2539,3282,2934,3154,1530,2762,3178
"Ebp",1811,3502,4166,3425,3413,1891,3430,3947
"Ebpl",288,557,533,566,492,268,391,496
"Ecd",1281,2383,2728,2466,2337,1195,2266,2577
"Ece1",3675,6504,7165,6818,6268,3174,6350,6777
"Ece2",700,1308,1539,1482,1533,655,1285,1527
"Ecel1",6,8,0,8,9,4,7,4
"Ech1",1550,3057,3493,3151,2951,1350,2725,3132
"Echdc1",160,347,261,269,293,172,347,249
"Echdc2",253,482,425,459,475,227,423,384
"Echdc3",72,157,112,116,150,51,101,109
"Echs1",1831,3573,3866,3527,4038,1558,3011,3659
"Eci1",479,970,1084,942,1020,541,888,1019
"Eci2",1477,2673,3053,2949,2684,1357,2518,2963
"Eci3",1,84,102,95,85,8,76,92
"Ecm1",5511,10440,10686,10516,11409,5474,9391,10496
"Ecm2",261,528,438,618,335,238,544,557
"Ecscr",6,13,26,18,13,11,16,21
"Ecsit",393,654,851,687,815,426,706,814
"Ect2",901,1869,1253,1761,1258,1047,2512,1559
"Ect2l",1,3,5,5,3,2,4,7
"Eda",4,2,0,7,6,0,2,4
"Eda2r",1825,3757,4080,3754,3488,2209,5369,4210
"Edar",2,6,1,2,0,0,5,0
"Edaradd",0,6,8,0,1,1,5,0
"Edc3",909,1637,1714,1746,1658,772,1563,1712
"Edc4",1386,2689,2740,2571,2491,1262,2504,2492
"Eddm3b",1,0,1,1,1,1,0,0
"Edem1",1904,3961,3305,3527,3943,1840,3678,3343
"Edem2",1006,2299,1893,1916,2166,882,1631,1862
"Edem3",1219,3710,2186,3058,2732,1748,4796,3171
"Edf1",2101,4173,4393,4025,4153,2080,3842,4295
"Edil3",1144,3096,2250,2613,2146,1614,4224,2774
"Edn1",146,322,126,222,241,179,249,156
"Ednra",260,434,498,503,543,266,486,551
"Edrf1",308,592,545,657,643,383,767,667
"Eea1",405,1343,823,891,1192,502,1388,1002
"Eed",753,1303,1412,1445,1351,814,1500,1423
"Eef1a1",199993,361914,367066,353089,411430,185385,309234,358267
"Eef1b2",9681,18830,21066,19412,21772,10155,17395,20290
"Eef1d",4307,8296,9089,8265,8132,4102,7317,8249
"Eef1e1",809,1406,1599,1535,1597,847,1469,1646
"Eef1g",8764,17208,19726,18194,18136,8192,15632,18556
"Eef2",80617,173214,154248,148025,163572,70450,130396,144020
"Eef2k",1110,2094,2405,2353,2405,891,1881,2366
"Eef2kmt",263,582,591,507,668,238,543,571
"Eefsec",419,758,791,815,799,327,601,733
"Eepd1",173,378,486,380,399,162,376,458
"Efcab11",123,150,141,198,124,77,179,154
"Efcab12",1,3,1,4,3,4,7,5
"Efcab14",1169,2319,1874,2371,2298,1408,2570,2348
"Efcab2",19,57,30,43,48,36,63,49
"Efcab3",4,5,4,6,5,2,4,5
"Efcab5",6,6,9,8,4,4,11,2
"Efcab7",171,357,299,346,336,229,403,297
"Efcab9",0,3,5,1,5,2,6,4
"Efcc1",4,10,6,7,7,2,12,7
"Efemp1",200,525,472,484,524,211,431,483
"Efemp2",2657,4144,4981,5018,4512,2526,4366,4867
"Efhb",4,2,5,8,1,1,2,4
"Efhc1",31,75,46,64,48,34,55,57
"Efhc2",0,5,6,4,3,2,6,9
"Efhd1",288,734,508,549,562,243,408,522
"Efhd2",894,1709,1823,1686,1861,804,1441,1664
"Efna1",487,945,1298,1082,1266,438,906,1272
"Efna2",185,283,292,290,276,161,261,235
"Efna3",44,78,116,83,109,42,77,85
"Efna4",222,446,493,467,482,196,364,499
"Efna5",88,165,101,179,163,91,158,154
"Efnb1",944,1310,1758,1797,1276,749,1443,1635
"Efnb2",1096,2303,1315,1842,2057,1399,2108,1394
"Efnb3",13,27,35,31,26,15,37,37
"Efr3a",2165,5302,3911,4850,4506,2587,6526,4733
"Efr3b",35,49,37,49,31,24,58,44
"Efs",64,80,104,114,90,52,110,112
"Eftud1",600,1167,1139,1154,1220,610,1225,1167
"Eftud2",3150,5874,6380,6220,5908,2825,5670,6292
"Egf",17,43,58,53,57,34,69,55
"Egfl7",54,71,69,80,80,33,57,63
"Egfl8",5,9,12,11,13,10,9,11
"Egflam",35,38,35,67,38,28,42,53
"Egfr",1043,2314,1668,1957,2248,948,2004,1680
"Egln1",2863,5791,3835,4626,6006,2856,4184,3742
"Egln2",938,1898,1701,1739,1889,878,1590,1716
"Egln3",3500,8122,6469,6076,8859,3466,6335,5961
"Egr1",8887,12601,6888,12152,8827,6462,9552,6730
"Egr2",700,881,665,1038,632,462,823,630
"Egr3",1400,1986,1890,2239,1612,1412,2479,1938
"Ehbp1",412,913,686,883,841,467,1078,808
"Ehbp1l1",5518,10216,12726,10832,9309,5565,11782,12128
"Ehd1",2893,5981,6380,5606,6446,2805,5098,5921
"Ehd2",8299,14633,14921,15443,12802,7228,13356,14264
"Ehd3",1184,2228,2900,2552,2199,1059,2188,2589
"Ehd4",4840,8189,9601,8780,7167,4798,9094,8967
"Ehhadh",15,39,46,34,44,34,44,37
"Ehmt1",1030,2068,2059,2184,1999,1082,2284,2137
"Ehmt2",3515,6632,6809,6645,6232,3025,5850,6396
"Ei24",1912,3515,4324,3760,3947,1850,3547,4118
"Eid1",1356,2961,3060,3099,3922,1430,2819,3387
"Eid2",85,185,247,188,225,92,183,223
"Eid2b",142,255,305,271,366,127,260,288
"Eid3",2,17,4,7,9,3,19,8
"Eif1",12755,23519,22953,21520,27789,12725,19728,21887
"Eif1a",3085,6325,5846,6573,7039,3394,7195,6727
"Eif1ad",906,1554,1942,1733,1791,889,1711,1801
"Eif1ax",2088,3845,4388,4293,3664,2096,4142,4448
"Eif1b",755,1531,1660,1572,1713,742,1417,1742
"Eif2a",1476,3080,2688,3148,2703,1568,3445,3105
"Eif2ak1",1335,2634,2875,2644,2839,1228,2623,2773
"Eif2ak2",371,1010,657,855,808,472,1198,842
"Eif2ak3",886,1749,1589,1677,1773,808,1595,1574
"Eif2ak4",611,1213,1097,1217,1191,544,1240,1151
"Eif2b1",1210,2209,2801,2474,2421,1270,2291,2744
"Eif2b2",1804,3467,3835,3313,3532,1706,3248,3382
"Eif2b3",802,1463,1898,1590,1745,836,1542,1726
"Eif2b4",698,1258,1520,1323,1352,713,1242,1429
"Eif2b5",2096,3933,4323,3915,4048,1925,3667,3991
"Eif2d",799,1497,1577,1521,1509,745,1296,1529
"Eif2s1",3064,5416,5907,5958,5505,3166,6419,5929
"Eif2s2",3247,7556,6901,7121,7158,4655,8974,8202
"Eif2s3x",4568,7397,7705,8151,7088,4161,8556,7843
"Eif3a",4286,13849,8281,10268,9801,7055,18483,11032
"Eif3b",6609,11636,14480,12982,12707,5977,11476,13735
"Eif3c",6837,13471,15463,13826,15387,6430,13396,14748
"Eif3d",6261,11769,13894,12122,12126,6210,11296,12900
"Eif3e",6570,12928,12981,13833,13523,7112,14107,14197
"Eif3f",4242,8472,8640,8279,9642,3913,6601,8441
"Eif3g",1911,3622,4172,3736,3887,1894,3365,3987
"Eif3h",7382,14148,14857,13891,15777,7097,12177,14114
"Eif3i",3193,5895,6758,6188,6675,3025,5580,6523
"Eif3k",1857,3712,3935,3560,4142,1728,3110,3699
"Eif3l",5612,10619,11385,10639,10607,5103,9826,10862
"Eif3m",3083,5811,6225,6095,5763,2825,5794,6292
"Eif4a1",18919,33589,37996,35063,35857,18468,32077,36687
"Eif4a2",9760,18756,20738,19881,20379,10743,19897,20821
"Eif4a3",2829,4945,6147,5582,5418,2695,4670,5696
"Eif4b",16299,32812,30569,30855,31479,14192,27434,28969
"Eif4e",3033,5111,5306,5860,5443,2973,5685,5825
"Eif4e2",3146,5999,6777,6107,5681,3120,5977,6418
"Eif4e3",313,563,531,698,663,382,676,667
"Eif4ebp1",1547,3559,3276,2862,5133,1530,2513,2915
"Eif4ebp2",910,1854,1642,1653,1652,729,1586,1512
"Eif4ebp3",70,193,159,198,214,101,215,213
"Eif4enif1",1451,2601,2694,2769,2780,1462,2833,2746
"Eif4g1",12548,23478,27342,25107,25357,11721,25514,25761
"Eif4g2",22046,44369,42343,47962,41860,24679,54878,49052
"Eif4g3",1543,3453,3099,3319,3399,1831,3995,3522
"Eif4h",7475,13588,15755,14457,13434,6902,13038,14710
"Eif5",4806,9853,7862,9343,9894,5783,11388,9061
"Eif5a",14830,24718,30701,28756,27228,14602,25287,29205
"Eif5a2",234,698,358,469,521,315,764,420
"Eif5b",950,2792,2141,2312,2275,1330,3155,2679
"Eif6",2114,4052,4608,4021,4829,2159,3590,4059
"Elac1",270,528,436,514,531,302,585,460
"Elac2",1013,1705,2113,1912,1814,973,1831,2006
"Elavl1",2742,4513,5221,5376,4699,2664,4694,5306
"Elavl3",0,1,0,1,2,1,1,1
"Eldr",29,32,29,49,27,29,37,34
"Elf1",558,1463,973,1223,1430,800,1437,1149
"Elf2",1370,2491,2454,2594,2654,1372,2607,2531
"Elf3",3,4,11,3,2,3,10,9
"Elf4",840,1506,1508,1586,1514,831,1498,1422
"Elfn1",3,4,8,6,4,3,6,6
"Elfn2",0,15,3,4,4,2,5,3
"Elk1",1034,2366,2314,2001,2195,1050,2006,2108
"Elk3",3228,5683,5341,5967,6001,3336,5525,5341
"Elk4",269,515,416,493,425,235,603,426
"Ell",547,981,1069,1091,1105,485,944,1056
"Ell2",435,1106,804,1042,1138,602,1358,1087
"Ell3",11,11,18,18,12,21,22,23
"Elmo1",100,180,111,164,203,81,150,128
"Elmo2",1373,2628,2785,2618,2768,1144,2433,2534
"Elmo3",36,57,58,67,55,36,68,60
"Elmod2",663,1800,912,1385,1366,857,2155,1336
"Elmod3",272,551,602,503,593,259,492,509
"Elmsan1",1545,2971,2723,2967,2890,1457,3026,2776
"Eln",5,4,6,5,6,3,6,1
"Elof1",1027,1922,1994,1890,1965,930,1732,1858
"Elovl1",2259,4477,4597,4254,4598,2109,3928,4349
"Elovl3",18,28,21,23,19,12,26,12
"Elovl4",150,363,393,380,504,186,422,438
"Elovl5",2879,5139,6325,6122,6391,2707,5352,6373
"Elovl6",412,1207,609,896,1002,524,1312,821
"Elovl7",8,17,11,12,13,24,20,8
"Elp2",2492,4993,5717,5056,5322,2190,4597,5203
"Elp3",2149,4119,4422,4235,4183,2012,3876,4230
"Elp4",554,984,1001,1097,916,548,1048,1043
"Elp5",1130,2128,2429,2204,2198,1114,2023,2305
"Elp6",201,353,386,370,367,214,376,374
"Emb",1694,3538,4729,4761,4978,1466,3700,5152
"Emc1",1736,3339,3245,3269,3119,1670,3295,3290
"Emc10",1617,2844,2801,2788,3027,1488,2349,2735
"Emc2",2228,4379,4616,4582,4301,2646,5326,5049
"Emc3",3153,6723,7467,6413,7603,3106,5923,7159
"Emc4",1172,2185,2646,2223,2382,1240,2068,2402
"Emc6",680,1302,1510,1349,1406,700,1206,1468
"Emc7",2195,4091,4865,4288,4508,2184,3996,4823
"Emc8",1098,1771,2119,2004,1837,987,1865,1875
"Emc9",130,278,313,260,337,133,225,311
"Emd",1629,2853,3418,3208,3058,1586,2707,3346
"Eme1",146,188,147,222,119,136,192,193
"Eme2",133,279,302,280,248,119,293,296
"Emg1",1048,1607,2009,1835,1858,939,1649,1909
"Emid1",24,23,25,35,28,19,30,23
"Emilin1",1328,2376,2054,2427,1897,1140,2001,2002
"Emilin2",3096,5396,5321,5796,6940,2330,4684,5057
"Emilin3",6,7,6,5,1,6,4,3
"Eml1",2262,3730,3991,4156,4263,1991,3483,3840
"Eml2",642,1343,1368,1170,1379,581,1056,1120
"Eml3",436,889,954,837,1062,429,791,854
"Eml4",681,1595,1337,1586,1365,910,2048,1590
"Eml5",11,70,37,37,43,44,84,53
"Eml6",17,54,36,32,40,16,53,41
"Emp1",18625,30003,27665,32917,29277,14793,26622,27715
"Emp2",7086,14156,13506,13308,14552,6242,11752,12433
"Emp3",2790,5733,4928,4844,5620,2778,4134,4662
"Emx2",2,1,4,3,1,2,5,2
"Emx2os",1,0,1,1,1,0,0,0
"En1",655,1152,1316,1330,1322,605,1076,1255
"Enah",3028,7350,6167,7336,5788,4238,9745,7718
"Enc1",2640,5066,4346,4734,3963,2416,4515,4177
"Endod1",1179,1677,1874,2045,1707,1173,2161,1823
"Endog",90,109,109,115,112,54,87,96
"Endou",9,8,5,13,3,5,5,5
"Endov",766,1462,1617,1493,1717,727,1383,1535
"Eng",137,244,281,264,228,150,241,242
"Engase",94,174,207,181,154,78,162,179
"Enho",503,1031,1081,999,737,518,844,1002
"Enkd1",221,436,433,401,463,224,371,377
"Enkur",19,54,36,42,35,34,66,42
"Eno1",0,2,0,1,3,1,2,1
"Eno1b",11271,13799,10754,12028,14362,10809,10240,9885
"Eno2",820,2489,1475,1519,3377,904,1477,1455
"Eno3",14221,23755,31983,26375,19111,14146,26494,29047
"Eno4",4,9,15,8,11,5,7,12
"Enoph1",317,517,583,614,648,291,523,685
"Enox1",177,209,441,448,249,161,307,512
"Enox2",230,448,307,399,431,229,387,311
"Enpep",46,137,163,138,133,45,120,171
"Enpp1",2927,5383,5963,6330,5588,3270,6316,6340
"Enpp2",427,2136,1128,1057,1998,498,1108,1096
"Enpp3",395,844,783,864,970,430,871,894
"Enpp4",505,1137,862,1112,1118,587,1402,1137
"Enpp5",489,1028,1044,1041,1001,435,864,1006
"Enpp6",1,5,1,2,1,0,7,3
"Ensa",3648,6927,7745,7094,7208,3500,6630,7185
"Enthd2",320,660,687,638,661,348,576,644
"Entpd1",3,7,7,5,5,3,4,2
"Entpd2",30,75,46,44,80,19,49,28
"Entpd3",19,61,38,38,63,19,33,42
"Entpd4",57,81,74,82,95,65,84,97
"Entpd5",1117,2000,1666,1949,2007,904,1710,1635
"Entpd6",153,273,312,291,303,161,258,279
"Entpd7",318,563,554,585,528,324,556,554
"Eny2",1404,2281,2203,2548,2289,1589,2582,2541
"Eogt",442,791,728,824,693,428,916,758
"Eomes",1,1,2,2,1,6,3,1
"Ep300",1506,3713,2613,3186,3305,1845,3998,2978
"Ep400",2102,4492,3672,3991,4105,2104,4232,3636
"Epas1",11,24,14,17,32,10,16,19
"Epb4.1",247,550,349,415,450,226,409,321
"Epb4.1l1",1588,3162,2943,3065,3618,1420,2663,2814
"Epb4.1l2",5366,9369,8865,10757,8608,5343,10361,9605
"Epb4.1l3",3197,6595,6360,6987,7084,3325,7024,7014
"Epb4.1l4a",768,1759,1426,1593,1799,778,1410,1531
"Epb4.1l4aos",52,89,91,95,142,56,75,97
"Epb4.1l4b",20,52,19,28,29,11,29,21
"Epb4.1l5",197,404,418,389,308,237,479,439
"Epb4.2",0,0,0,1,1,0,1,1
"Epc1",750,1259,1004,1205,1288,690,1313,1007
"Epc2",441,1173,519,847,874,575,1299,733
"Epcam",0,0,1,0,0,1,0,1
"Epdr1",2634,5015,4980,5135,5590,2337,4390,5013
"Epg5",999,2075,2020,2049,2357,908,1996,1975
"Epgn",5,18,9,12,9,6,21,12
"Epha1",612,1465,1275,1331,1107,479,959,1238
"Epha2",2348,4464,4266,4348,4751,2119,3760,4157
"Epha3",1,17,8,2,8,9,8,6
"Epha4",219,471,376,446,385,191,520,442
"Epha7",58,142,94,126,123,59,159,100
"Ephb1",1,4,14,9,7,5,9,14
"Ephb2",1178,2192,2653,2270,2017,1100,2203,2382
"Ephb3",1598,2924,3533,3289,2458,1362,3208,3333
"Ephb4",1560,3032,3263,3196,3381,1367,2608,3252
"Ephb6",3210,8664,5867,6149,8804,2568,4863,5610
"Ephx1",4419,11115,8749,8446,13951,3775,6927,8085
"Ephx2",36,62,69,66,53,25,46,61
"Ephx3",3,4,7,3,6,2,2,3
"Ephx4",2,4,7,3,3,4,2,3
"Epm2a",38,107,53,56,108,32,77,58
"Epm2aip1",792,2430,1813,2265,1878,1137,3373,2489
"Epn1",1758,3185,3375,3206,4161,1646,2777,3153
"Epn2",1738,3106,3607,3571,3494,1739,3529,3546
"Epn3",47,70,56,72,60,35,80,58
"Epor",75,117,186,170,74,55,128,181
"Eppk1",29,73,31,48,39,24,44,48
"Eprs",3489,9670,7590,8825,8802,4677,11977,9456
"Eps15",1287,3184,2226,2716,2605,1635,3701,2639
"Eps15l1",1132,2082,2244,2187,2039,1006,1987,2091
"Eps8",1727,4236,3413,3711,5342,1592,3668,3493
"Eps8l1",8,7,9,10,8,2,5,3
"Eps8l2",121,287,228,226,268,120,185,205
"Epsti1",1,1,1,1,2,1,2,3
"Ept1",1246,2625,2612,2913,3097,1395,3356,3126
"Eqtn",0,2,0,0,1,1,1,0
"Eral1",544,983,1125,1036,1038,560,931,1033
"Erap1",451,958,738,916,815,469,1038,876
"Erbb2",1602,3237,3641,3081,3256,1515,2981,3233
"Erbb2ip",1311,4518,2653,3107,2926,1587,4914,3464
"Erbb3",910,1580,2273,1665,1379,935,2063,1808
"Erc1",1547,2820,2583,2924,2569,1465,3303,2676
"Erc2",0,4,4,1,1,4,4,2
"Ercc1",599,1092,1071,1015,1067,603,949,1003
"Ercc2",173,327,315,292,316,152,313,284
"Ercc3",1388,2715,3032,2776,2921,1312,2546,2813
"Ercc4",459,854,914,868,904,429,883,853
"Ercc5",579,1212,1228,1334,1233,694,1582,1421
"Ercc6",439,958,700,908,797,559,1189,861
"Ercc6l",394,649,444,672,513,367,740,515
"Ercc6l2",308,991,696,822,795,481,1247,869
"Ercc8",133,296,378,312,379,176,323,343
"Erdr1",203,188,158,213,172,227,218,195
"Ereg",323,704,573,824,1072,371,859,814
"Erf",958,1918,1881,1830,1941,887,1695,1812
"Erg",4,1,0,2,0,1,1,0
"Ergic1",4179,8554,8273,8179,8350,3826,7442,8105
"Ergic2",936,1955,1516,1936,1758,1127,2403,1967
"Ergic3",3596,8024,7865,7198,8476,3144,6123,7234
"Erh",2781,4187,5161,4810,4558,2737,4262,5042
"Eri1",1510,2368,2059,2722,2321,1549,2803,2367
"Eri2",203,336,294,359,257,193,420,341
"Eri3",1961,3876,4069,3868,3917,1878,3403,4022
"Erich1",168,362,342,337,358,201,408,361
"Erich2",5,13,10,5,41,2,8,4
"Erich6",11,12,22,15,16,18,21,20
"Erlec1",1156,2425,2582,2576,2618,1326,2626,2801
"Erlin1",984,1744,1893,2095,2111,941,1950,2033
"Erlin2",1739,3395,3231,3376,3572,1553,3227,3224
"Ermap",5,9,9,12,9,1,11,14
"Ermard",134,292,321,290,295,176,303,296
"Ermp1",991,1711,1401,1731,1470,920,1704,1452
"Ern1",353,834,780,748,902,326,786,757
"Ero1l",1126,3092,1484,2006,5737,1412,2039,1731
"Ero1lb",219,498,306,386,478,220,357,323
"Erp27",5,6,12,7,12,4,2,8
"Erp29",1888,3484,3663,3588,3727,1843,3085,3546
"Erp44",2287,4440,4285,4755,4803,2464,4498,4674
"Errfi1",4340,6394,6217,7631,6214,4202,6749,6307
"Erv3",10,40,16,21,88,19,14,22
"Esam",1,4,3,1,5,2,6,0
"Esco1",166,478,327,319,366,207,501,373
"Esco2",182,328,206,335,176,191,502,298
"Esd",5340,14906,15292,11486,24256,5465,10716,13329
"Esf1",111,406,281,285,343,177,407,367
"Esm1",1,12,10,8,15,1,5,11
"Espl1",1122,1461,1247,1677,1046,755,1561,1167
"Espn",16,17,12,24,9,11,22,19
"Espnl",6,9,5,10,2,4,16,7
"Esr1",431,658,720,883,537,447,880,817
"Esr2",1,2,3,4,0,3,1,5
"Esrp2",0,7,3,2,5,1,8,4
"Esrra",759,1568,1707,1498,1553,721,1526,1550
"Esrrb",19,23,35,35,10,20,24,39
"Esrrg",0,0,0,2,1,1,1,2
"Esx1",5,4,1,5,1,1,5,0
"Esyt1",5114,9576,8098,8870,8196,4418,7624,7756
"Esyt2",2724,6405,5180,6827,5569,3792,8505,6674
"Esyt3",11,15,19,20,13,11,25,15
"Etaa1",137,394,203,274,229,171,433,267
"Etaa1os",1,2,5,4,2,2,6,2
"Etf1",5404,11334,11101,11968,11268,6111,13706,12621
"Etfa",2793,4849,5738,6088,5009,2635,5363,6033
"Etfb",1327,2293,2704,2514,2062,1211,2141,2505
"Etfdh",1706,3006,3645,3478,3241,1530,3247,3585
"Ethe1",348,711,604,624,798,341,539,573
"Etl4",402,1144,1113,961,833,548,1428,1178
"Etnk1",1034,2919,1791,2504,2359,1487,3430,2509
"Etnk2",1,1,2,1,2,0,0,0
"Etnppl",0,2,2,1,1,1,4,1
"Etohd2",20,28,44,42,45,28,44,48
"Etohi1",50,196,137,133,152,81,201,187
"Ets1",1386,2077,1974,2543,2198,1269,2445,2107
"Ets2",6096,11183,11293,11282,11728,5889,10709,10648
"Etv1",134,322,227,285,359,173,326,303
"Etv3",752,1313,1270,1421,1406,624,1414,1283
"Etv4",463,782,581,696,652,409,534,497
"Etv5",411,931,654,710,1159,366,577,636
"Etv6",1066,1798,1676,1856,1849,1045,1920,1680
"Eva1a",44,50,55,62,46,50,74,52
"Eva1b",291,609,567,562,611,256,483,528
"Eva1c",289,515,679,598,676,245,452,597
"Evc",1088,1967,1732,1934,1753,850,1578,1636
"Evc2",814,1528,1498,1522,1590,677,1395,1405
"Evi2a",482,1031,901,919,1277,484,841,955
"Evi5",516,1812,1064,1306,1458,832,2218,1399
"Evi5l",280,469,468,437,408,207,450,395
"Evl",869,1439,1218,1387,1769,728,1159,1228
"Evpl",2,12,5,9,6,7,11,9
"Ewsr1",5075,9215,10989,10818,9452,5141,10923,11529
"Exd1",24,41,32,39,61,21,36,33
"Exd2",619,1273,1125,1200,1263,554,1120,1170
"Exo1",346,440,381,546,329,283,503,392
"Exo5",311,612,694,675,668,299,622,705
"Exoc1",1101,1985,2221,2216,2093,1081,2305,2323
"Exoc2",1229,2349,2389,2559,2434,1249,2550,2476
"Exoc3",1645,2944,3250,3212,3036,1550,2863,3148
"Exoc3l",382,762,708,686,551,370,654,715
"Exoc3l4",170,303,295,283,371,149,267,267
"Exoc4",2003,3722,3440,3719,3009,1858,4129,3511
"Exoc5",812,2411,1517,1865,1789,1133,3086,2040
"Exoc6",273,570,446,500,453,301,703,483
"Exoc6b",995,2074,1877,2003,2160,878,2051,2021
"Exoc7",1516,3121,3022,2898,2918,1370,2687,2851
"Exoc8",534,945,1041,1002,999,548,941,991
"Exog",319,468,515,583,538,270,506,550
"Exosc1",497,791,1082,1003,1084,509,943,1088
"Exosc10",1451,2617,2708,2744,2531,1327,2542,2641
"Exosc2",673,1090,1265,1261,1212,689,1120,1297
"Exosc3",428,761,824,809,741,438,733,794
"Exosc4",743,1377,1700,1427,1425,698,1361,1474
"Exosc5",266,488,548,484,560,270,485,525
"Exosc6",233,361,445,434,354,256,395,407
"Exosc7",345,681,821,774,844,418,709,874
"Exosc8",618,960,1039,1169,1079,646,1031,1054
"Exosc9",773,1271,1563,1469,1268,774,1422,1585
"Exph5",0,1,2,0,2,0,2,1
"Ext1",6433,14172,10162,12315,14819,6929,12099,11104
"Ext2",4274,8377,8558,8310,8063,3727,7253,8051
"Extl1",47,100,142,99,106,58,101,121
"Extl2",1005,1799,2049,2129,2012,985,1965,2237
"Extl3",3987,7668,7367,7298,7806,3495,6917,6715
"Eya1",273,790,527,646,879,290,702,635
"Eya2",0,3,4,1,2,0,2,3
"Eya3",1282,2534,2717,2514,2480,1250,2671,2601
"Eya4",538,1443,1125,1232,1108,678,1840,1329
"Ezh1",1557,3265,3578,3315,3276,1426,3050,3414
"Ezh2",863,1597,1284,1731,1452,1015,1973,1582
"Ezr",2896,5948,4613,5044,6548,2464,4280,4486
"F11r",486,1383,1429,1081,1685,650,1157,1304
"F12",1,1,0,2,2,1,1,1
"F13a1",6,23,22,21,65,8,21,24
"F2",70,87,147,111,89,96,141,105
"F2r",3843,7858,7429,9003,7718,4183,9130,9051
"F2rl1",17,16,21,19,25,21,29,23
"F2rl2",17,26,19,23,15,17,32,18
"F2rl3",8,12,14,17,17,15,19,19
"F3",630,1455,1702,1823,2017,440,1176,1874
"F420014N23Rik",24,29,45,48,49,21,49,49
"F5",7,13,38,32,31,6,32,32
"F630042J09Rik",15,21,33,28,23,13,18,26
"F7",13,67,27,27,70,5,23,24
"F730043M19Rik",132,230,183,217,200,128,268,206
"F8",15,36,24,33,15,8,33,35
"F830016B08Rik",1,2,4,2,0,2,7,4
"F8a",67,115,130,106,174,58,109,108
"F930015N05Rik",16,21,21,27,30,16,25,19
"Faah",9,13,6,12,12,10,12,6
"Faap100",487,928,839,881,786,398,831,819
"Faap20",436,671,696,734,724,397,592,690
"Faap24",192,293,306,346,272,140,236,291
"Fabp1",0,1,0,1,0,0,1,0
"Fabp3",202,354,528,325,318,263,468,440
"Fabp4",1,21,29,3,104,1,11,10
"Fabp5",514,727,565,657,822,466,601,521
"Fabp7",2,1,1,5,1,2,2,5
"Fadd",261,469,406,425,521,234,389,355
"Fads1",2710,5897,4871,4895,5978,2636,4664,4520
"Fads2",1640,3454,2168,2544,2655,1417,2295,2071
"Fads3",4811,9895,10542,9065,9978,5002,9062,9640
"Fads6",39,72,43,45,34,23,58,26
"Faf1",1725,3117,3699,3392,3415,1743,3022,3517
"Faf2",2454,4819,4251,4734,4889,2261,4383,4304
"Fah",1012,1897,1604,1770,2030,935,1530,1583
"Fahd1",61,183,189,167,213,89,177,188
"Fahd2a",162,289,328,298,322,165,250,316
"Faim",291,577,618,567,640,288,559,589
"Faim2",9,8,9,15,13,5,11,11
"Fam101a",3,7,4,4,3,1,4,1
"Fam101b",2239,2765,2840,3582,2553,2209,3483,2982
"Fam102a",697,1384,1630,1527,1417,609,1272,1605
"Fam102b",1162,3014,2024,2631,2969,1469,3202,2520
"Fam103a1",491,838,839,867,993,647,923,958
"Fam104a",1062,1719,1940,1798,1710,1075,1561,1843
"Fam105a",22,45,89,54,36,26,57,68
"Fam107a",212,327,554,381,341,211,486,464
"Fam107b",1439,2000,2256,2746,1745,1180,2360,2413
"Fam109a",341,664,735,647,718,316,595,655
"Fam109b",0,5,8,4,5,1,3,7
"Fam110a",748,1140,1351,1376,1049,727,1218,1394
"Fam110b",111,210,211,201,182,110,180,215
"Fam110c",27,129,196,148,737,36,114,203
"Fam111a",836,1980,1356,1842,1526,981,2479,1775
"Fam114a1",4913,8320,8014,8927,7757,4749,8675,8149
"Fam114a2",1551,3093,2948,2890,3293,1453,2945,2785
"Fam117a",434,804,922,878,719,369,751,900
"Fam117b",941,1960,1791,2000,2103,872,1921,1888
"Fam118a",981,2016,2170,2087,2161,952,1982,2111
"Fam118b",606,1216,1367,1167,1450,629,1151,1261
"Fam120a",6306,12193,11699,13380,11978,6669,14305,13253
"Fam120aos",80,149,176,183,203,83,118,194
"Fam120b",1298,2723,2349,2528,2563,1387,2534,2433
"Fam120c",447,1055,820,990,808,523,1296,975
"Fam122a",238,399,420,441,503,248,459,437
"Fam122b",155,288,227,319,257,195,360,309
"Fam124a",6,12,7,13,8,7,10,15
"Fam124b",2,1,3,6,3,1,7,6
"Fam126a",997,2130,1745,2160,1998,1204,2687,2065
"Fam126b",67,319,212,186,226,120,365,242
"Fam129a",126,242,232,255,194,98,226,224
"Fam129b",10673,20324,22563,20546,21426,9531,18797,20966
"Fam129c",45,94,84,101,107,56,85,96
"Fam131a",34,61,82,68,40,33,46,85
"Fam131b",546,1038,1661,1425,1190,427,1041,1565
"Fam131c",38,68,56,59,53,31,42,38
"Fam132a",342,561,694,694,665,289,520,691
"Fam132b",922,1081,925,1337,1064,1010,1305,1044
"Fam133b",358,838,720,838,742,516,996,899
"Fam134a",1628,3550,3318,3172,4085,1467,2697,3242
"Fam134b",2699,6262,5156,5554,5691,2872,6404,5675
"Fam134c",1579,3006,3338,3002,2928,1468,2842,3050
"Fam135a",480,1568,842,1128,1042,664,1881,1135
"Fam136a",708,1292,1417,1299,1349,689,1262,1401
"Fam13a",49,64,88,108,62,35,95,109
"Fam13b",611,1645,855,1203,1264,713,1694,1029
"Fam13c",387,972,652,836,755,437,944,865
"Fam149a",626,1227,1096,1248,1128,611,1233,1240
"Fam149b",739,1330,1365,1420,1360,706,1319,1301
"Fam150a",6,15,17,15,15,12,24,11
"Fam151b",32,53,69,65,72,36,52,84
"Fam160a1",961,1827,1889,1787,1789,857,1753,1716
"Fam160a2",489,973,1023,1009,1023,516,1051,1015
"Fam160b1",990,2123,2012,2093,2213,1068,2296,2139
"Fam160b2",391,821,866,803,826,449,908,821
"Fam161a",40,87,64,90,92,58,95,95
"Fam161b",49,124,117,121,117,69,147,133
"Fam162a",3226,6935,4771,5610,8175,3786,5223,4896
"Fam163b",0,2,1,1,2,0,2,1
"Fam166a",1,2,0,1,0,0,1,1
"Fam166b",0,0,0,1,2,0,1,1
"Fam167a",612,936,1407,1071,989,728,1233,1200
"Fam167b",5,7,11,11,13,3,5,9
"Fam168a",3077,5661,5044,5669,5053,2840,5667,5017
"Fam168b",4498,8063,7867,8553,8112,4055,7806,7893
"Fam169a",11,14,14,17,12,7,17,19
"Fam169b",30,39,50,39,28,33,42,30
"Fam171a1",1170,2115,1962,2187,1994,959,1948,1952
"Fam171a2",1635,2756,3876,2905,2599,1791,3398,3334
"Fam171b",21,73,35,57,56,24,73,52
"Fam172a",919,1750,1618,1904,1585,941,1996,1848
"Fam173a",487,1056,974,922,1113,491,850,936
"Fam173b",440,709,782,763,708,424,691,704
"Fam174a",564,1200,1324,1215,1425,566,1053,1363
"Fam174b",1,1,0,1,0,0,1,0
"Fam175a",330,602,601,678,699,363,670,691
"Fam175b",956,1986,1913,1998,1941,1191,2387,2140
"Fam178a",1117,2973,2168,2647,2267,1490,3804,2671
"Fam178b",9,19,22,15,21,12,22,21
"Fam179a",7,10,5,8,10,1,5,2
"Fam179b",397,1313,855,995,975,566,1679,1128
"Fam180a",98,165,173,170,114,73,119,147
"Fam181b",13,25,22,27,75,10,26,34
"Fam184b",1,1,2,2,2,1,1,2
"Fam185a",235,372,494,501,458,229,496,570
"Fam186b",3,3,6,7,1,6,5,0
"Fam187a",0,2,3,0,3,0,4,0
"Fam187b",1,1,0,2,0,0,1,1
"Fam188a",761,1421,1488,1559,1585,908,1810,1582
"Fam188b",258,541,432,451,534,258,410,411
"Fam189a1",6,21,32,18,20,15,22,25
"Fam189a2",74,150,205,136,120,84,155,188
"Fam189b",992,2341,1709,1755,2128,932,1572,1565
"Fam192a",1782,3321,4070,3629,3974,1801,3361,3904
"Fam193a",1002,1858,1822,1967,1854,981,1908,1904
"Fam193b",706,1407,1409,1484,1445,741,1523,1483
"Fam195a",113,182,214,202,172,108,204,223
"Fam195b",1861,3728,3828,3614,4002,1809,3102,3652
"Fam196a",1,7,3,3,4,7,4,3
"Fam198a",22,18,54,50,15,19,33,51
"Fam198b",328,468,424,534,376,327,694,490
"Fam199x",76,368,176,191,169,120,437,212
"Fam19a1",2,0,1,2,3,1,1,0
"Fam19a2",8,35,11,21,33,17,22,18
"Fam19a3",1,0,0,1,0,1,0,0
"Fam19a5",273,412,482,515,459,239,425,509
"Fam204a",449,934,747,920,942,565,1132,933
"Fam206a",971,1544,1611,1799,1667,847,1591,1609
"Fam207a",990,1901,1958,1852,1893,900,1677,1792
"Fam208a",216,782,364,445,481,281,791,456
"Fam208b",400,1073,627,814,800,407,1164,816
"Fam209",3,2,1,3,4,1,2,2
"Fam20a",6669,11114,11611,11928,9161,6943,11466,11534
"Fam20b",3146,5457,5467,5541,4994,2956,5279,5330
"Fam20c",2162,4982,4157,3975,5115,1991,3572,3939
"Fam21",1958,4445,4279,4111,4688,1901,4330,4253
"Fam210a",1414,3211,2495,2913,2785,1523,3512,2824
"Fam210b",634,1158,1210,1168,1277,567,1104,1146
"Fam212a",21,57,50,53,38,32,54,59
"Fam212b",466,857,1102,989,820,468,1033,1027
"Fam213a",68,169,131,124,209,51,120,127
"Fam213b",2,3,6,4,4,2,5,5
"Fam214a",312,713,688,741,760,374,836,800
"Fam214b",1885,3521,3708,3379,3396,1909,3490,3421
"Fam216a",629,982,1225,1192,1083,616,1050,1201
"Fam219a",188,390,365,340,356,173,323,348
"Fam219aos",73,141,128,119,130,80,108,135
"Fam219b",531,961,1223,1103,1038,521,971,1153
"Fam220a",824,1606,1659,1525,1674,936,1436,1571
"Fam221a",56,130,137,119,116,62,140,117
"Fam221b",2,0,1,2,0,2,0,2
"Fam222a",0,0,1,2,2,2,0,2
"Fam222b",654,1152,1062,1181,1062,594,1092,1097
"Fam227a",12,50,49,39,61,35,54,53
"Fam227b",0,1,0,1,1,1,0,1
"Fam228b",1,6,3,2,5,5,7,1
"Fam229a",0,1,0,0,1,1,0,1
"Fam229b",65,104,121,131,125,71,111,137
"Fam24a",1,0,1,1,1,0,0,0
"Fam26d",0,1,5,0,3,0,1,1
"Fam26e",39,86,101,95,85,39,73,99
"Fam26f",1,3,1,3,1,4,4,3
"Fam32a",1844,3685,4063,3649,4281,1856,3135,3832
"Fam35a",143,334,235,290,271,147,349,286
"Fam3a",620,1353,1244,1189,1338,633,1092,1189
"Fam3c",1339,2585,2516,2670,2936,1282,2359,2638
"Fam43a",506,881,714,834,634,326,697,623
"Fam43b",1,1,4,1,2,1,1,0
"Fam45a",709,1360,1221,1427,1330,738,1557,1399
"Fam46a",218,681,494,628,445,312,847,650
"Fam46b",147,222,269,264,164,113,260,278
"Fam46c",26,43,24,40,31,16,33,30
"Fam49a",4,11,13,11,10,2,14,13
"Fam49b",1474,2791,2866,3129,2620,1695,3691,3211
"Fam50a",1053,2020,2057,1928,2534,1097,1773,2098
"Fam53a",819,1508,1800,1629,1527,796,1527,1687
"Fam53b",963,1686,1985,1705,1572,898,1864,1784
"Fam53c",2083,4041,3928,3873,3978,1948,3590,3684
"Fam57a",289,400,343,419,395,238,348,372
"Fam57b",3,8,2,5,5,5,8,13
"Fam58b",294,507,596,550,671,276,504,591
"Fam60a",553,653,667,707,750,520,677,706
"Fam63a",1099,2513,2404,2083,3155,968,1942,2163
"Fam63b",449,1636,661,877,1161,574,1470,762
"Fam64a",1598,1871,2075,2544,1602,1216,2061,2077
"Fam65a",1839,3229,3795,3361,3071,1762,3355,3435
"Fam65b",74,157,175,178,94,53,154,177
"Fam65c",22,57,40,35,59,21,47,35
"Fam69a",653,1315,1331,1333,1226,656,1334,1343
"Fam69b",293,551,572,590,538,219,466,581
"Fam69c",0,0,0,3,2,0,0,2
"Fam71b",8,15,25,19,14,10,20,26
"Fam71d",0,0,0,1,0,0,1,1
"Fam71e1",2,5,7,9,5,5,6,9
"Fam71f1",12,30,13,19,35,25,20,15
"Fam71f2",6,13,13,9,14,15,9,11
"Fam72a",86,92,95,119,86,51,92,101
"Fam73a",22,80,46,52,64,40,79,52
"Fam73b",596,1176,1363,1246,1234,546,1174,1309
"Fam76a",1259,2448,2494,2360,2588,1228,2161,2385
"Fam76b",316,954,597,769,756,504,1258,844
"Fam78a",34,36,72,48,46,54,82,60
"Fam78b",38,72,56,61,86,41,77,49
"Fam81a",19,28,17,30,25,13,25,15
"Fam83a",23,24,31,38,13,17,38,30
"Fam83b",11,39,8,20,19,15,34,19
"Fam83c",0,1,2,1,1,0,0,4
"Fam83d",763,851,928,1209,720,538,955,968
"Fam83e",5,4,6,5,5,1,6,5
"Fam83f",2,2,0,2,0,0,2,0
"Fam83h",586,1163,1203,1040,1189,557,1101,1050
"Fam84a",10,15,21,19,11,8,20,16
"Fam84b",4,10,4,4,12,1,5,4
"Fam89a",5,14,9,10,15,12,13,12
"Fam89b",1184,2331,2689,2366,2351,1046,2111,2484
"Fam8a1",582,1252,968,1191,1030,678,1499,1217
"Fam92a",769,1548,1632,1756,1602,829,1757,1864
"Fam92b",1,0,0,1,2,0,0,0
"Fam96a",1193,2122,2560,2344,2353,1171,2201,2393
"Fam96b",749,1448,1571,1414,1510,790,1420,1479
"Fam98a",2115,3687,4188,4073,3596,2250,4254,4147
"Fam98b",1189,2035,2566,2520,2249,1298,2329,2702
"Fam98c",57,94,103,77,86,68,71,73
"Fan1",119,329,246,288,236,139,368,310
"Fanca",199,212,206,298,192,138,243,205
"Fancb",160,222,171,263,172,138,269,218
"Fancc",312,526,572,564,560,302,547,548
"Fancd2",310,456,398,514,312,254,512,358
"Fancd2os",25,19,9,27,10,18,24,24
"Fance",461,821,922,881,969,396,798,897
"Fancf",135,197,190,226,206,123,184,176
"Fancg",194,369,318,328,315,183,342,299
"Fanci",224,385,286,360,333,224,404,264
"Fancl",198,328,265,337,312,182,334,303
"Fancm",145,417,305,361,320,187,587,380
"Fank1",3,6,6,5,11,5,10,8
"Fap",10,24,16,19,11,13,25,17
"Far1",935,3074,1832,2086,1928,1245,3685,2194
"Far1os",4,2,3,3,5,2,4,3
"Far2",12,41,18,20,24,27,56,21
"Farp1",2887,5381,5306,5541,5644,2502,4678,5199
"Farp2",215,356,338,378,337,184,382,335
"Fars2",372,635,738,687,645,303,558,655
"Farsa",2583,4447,5515,4927,5152,2481,4444,5001
"Farsb",1740,3068,3752,3402,3502,1698,3263,3647
"Fas",484,953,1164,1015,1112,517,1027,1130
"Fasn",6482,12900,10478,11017,12028,5297,10829,9564
"Fastk",1367,2614,2641,2578,2718,1302,2326,2559
"Fastkd1",343,651,836,805,705,416,866,969
"Fastkd2",539,1052,1092,992,1098,495,1034,1008
"Fastkd3",267,445,521,506,500,255,472,498
"Fastkd5",477,749,706,821,607,415,853,751
"Fat1",4551,13370,9066,9258,11783,3911,9376,8580
"Fat2",2,4,9,3,2,1,4,3
"Fat3",0,0,0,1,0,0,2,1
"Fat4",337,825,332,545,596,273,617,341
"Fau",6196,12828,13932,12474,16134,6382,10895,12994
"Faxc",723,1424,1251,1458,1543,672,1428,1397
"Fbf1",1143,2443,2141,2102,2198,1030,2222,1976
"Fbl",1338,2381,2667,2518,2611,1276,2245,2593
"Fblim1",1595,2473,2806,2832,2429,1461,2510,2684
"Fbln1",3149,9660,8815,7777,15176,2263,5243,8336
"Fbln2",11878,21689,20951,21268,27046,12761,20459,20184
"Fbln5",4110,8977,8796,8286,8364,3489,6730,8249
"Fbln7",558,1505,1670,1474,818,428,1017,1730
"Fbn1",23219,38507,36043,40363,34587,24002,44070,36206
"Fbp2",2,2,4,5,0,5,4,5
"Fbrs",799,1430,1375,1406,1379,788,1337,1297
"Fbrsl1",481,879,894,900,1017,442,860,863
"Fbxl12",192,281,360,346,385,162,309,355
"Fbxl12os",19,45,42,52,61,29,55,55
"Fbxl13",33,34,35,47,27,35,40,38
"Fbxl14",695,1308,1262,1279,1405,697,1198,1244
"Fbxl15",115,236,192,191,201,125,191,180
"Fbxl16",445,868,775,832,855,467,740,765
"Fbxl17",942,2027,1900,1948,2054,965,1980,2019
"Fbxl18",140,286,288,261,226,97,279,262
"Fbxl19",407,730,730,738,694,373,750,678
"Fbxl2",408,864,868,808,879,412,831,932
"Fbxl20",1165,2587,2826,2669,3135,1129,2791,2887
"Fbxl21",7,19,23,15,9,8,7,13
"Fbxl22",117,170,204,191,177,130,193,216
"Fbxl3",1007,2924,1801,2252,2537,1430,3321,2315
"Fbxl4",393,822,795,813,882,433,824,835
"Fbxl5",1235,2512,2534,2426,2954,1356,2526,2538
"Fbxl6",745,1459,1635,1458,1501,736,1410,1512
"Fbxl7",121,312,244,242,309,135,220,228
"Fbxl8",162,289,316,321,337,152,269,310
"Fbxo10",801,1592,1579,1492,1441,728,1466,1424
"Fbxo11",1364,3511,2745,3192,2906,1802,4064,3326
"Fbxo15",6,4,3,9,7,5,3,3
"Fbxo16",43,77,112,78,73,43,82,79
"Fbxo17",394,719,792,725,670,452,761,769
"Fbxo18",2019,3803,3743,3829,3644,1762,3322,3565
"Fbxo2",26,43,68,55,47,11,45,59
"Fbxo21",949,1962,1886,1856,1900,823,1558,1742
"Fbxo22",892,1492,1672,1534,1656,939,1458,1675
"Fbxo24",26,57,62,58,58,32,59,55
"Fbxo25",727,1379,1481,1400,1472,703,1276,1408
"Fbxo28",1372,2437,2536,2579,2541,1370,2706,2559
"Fbxo3",1613,3110,3072,3272,2951,1571,3246,3231
"Fbxo30",689,1788,1442,1685,1461,954,2477,1849
"Fbxo31",531,1054,1085,1031,1049,444,926,1056
"Fbxo32",1458,4147,2709,3312,3998,2046,4065,3320
"Fbxo33",283,662,533,608,639,310,745,591
"Fbxo34",625,1042,996,1082,900,552,1013,1023
"Fbxo36",175,414,385,349,378,158,286,373
"Fbxo38",1830,3437,3614,3464,3613,1794,3650,3485
"Fbxo4",504,916,1025,984,1041,452,826,968
"Fbxo40",26,49,93,44,36,19,94,69
"Fbxo41",0,1,0,0,2,0,2,3
"Fbxo42",1189,2146,2267,2305,2539,1112,1989,2223
"Fbxo43",1,2,1,2,5,0,6,1
"Fbxo44",65,112,156,128,144,60,121,146
"Fbxo45",689,1275,1255,1319,1227,652,1430,1189
"Fbxo46",239,374,378,379,410,193,351,322
"Fbxo47",8,15,11,9,10,7,16,3
"Fbxo48",11,40,19,32,22,21,55,26
"Fbxo5",426,667,443,777,558,496,839,648
"Fbxo6",815,1840,1792,1541,2111,818,1406,1611
"Fbxo7",269,520,464,499,577,238,501,485
"Fbxo8",519,1001,1015,980,1167,585,1129,1023
"Fbxo9",641,1276,1434,1269,1474,644,1371,1343
"Fbxw10",5,20,12,12,24,11,18,10
"Fbxw11",2800,5525,5362,5299,5614,2503,5024,4879
"Fbxw17",409,721,816,775,757,386,698,770
"Fbxw2",1765,3343,3718,3347,3626,1724,3187,3372
"Fbxw4",560,1064,1029,1053,1124,520,889,1030
"Fbxw5",954,1946,2066,1903,1916,903,1843,2016
"Fbxw7",444,902,903,884,779,661,1251,981
"Fbxw8",4055,7185,7864,7617,6680,3382,6578,7312
"Fbxw9",791,1562,1602,1527,1792,836,1378,1615
"Fcer1g",0,4,4,2,10,2,4,5
"Fcf1",963,1864,2169,1906,2124,1142,1882,2074
"Fcgr1",0,0,4,0,1,1,3,1
"Fcgr2b",3,4,4,3,3,3,9,5
"Fcgr3",0,7,3,2,7,8,1,3
"Fcgr4",79,137,120,126,105,87,116,119
"Fcgrt",3368,7870,7357,6958,8150,2852,5401,6944
"Fcho1",0,1,4,0,3,1,0,0
"Fcho2",389,1271,838,905,914,483,1414,1022
"Fchsd1",166,403,351,340,379,147,313,351
"Fchsd2",652,1267,1057,1299,1175,750,1461,1262
"Fcna",7,41,18,19,34,8,16,20
"Fcrlb",7,3,3,7,7,1,9,2
"Fdft1",2796,5737,4788,4694,5866,2540,4238,4308
"Fdps",3867,7897,6491,6503,7082,3617,5895,5821
"Fdx1",215,395,507,450,494,227,384,483
"Fdx1l",5,11,10,12,12,5,7,9
"Fdxacb1",225,345,357,387,343,211,338,365
"Fdxr",496,1077,1082,973,1013,480,888,973
"Fech",2798,5177,6308,5706,5334,2565,5335,5951
"Fem1a",1909,3407,4086,3407,3131,1801,3526,3538
"Fem1b",1774,3072,2979,3507,3038,1749,3550,3296
"Fem1c",569,1113,913,1162,1064,654,1295,1082
"Fen1",1001,1429,1399,1658,1231,822,1469,1381
"Fer",861,2095,1414,1916,1788,1000,2250,1841
"Fer1l5",196,421,342,345,395,194,357,330
"Fermt2",4844,8835,8005,9789,8342,5103,10014,9232
"Fermt3",12,7,14,20,17,5,17,15
"Fes",19,31,36,34,36,14,25,37
"Fetub",55,367,138,124,514,54,92,135
"Fez1",51,134,127,75,200,60,113,70
"Fez2",933,1656,1758,1697,1797,902,1546,1613
"Ffar4",6,3,2,8,3,2,5,4
"Fga",1,3,2,2,6,1,2,2
"Fgb",0,2,3,0,1,2,2,5
"Fgd1",510,817,896,919,815,433,763,893
"Fgd2",36,63,51,56,38,27,61,48
"Fgd3",912,1498,2223,1928,1370,800,1868,2083
"Fgd4",21,53,37,53,31,21,66,55
"Fgd5",0,1,1,0,0,0,1,0
"Fgd6",134,271,290,307,287,159,302,313
"Fgf1",9,11,6,12,11,7,7,7
"Fgf10",112,320,86,165,215,99,203,77
"Fgf11",785,1436,1554,1484,1082,1013,1844,1603
"Fgf13",41,60,105,63,87,66,123,98
"Fgf14",1,1,0,1,0,0,1,0
"Fgf15",3,3,2,3,3,2,4,0
"Fgf16",0,1,1,0,1,0,1,0
"Fgf17",1,1,0,1,0,0,2,1
"Fgf18",1,1,0,2,2,0,1,1
"Fgf2",25,67,27,47,30,20,89,41
"Fgf21",491,1147,764,790,823,556,691,702
"Fgf22",0,1,4,3,3,3,0,3
"Fgf23",0,1,1,0,4,0,2,1
"Fgf5",68,148,89,103,101,49,82,73
"Fgf7",713,2254,1564,2092,3097,668,1875,2030
"Fgf9",5,6,18,8,8,18,21,11
"Fgfbp1",171,251,315,232,259,297,322,241
"Fgfbp3",18,32,43,45,55,29,32,44
"Fgfr1",4520,10567,9606,8968,14090,4463,8280,9001
"Fgfr1op",693,1351,1365,1415,1311,755,1569,1525
"Fgfr1op2",1499,3052,2515,2862,2930,1902,3602,2833
"Fgfr2",108,200,164,221,178,102,210,217
"Fgfr3",74,151,157,137,98,84,171,164
"Fgfr4",1966,2754,3659,3823,2090,1653,3421,3761
"Fgfrl1",906,1544,2066,1670,1756,844,1704,1844
"Fgg",0,1,0,1,1,0,1,1
"Fggy",418,801,790,854,666,360,660,792
"Fgl1",5,2,0,6,1,0,3,2
"Fgl2",18,26,27,34,33,18,40,29
"Fh1",2134,3544,4154,4114,3624,2013,3640,4182
"Fhad1",1,2,2,1,0,4,9,1
"Fhdc1",171,235,141,244,172,138,245,166
"Fhl1",8473,14802,14051,14150,12654,8721,14602,13157
"Fhl2",1849,2995,3387,3543,2584,1799,3015,3436
"Fhl3",1174,1735,2109,2199,1716,1142,1834,2179
"Fhl4",30,51,59,51,39,20,40,44
"Fhod1",961,1784,1780,1851,1488,841,1850,1792
"Fhod3",1007,1542,2079,2058,1524,911,1987,2094
"Fibcd1",9,28,19,17,14,5,20,18
"Fibin",395,680,806,683,768,473,772,811
"Fibp",888,1829,1856,1795,1914,877,1609,1909
"Ficd",353,797,699,666,901,355,631,705
"Fig4",1049,2082,2487,2131,2281,896,2118,2277
"Figf",441,893,946,1007,1204,291,724,914
"Fign",2,6,13,6,6,2,9,7
"Fignl1",813,1069,871,1358,867,716,1344,988
"Fignl2",11,17,15,15,9,5,20,18
"Filip1",480,982,1078,931,795,650,1589,1115
"Filip1l",1632,4319,2655,3243,3185,2161,4402,3195
"Fip1l1",1174,2374,2059,2434,2320,1327,2631,2271
"Firre",380,858,845,876,874,417,1067,988
"Fis1",2167,4385,4845,4281,4751,2215,3884,4509
"Fitm1",13,16,18,23,20,12,21,22
"Fitm2",541,954,1172,918,936,548,1000,971
"Fiz1",486,1025,907,865,959,498,852,830
"Fjx1",11,10,23,19,17,9,25,18
"Fkbp10",7153,10716,12510,12604,10443,6326,10801,12110
"Fkbp11",468,979,889,945,1083,521,778,965
"Fkbp14",2009,3469,3608,3834,3099,1752,3485,3475
"Fkbp15",1124,2116,2090,2063,2085,946,1974,1969
"Fkbp1a",9202,15594,17426,17088,16540,8305,14459,16327
"Fkbp1b",109,193,213,179,166,93,167,158
"Fkbp2",579,1237,1089,1002,1305,516,952,945
"Fkbp3",1335,2124,2440,2340,2100,1547,2559,2639
"Fkbp4",3859,7279,7672,7291,7614,3415,6524,7142
"Fkbp5",1106,1648,2011,1996,1571,932,1861,1818
"Fkbp7",1276,2577,3044,2653,2668,1438,2538,2915
"Fkbp8",3504,6663,6789,6468,6613,3135,5678,6328
"Fkbp9",11231,20806,21893,21591,19464,9786,19489,20713
"Fkbpl",195,359,409,344,404,191,311,361
"Fkrp",743,1129,1092,1227,1145,630,1020,1071
"Fktn",204,583,338,473,490,281,748,474
"Flad1",364,835,780,701,838,361,714,754
"Flcn",1117,2558,2512,2040,2639,1143,2121,2100
"Flii",4282,8064,8430,7766,8105,3748,7311,7743
"Flna",42825,76262,77350,81200,71581,35268,73423,72233
"Flnb",11850,22385,18424,21448,21390,9831,19335,18072
"Flnc",13628,25695,26112,24810,20463,12353,25831,24215
"Flot1",1568,3770,3097,2955,3630,1484,2588,2827
"Flot2",2617,4946,5338,4949,5310,2395,4516,4958
"Flrt1",21,31,30,39,19,20,47,34
"Flrt2",899,2371,1274,1623,1518,1315,2891,1491
"Flt1",60,121,55,82,71,56,111,50
"Flt3",6,5,1,6,8,2,5,3
"Flt3l",70,126,94,117,102,57,107,102
"Flt4",0,1,0,1,1,0,0,1
"Flywch1",870,1785,2166,1787,1886,769,1833,2007
"Flywch2",3,14,16,10,21,6,13,17
"Fmn1",388,1067,745,803,838,473,1208,757
"Fmn2",7,17,17,12,14,6,26,10
"Fmnl1",327,601,657,569,483,361,662,658
"Fmnl2",434,1269,795,1012,1004,514,1289,978
"Fmnl3",4185,7611,7309,7675,7318,3774,6792,7082
"Fmo1",3014,8466,9962,8810,8885,2461,6480,9740
"Fmo2",55,225,203,250,168,64,185,267
"Fmo3",1,6,1,2,2,1,1,4
"Fmo4",9,28,42,40,18,15,31,48
"Fmo5",51,132,101,94,120,57,109,95
"Fmod",2471,2634,1935,3474,1940,1909,3071,2027
"Fmr1",896,3418,1914,2401,4494,1291,3963,2614
"Fmr1os",1,1,0,2,2,0,1,1
"Fn1",240454,543423,417360,435376,491939,222925,434758,390684
"Fn3k",214,387,499,379,384,322,525,439
"Fn3krp",419,867,1028,873,952,441,934,973
"Fnbp1",1023,2030,1710,1805,1886,893,1780,1611
"Fnbp1l",635,1997,1066,1446,1357,931,2338,1385
"Fnbp4",958,2034,1608,2001,1850,1190,2395,1922
"Fndc1",15244,26913,25273,28233,20614,14770,27790,25607
"Fndc3a",874,3436,1706,2267,3172,1244,3381,2315
"Fndc3b",4728,11097,8367,10401,10409,5608,11822,10055
"Fndc4",322,512,650,614,622,293,553,629
"Fndc5",655,1030,1571,1277,763,670,1452,1467
"Fndc7",9,21,23,19,16,18,29,21
"Fndc8",0,0,3,2,4,5,3,3
"Fndc9",1,11,17,7,5,9,14,15
"Fnip1",542,2119,1129,1248,1517,704,2128,1387
"Fnip2",405,1100,749,796,1638,399,863,792
"Fnta",2141,4037,4589,4345,4329,2037,3824,4505
"Fntb",844,1552,1417,1515,1436,799,1335,1359
"Focad",1121,2243,2203,2239,2023,1015,2208,2149
"Folh1",2,4,4,4,2,1,3,5
"Folr1",5,7,6,6,6,1,6,2
"Folr2",1,8,14,7,6,3,14,11
"Fopnl",1129,1913,2165,2107,1946,1074,1907,2125
"Fos",271,460,142,339,291,182,305,146
"Fosb",49,81,58,88,67,34,68,72
"Fosl1",148,261,169,192,421,149,192,166
"Fosl2",5241,11808,10535,10232,14331,5296,10309,10032
"Foxa1",0,1,1,0,1,0,1,0
"Foxa3",3,7,7,9,7,4,9,10
"Foxc1",424,1123,814,963,1426,488,929,968
"Foxc2",165,331,355,353,427,181,292,379
"Foxd1",2,5,5,4,5,8,6,4
"Foxd2",43,64,48,81,72,34,53,68
"Foxd2os",108,158,147,189,119,111,151,145
"Foxf1",10,22,1,12,9,7,13,4
"Foxf2",406,748,747,814,947,374,705,759
"Foxg1",0,3,2,0,2,1,1,0
"Foxh1",0,2,2,0,0,0,3,1
"Foxj1",5,4,3,6,7,0,4,3
"Foxj2",891,1719,1544,1611,1777,766,1573,1526
"Foxj3",1246,2381,2188,2468,2423,1349,2687,2371
"Foxk1",1190,2190,2263,2300,2463,1030,2110,2189
"Foxk2",3131,5354,5185,5799,5548,2756,5181,5282
"Foxl1",84,203,227,182,256,81,160,188
"Foxm1",1757,2149,2066,2702,1691,1385,2425,2084
"Foxn1",11,24,19,15,15,10,25,18
"Foxn2",455,1201,797,1074,979,650,1481,1054
"Foxn3",187,435,312,411,379,142,546,357
"Foxo1",1290,1989,1910,2348,1936,1304,2418,2091
"Foxo3",558,1206,1048,1065,1152,453,1161,1004
"Foxo4",872,2047,1938,1726,2004,969,1829,1758
"Foxo6",342,541,593,582,416,335,563,545
"Foxp1",1231,2649,1910,2557,2359,1483,3055,2332
"Foxp3",3,0,2,3,2,0,4,5
"Foxp4",1015,1748,1828,1923,1725,850,1637,1856
"Foxq1",184,402,408,396,518,127,370,383
"Foxred1",419,895,1078,933,967,465,977,1091
"Foxred2",461,1120,1022,986,1527,393,812,960
"Foxs1",573,786,841,952,749,445,760,818
"Fpgs",592,933,1103,1039,1070,522,922,1017
"Fpgt",293,944,559,684,701,440,1052,737
"Fpr1",0,0,0,0,1,1,2,0
"Fra10ac1",211,505,444,563,511,311,632,618
"Fras1",61,67,84,96,53,51,119,77
"Frat1",9,18,38,20,34,9,17,30
"Frat2",36,61,55,76,140,31,51,76
"Frem1",55,98,207,173,66,38,208,200
"Frem2",28,35,54,44,48,51,85,48
"Frg1",930,1900,1996,1920,2039,1024,1904,2004
"Frk",299,667,453,646,518,307,789,587
"Frmd3",3,5,3,7,2,3,6,5
"Frmd4a",2169,4281,4015,4425,3927,2309,4823,4193
"Frmd4b",72,114,184,151,108,88,166,179
"Frmd5",20,47,48,56,50,21,57,56
"Frmd6",5085,8132,9023,9427,7574,4734,8788,8988
"Frmd8",1748,3446,3856,3535,3538,1531,3049,3640
"Frmpd1",1206,2153,2712,2129,1539,1321,2499,2413
"Frmpd4",3,2,0,5,1,0,3,2
"Frrs1",223,670,526,438,790,293,575,476
"Frs2",1516,3122,2793,3261,2667,1591,3533,3040
"Frs3",70,123,128,114,145,62,104,109
"Frs3os",2,3,6,5,17,2,10,8
"Fry",54,100,106,104,55,57,136,129
"Fryl",987,1998,1804,1934,1763,1043,2185,1832
"Frzb",5,4,17,5,13,4,8,6
"Fsbp",5,15,9,6,16,12,24,8
"Fscn1",8865,14535,16335,16820,12996,7707,13562,15988
"Fscn2",8,1,4,8,1,3,7,4
"Fsd1",5,9,14,10,12,5,6,8
"Fsd1l",186,517,266,372,344,281,748,391
"Fsd2",27,61,100,47,48,25,81,51
"Fsip1",6,21,6,9,17,2,14,11
"Fst",2527,3596,5612,5230,3420,3515,7328,6274
"Fstl1",38165,61215,65925,71812,66299,35919,68021,66271
"Fstl3",435,704,720,642,599,488,689,667
"Ftcd",0,2,6,3,2,3,4,7
"Fth1",24787,50559,58456,48392,61967,24776,41269,55049
"Ftl1",13387,40738,33668,26363,54801,14248,23549,28364
"Fto",5315,9600,10658,10325,8762,4383,9064,10010
"Ftsj1",849,1572,2035,1642,1701,803,1693,1906
"Ftsj2",163,289,335,292,302,148,275,294
"Ftsj3",1998,3547,4844,4504,4306,2054,4476,4926
"Ftx",95,300,201,277,234,188,421,309
"Fubp1",1625,2585,3411,3521,2741,1682,3656,3612
"Fubp3",1455,2947,2709,3297,2976,1716,3512,3255
"Fuca1",1511,3291,3326,2941,3312,1506,2677,3172
"Fuca2",482,1021,896,888,1041,471,888,866
"Fuk",375,745,777,756,749,331,666,741
"Fundc1",899,2061,1696,2044,1867,1047,2224,2057
"Fundc2",2297,4679,4819,4737,4535,2569,5061,4779
"Fuom",115,236,271,216,241,98,200,230
"Furin",3974,7106,7505,7270,7256,3762,6732,7009
"Fus",5561,8931,11115,11458,9256,5305,10723,11955
"Fut1",5,15,11,14,17,14,9,10
"Fut10",516,864,913,968,857,434,880,933
"Fut11",1211,2118,2322,2465,2144,1218,2286,2426
"Fut2",9,13,14,18,8,7,12,10
"Fut4",104,179,204,193,204,117,189,177
"Fut7",3,3,5,6,6,1,6,7
"Fut8",893,1699,1550,1923,1698,1006,2036,1882
"Fut9",6,16,11,15,13,16,15,13
"Fuz",267,482,445,480,388,252,395,409
"Fv1",58,97,115,124,106,53,150,130
"Fxn",186,303,324,347,323,146,280,347
"Fxr1",2920,6614,5250,6195,5160,4171,8851,6468
"Fxr2",2831,5562,5765,5261,5737,2632,5017,5288
"Fxyd1",40,81,124,116,89,38,95,138
"Fxyd4",4,6,5,6,2,4,4,3
"Fxyd5",457,727,830,912,1407,439,809,912
"Fxyd6",90,84,299,160,143,193,261,315
"Fxyd7",0,0,0,1,1,0,0,1
"Fyb",8,27,24,18,21,13,20,21
"Fyco1",1207,2563,2659,2754,2570,1398,3580,2914
"Fyn",3182,6755,6488,5979,6603,3231,5931,6062
"Fyttd1",2334,5819,4596,5286,4638,3108,7754,5501
"Fzd1",5418,9679,9459,10496,9469,4277,9412,9487
"Fzd2",2012,3185,4137,3745,2833,2024,3806,3827
"Fzd3",296,678,475,554,461,379,872,539
"Fzd4",67,135,110,142,194,67,133,127
"Fzd5",433,854,791,889,622,325,777,854
"Fzd6",792,1241,1245,1435,1102,685,1457,1235
"Fzd7",1581,3174,3402,3093,3536,1542,3170,3100
"Fzd8",134,226,196,239,240,142,224,204
"Fzd9",34,35,56,47,64,39,43,44
"Fzr1",1518,2488,2574,2684,2208,1276,2381,2560
"G0s2",1052,1379,1542,1770,1206,864,1518,1535
"G2e3",384,980,562,787,592,462,1213,741
"G3bp1",5227,8402,9281,9754,8684,5014,9122,9455
"G3bp2",3302,6386,6214,6906,6127,3102,7159,6807
"G530011O06Rik",5,10,4,5,5,8,10,5
"G630025P09Rik",2,1,5,1,1,2,3,9
"G630071F17Rik",3,3,5,2,4,0,2,3
"G630090E17Rik",7,29,26,16,36,10,20,22
"G6b",1,0,1,2,0,0,0,1
"G6pc3",929,1911,2003,1801,2093,949,1613,1799
"G6pdx",1910,3979,4680,4078,5271,1651,3418,4198
"Gaa",3737,9046,7511,7027,8334,3213,6282,7005
"Gab1",1157,2045,2119,2284,1927,987,2018,2161
"Gab2",472,1040,1118,970,1278,541,1120,1105
"Gab3",4,5,4,6,0,1,6,1
"Gabarap",7980,17255,16152,14834,18387,7893,13175,14881
"Gabarapl1",2191,4761,5627,4581,6660,2043,3985,5095
"Gabarapl2",1259,2186,2198,1969,2269,1165,1787,2044
"Gabbr1",510,1342,1246,1238,1284,634,1409,1393
"Gabbr2",4,0,3,6,1,0,0,3
"Gabpa",1073,3010,1864,2383,2181,1409,3767,2358
"Gabpb1",677,1154,1129,1301,1118,712,1297,1254
"Gabpb2",896,2032,1266,1798,1948,1037,2222,1598
"Gabra1",1,4,1,1,0,1,1,0
"Gabra3",0,1,0,0,0,2,1,0
"Gabrb2",12,14,15,16,6,10,23,7
"Gabrd",1,1,8,4,1,0,1,5
"Gabre",72,142,126,139,136,108,171,160
"Gabrg2",0,6,1,0,0,0,6,2
"Gabrr2",5,9,19,14,9,4,13,17
"Gad1os",1,0,1,1,8,0,0,2
"Gadd45a",1877,3732,3145,3060,5641,2330,3098,3243
"Gadd45b",1009,1691,2719,2082,1736,1039,2112,2431
"Gadd45g",1645,2465,3085,3120,2276,1787,2901,3113
"Gadd45gip1",691,1160,1276,1210,1186,604,1073,1166
"Gadl1",14,30,45,22,24,28,53,36
"Gak",2133,4258,4324,4264,4823,1883,3862,4100
"Gal",2,0,2,3,4,1,1,1
"Gal3st1",0,1,1,1,1,1,2,1
"Gal3st2",0,0,2,0,2,1,0,1
"Gal3st3",1,5,5,3,7,4,5,8
"Gal3st4",7,8,13,10,8,8,8,13
"Galc",671,1562,1356,1285,1661,656,1311,1321
"Gale",440,744,663,736,645,397,691,595
"Galk1",1651,3345,2820,2724,3191,1675,2581,2529
"Galk2",1485,3237,2832,2787,4226,1195,2294,2621
"Galm",222,566,606,484,695,235,482,530
"Galns",690,1251,1413,1263,1257,600,1126,1245
"Galnt1",2793,5144,4654,5661,5364,3196,6295,5522
"Galnt10",3599,7226,7652,7043,7442,2975,5990,6931
"Galnt11",1472,2752,2886,2960,2747,1430,2635,2899
"Galnt13",0,1,1,1,9,8,2,3
"Galnt15",32,83,60,66,75,22,58,66
"Galnt16",4,12,19,7,8,6,16,14
"Galnt18",325,582,452,561,612,257,492,462
"Galnt2",3025,6234,5606,5584,7376,2802,5115,5343
"Galnt3",1,0,1,2,2,0,1,3
"Galnt4",822,1506,1542,1683,1519,824,1611,1673
"Galnt5",13,18,18,26,9,10,49,27
"Galnt6",499,656,1272,846,578,491,1108,1013
"Galnt7",405,1130,755,958,1036,588,1251,972
"Galnt9",7,14,10,10,5,5,19,9
"Galr2",48,78,79,92,73,47,70,86
"Galr3",4,5,10,12,2,4,14,12
"Galt",74,139,154,165,180,84,112,147
"Gamt",841,1518,2062,1732,1212,847,1579,1942
"Gan",57,105,110,104,92,36,141,106
"Ganab",4536,8813,8332,8888,8881,3875,7631,8465
"Ganc",378,625,512,638,580,324,610,582
"Gap43",362,689,532,643,649,387,558,537
"Gapdh",33614,67342,62629,59463,75855,34805,56812,59521
"Gapdhs",39,62,77,72,103,36,90,86
"Gapvd1",1825,3659,3299,3658,3335,1718,3836,3481
"Gar1",454,751,854,891,866,436,791,886
"Garem",134,261,166,230,210,135,289,189
"Gareml",44,61,56,71,101,42,53,65
"Garnl3",223,532,373,402,455,243,467,417
"Gars",5344,11548,12722,10639,13234,5265,10388,12004
"Gart",1631,2888,3630,3249,3120,1492,3018,3436
"Gas1",13599,27434,26147,28086,30965,10671,21321,25590
"Gas2",323,706,437,602,578,228,464,496
"Gas2l1",1954,3728,3299,3384,3588,1773,3042,3036
"Gas2l3",480,949,553,837,575,505,1171,686
"Gas5",1096,1686,1994,2078,2236,1381,2183,2176
"Gas6",2406,4664,5441,4662,4861,2306,4442,5028
"Gas7",288,441,366,491,432,263,413,375
"Gas8",505,928,1035,935,971,465,792,899
"Gata2",656,1110,1292,1297,1197,602,1227,1305
"Gata3",96,197,164,184,197,102,211,183
"Gata4",410,733,748,749,804,354,655,693
"Gata6",17,27,11,22,42,14,19,21
"Gatad1",1923,3245,3876,3578,3584,1923,3269,3631
"Gatad2a",2515,4403,4699,4467,4397,2401,4168,4443
"Gatad2b",377,823,731,761,704,401,967,705
"Gatb",281,567,529,534,464,235,530,510
"Gatc",399,747,783,858,849,498,941,885
"Gatm",2587,4792,4729,5190,3851,2932,5672,5248
"Gatsl2",891,1854,2024,1900,1738,760,1932,1919
"Gatsl3",122,220,205,236,199,100,182,216
"Gba",1438,3670,3347,2920,3875,1352,2737,3184
"Gba2",221,503,514,445,454,221,460,470
"Gbas",1989,3724,4368,4086,3741,1910,3840,4504
"Gbe1",553,1396,1059,1155,2385,565,1097,1162
"Gbf1",3895,7850,7404,7451,6780,3382,7075,6983
"Gbgt1",0,0,3,1,2,0,1,1
"Gbp10",107,249,180,204,134,115,254,225
"Gbp11",13,29,22,35,24,15,38,31
"Gbp2",100,226,158,180,234,121,175,147
"Gbp2b",57,143,87,120,184,92,131,106
"Gbp3",48,91,49,85,97,64,104,66
"Gbp4",73,237,155,157,123,108,236,154
"Gbp5",7,11,14,13,15,9,10,11
"Gbp6",42,102,77,104,72,38,145,103
"Gbp7",25,54,21,46,46,17,56,40
"Gbp8",118,291,232,223,158,118,368,244
"Gbp9",123,271,193,257,187,135,402,276
"Gbx1",1,1,0,4,6,2,3,5
"Gbx2",4,5,0,4,2,1,4,4
"Gc",1,12,12,4,13,3,13,2
"Gca",4,8,11,6,4,8,8,5
"Gcat",122,287,254,218,288,123,236,220
"Gcc1",641,1304,1374,1264,1390,539,1172,1206
"Gcc2",126,450,363,330,355,178,369,428
"Gcdh",666,1287,1490,1303,1253,644,1159,1354
"Gcfc2",113,234,215,225,234,131,317,226
"Gch1",195,442,468,398,791,189,337,426
"Gchfr",677,1392,1498,1362,1312,620,973,1378
"Gck",2,3,4,7,9,1,2,9
"Gckr",0,2,1,0,1,3,6,3
"Gclc",926,1661,1913,1923,2366,957,2111,2051
"Gclm",346,757,765,723,1341,333,693,785
"Gcn1l1",2777,5066,5109,5113,4962,2269,4638,4866
"Gcnt1",94,202,132,175,157,125,298,169
"Gcnt2",941,1513,1719,1781,1543,874,1814,1710
"Gcnt3",1,2,4,5,2,0,2,6
"Gcnt4",398,684,695,871,681,439,969,794
"Gcnt7",0,0,8,3,0,0,3,2
"Gcsh",668,1070,1288,1079,1204,727,994,1187
"Gda",23,193,42,58,973,41,79,59
"Gdap1",0,1,1,0,5,1,1,0
"Gdap10",8,14,7,17,23,7,29,19
"Gdap1l1",5,7,2,5,6,2,4,5
"Gdap2",645,1211,1262,1205,1331,558,1095,1178
"Gde1",1232,2417,2620,2330,2364,1239,2137,2349
"Gdf11",373,814,854,741,760,390,820,800
"Gdf15",266,780,352,434,831,245,328,333
"Gdf2",0,1,0,1,1,0,1,1
"Gdf5",54,52,78,74,36,56,98,65
"Gdf6",59,93,90,84,118,87,134,83
"Gdf7",4,5,7,6,5,4,2,6
"Gdf9",23,42,55,49,50,35,40,48
"Gdi1",2634,5190,4864,5177,5050,2639,4924,4901
"Gdi2",11364,20099,21071,22184,19785,10270,20662,22057
"Gdnf",444,1117,812,805,1463,452,819,785
"Gdpd1",427,991,774,733,1321,421,745,731
"Gdpd2",131,286,297,267,420,110,269,250
"Gdpd3",17,35,28,40,43,18,30,37
"Gdpd5",280,660,411,443,570,290,466,360
"Gdpgp1",61,144,161,138,176,100,149,193
"Gem",702,1136,1408,1466,1053,684,1284,1471
"Gemin2",278,440,566,528,565,270,460,518
"Gemin4",733,1207,1296,1364,1270,614,1255,1346
"Gemin5",1144,2186,2268,2159,2265,997,2105,2226
"Gemin6",303,454,557,562,494,306,502,555
"Gemin7",600,1079,1241,1096,1210,662,965,1142
"Gemin8",201,311,291,304,360,186,289,308
"Gen1",224,378,257,391,239,194,479,300
"Get4",1304,2232,2596,2427,2343,1157,2061,2448
"Gfap",11,10,8,11,8,5,14,3
"Gfer",383,675,755,710,779,369,638,721
"Gfi1",4,4,0,6,6,0,1,2
"Gfm1",1419,2314,3005,2837,2608,1322,2657,2879
"Gfm2",769,1589,1602,1470,1389,811,1565,1495
"Gfod1",941,1800,1574,1597,1918,883,1653,1502
"Gfod2",207,361,464,398,425,170,367,399
"Gfpt1",1965,4266,3289,4079,3761,2225,4686,3854
"Gfpt2",47,61,55,76,75,39,64,77
"Gfra1",1856,3796,3095,3405,3725,1463,3055,3165
"Gfra2",1154,1666,1671,2084,1757,956,1627,1695
"Gfra4",322,475,445,502,418,285,452,504
"Gfral",0,1,1,0,4,0,0,0
"Gga1",1854,3722,3576,3421,3820,1737,3137,3349
"Gga2",2364,5229,4815,4361,4858,2308,4140,4379
"Gga3",626,1227,1247,1207,1193,639,1234,1200
"Ggact",134,311,309,252,350,145,257,286
"Ggct",95,191,240,223,220,120,252,262
"Ggcx",1380,2790,2317,2402,2468,1289,2201,2217
"Ggh",918,1751,1811,1780,1855,826,1542,1768
"Ggn",43,76,52,55,53,31,67,34
"Ggnbp1",14,37,27,33,30,28,32,31
"Ggnbp2",1247,3084,2478,2850,2935,1689,3531,2945
"Ggnbp2os",19,14,39,44,42,12,35,54
"Ggps1",512,1296,1062,1175,1099,680,1533,1186
"Ggt1",2,0,2,2,3,5,1,0
"Ggt5",9,23,33,16,24,7,21,20
"Ggt7",178,329,362,352,374,153,321,363
"Ggta1",1137,2215,2509,2492,3232,1090,2299,2562
"Ghdc",288,597,662,589,678,303,545,590
"Ghitm",5897,11643,13303,12113,14252,6092,12444,13222
"Ghr",1745,6127,3528,4176,3933,2198,5679,4293
"Ghrl",6,14,8,14,8,5,18,12
"Gid4",1033,1878,1768,1995,2189,937,1894,1893
"Gid8",1973,3565,4151,3917,3687,1927,3660,4029
"Gigyf1",485,1046,1088,1081,1140,460,1115,1082
"Gigyf2",1557,3519,3006,3688,3423,1805,4119,3729
"Gimap4",0,1,2,0,0,0,1,0
"Gimap8",1,3,5,1,2,5,3,2
"Gimap9",3,9,7,9,12,5,6,15
"Gin1",118,284,232,280,268,140,320,276
"Ginm1",1076,2201,2325,2280,2685,1206,2261,2472
"Gins1",143,245,245,265,190,144,253,231
"Gins2",369,419,421,549,433,290,407,384
"Gins3",509,832,936,1037,765,508,989,1006
"Gins4",687,1185,1183,1256,1193,594,1061,1175
"Gipc1",2800,5057,5408,5095,5313,2592,4542,5130
"Gipc2",1,22,1,3,15,1,2,3
"Gipc3",6,13,8,7,10,9,17,8
"Gipr",5,54,11,15,75,6,23,16
"Git1",1943,3676,3508,3654,3683,1765,3150,3422
"Git2",1297,2416,2326,2462,2344,1199,2306,2302
"Gja1",3823,7143,6953,7829,7832,3662,7128,7610
"Gja3",9,11,36,16,20,13,24,31
"Gja4",5,9,13,8,3,4,14,7
"Gja5",559,847,1400,826,806,883,1433,1115
"Gja6",1,3,8,2,0,2,7,2
"Gja8",1,0,0,2,0,0,1,1
"Gjb2",28,8,27,34,18,20,15,14
"Gjb3",502,556,573,717,521,529,738,536
"Gjb4",285,334,312,400,306,316,394,256
"Gjb5",109,118,148,179,106,101,176,148
"Gjb6",0,0,1,0,0,0,1,1
"Gjc1",672,1147,1098,1190,1166,689,1146,1046
"Gjc2",8,16,4,14,9,2,8,9
"Gjd2",0,1,0,1,0,0,0,3
"Gjd4",33,52,52,69,50,35,59,73
"Gk5",41,94,76,89,110,48,126,100
"Gkap1",395,693,604,782,763,462,834,728
"Gla",324,932,909,660,2010,377,679,785
"Glb1",1428,3221,2976,2773,3311,1489,2492,2817
"Glb1l",132,249,246,239,248,95,218,232
"Glcci1",173,522,287,416,419,291,630,430
"Glce",1569,3315,3109,3320,3959,1629,3676,3299
"Gldc",68,96,222,135,93,70,164,189
"Gle1",1312,2305,2442,2485,2321,1171,2218,2431
"Glg1",2373,5103,4348,4623,4349,1777,4784,4107
"Gli1",8,11,13,14,11,9,15,17
"Gli2",86,145,170,150,137,59,125,140
"Gli3",996,2099,1525,1987,1933,954,2142,1732
"Glipr1",22,52,37,31,42,25,46,34
"Glipr2",3354,5581,5994,6285,5046,3203,5236,5642
"Glis1",3,15,16,10,16,5,14,11
"Glis2",1668,2291,2806,3058,2157,1482,2736,2808
"Glis3",347,798,464,705,959,328,680,602
"Glmn",139,329,247,298,264,137,417,310
"Glmp",2585,6848,5435,4984,7361,2533,4419,5058
"Glo1",4728,7543,8128,7784,7830,4526,7236,7981
"Glod4",1975,4003,4284,3976,4055,2043,3567,4082
"Glod5",0,1,1,0,1,0,0,0
"Glp1r",3,1,1,1,1,0,2,1
"Glra4",1,1,0,2,1,0,1,1
"Glrb",433,1182,811,1030,862,485,1130,968
"Glrp1",6,20,4,10,12,4,13,6
"Glrx",1418,2961,3536,3342,4326,1338,2491,3501
"Glrx2",447,837,1031,906,913,449,873,943
"Glrx3",116,118,125,122,126,123,108,124
"Glrx5",753,1433,1780,1504,1653,738,1347,1627
"Gls",1182,3240,2314,2801,2861,1618,4401,2856
"Gls2",60,110,107,114,113,45,89,107
"Glt28d2",166,366,297,333,334,159,407,300
"Glt8d1",1375,2751,2388,2549,2660,1369,2446,2422
"Glt8d2",221,383,309,392,300,192,370,351
"Gltp",1252,2080,2233,2138,2123,1172,1956,1990
"Gltpd2",0,1,1,2,1,0,1,3
"Gltscr1",334,647,670,643,612,315,595,660
"Gltscr1l",593,1209,1065,1258,1344,603,1325,1192
"Gltscr2",2246,4517,4134,4110,4466,1962,3293,3735
"Glud1",6049,10716,12871,12334,12928,5428,10921,12638
"Glul",4451,7872,9292,8892,7015,3789,7328,8978
"Glyctk",39,68,45,61,61,19,50,51
"Glyr1",2447,4648,5114,4984,4743,2346,4955,5078
"Gm10012",6,18,11,24,21,5,19,15
"Gm10033",19,47,36,34,45,23,55,44
"Gm10037",0,0,2,0,0,1,0,1
"Gm10046",1,3,6,6,5,4,5,10
"Gm10069",71,77,63,86,87,47,80,80
"Gm10125",5,9,12,10,11,8,10,12
"Gm10220",0,2,1,0,0,1,0,0
"Gm10248",1,0,2,1,0,1,0,0
"Gm10336",379,755,659,877,664,558,1001,894
"Gm10364",1,0,1,3,2,1,1,3
"Gm10371",0,0,0,2,1,0,1,3
"Gm10389",0,3,2,1,3,2,3,1
"Gm10390",0,0,1,2,1,2,0,2
"Gm10416",2,9,4,4,6,2,6,7
"Gm10421",14,22,33,21,11,8,24,17
"Gm10433",0,0,1,0,2,0,1,0
"Gm10436",6,5,2,3,8,6,5,2
"Gm1045",6,6,6,11,8,8,14,18
"Gm10451",5,9,7,11,3,9,9,11
"Gm10494",31,50,58,48,41,38,51,42
"Gm10509",38,134,91,79,89,45,130,87
"Gm10510",1,3,1,1,1,1,4,1
"Gm10516",34,52,72,70,75,41,72,76
"Gm10548",1,3,4,4,10,2,7,7
"Gm10549",0,2,0,1,3,2,1,1
"Gm10560",16,28,72,51,28,21,48,62
"Gm10584",7,27,17,16,14,5,18,19
"Gm10635",1,6,2,2,1,3,3,3
"Gm10638",6,23,21,15,19,10,24,26
"Gm10639",1,11,1,2,18,0,1,2
"Gm10640",2,1,0,1,1,0,3,0
"Gm10653",1,6,1,8,6,4,3,8
"Gm10658",8,15,22,23,22,11,18,21
"Gm10677",0,0,0,1,2,0,2,2
"Gm10714",0,1,0,0,2,1,1,0
"Gm10767",11,21,25,21,27,5,29,22
"Gm10768",0,0,0,1,1,1,0,0
"Gm10778",4,15,7,12,14,3,17,20
"Gm10782",2,1,2,2,0,1,1,0
"Gm10785",14,28,19,22,33,9,29,20
"Gm10789",1,1,2,1,0,0,3,0
"Gm10790",2,3,8,5,2,4,2,8
"Gm10791",5,10,2,11,6,8,19,6
"Gm10804",1,4,4,2,1,0,1,4
"Gm10814",9,8,17,19,21,9,18,19
"Gm10825",0,0,1,0,1,1,1,0
"Gm10865",0,1,0,2,4,1,6,3
"Gm10941",13,29,27,20,27,9,18,14
"Gm11110",65,118,64,91,159,58,64,66
"Gm11127",7,3,6,6,5,5,3,7
"Gm11149",5,2,11,8,3,4,11,3
"Gm11201",2,2,4,4,2,2,4,4
"Gm1141",3,12,2,8,5,7,7,7
"Gm11413",0,1,2,0,1,0,1,1
"Gm11423",10,31,47,44,43,27,38,65
"Gm11517",4,10,10,9,16,8,14,15
"Gm11549",3,1,1,2,3,4,2,4
"Gm11627",5,14,17,9,13,10,12,11
"Gm11665",11,28,24,35,19,27,25,38
"Gm11696",3,4,9,9,19,2,3,10
"Gm11715",4,1,1,3,3,4,1,3
"Gm11744",16,15,15,19,14,6,9,16
"Gm11747",1,0,1,0,3,0,1,1
"Gm11762",4,5,2,6,5,2,6,4
"Gm11837",2,0,4,2,2,3,3,5
"Gm11944",14,22,23,31,25,19,26,29
"Gm11974",182,350,447,388,404,242,368,453
"Gm11992",1,6,3,3,4,3,4,6
"Gm12060",0,1,0,0,1,1,3,1
"Gm12070",283,236,247,191,264,260,235,262
"Gm12185",20,28,13,34,20,29,35,18
"Gm12216",17,27,32,39,24,22,34,43
"Gm12238",2,1,2,4,1,1,1,3
"Gm12250",4,11,4,6,6,4,8,2
"Gm12295",0,1,0,0,1,1,0,0
"Gm12338",97,108,101,104,138,91,111,118
"Gm12359",2,19,30,18,9,15,19,27
"Gm12504",0,2,3,4,2,2,4,1
"Gm12522",4,1,6,7,2,3,7,10
"Gm12596",2,8,2,4,8,6,5,5
"Gm12603",9,22,17,19,22,10,13,16
"Gm12657",13,25,26,22,20,15,18,19
"Gm12695",0,2,1,0,1,2,2,1
"Gm128",0,1,1,1,4,0,1,3
"Gm12942",6,10,9,10,15,4,3,8
"Gm12992",12,19,8,19,13,14,14,13
"Gm13034",0,3,4,1,2,1,2,2
"Gm13139",4,0,0,1,1,2,1,0
"Gm13152",1,2,0,3,2,0,1,0
"Gm13154",3,6,6,6,10,6,10,10
"Gm13157",1,5,1,1,5,0,2,0
"Gm13212",0,0,1,1,2,1,0,1
"Gm13247",3,3,3,1,4,1,2,1
"Gm13251",0,1,2,2,2,1,0,0
"Gm13271",0,2,1,1,1,0,2,1
"Gm13272",0,1,0,0,0,0,1,1
"Gm13275",1,2,2,1,1,0,2,1
"Gm13276",0,5,3,5,6,2,5,5
"Gm13283",1,1,1,1,2,0,0,1
"Gm13286",2,0,1,2,1,0,1,0
"Gm13293",2,8,3,5,8,5,11,4
"Gm13375",63,139,137,130,117,63,106,119
"Gm13446",1,3,0,1,1,1,2,0
"Gm13483",4,10,13,12,16,10,13,13
"Gm13544",17,26,25,30,23,26,34,23
"Gm13547",0,3,2,2,1,0,1,3
"Gm13582",0,0,1,0,1,1,0,0
"Gm13710",7,7,9,0,2,6,4,2
"Gm13749",1,0,0,1,0,3,2,0
"Gm13807",72,118,121,129,131,91,126,134
"Gm13830",1,2,2,1,4,1,3,2
"Gm13889",65,114,113,99,119,88,113,106
"Gm13985",6,10,11,12,10,5,14,11
"Gm13986",22,35,24,38,39,20,49,31
"Gm14005",573,1051,870,973,1041,567,915,849
"Gm14023",2,7,11,5,14,8,9,5
"Gm14057",20,20,31,28,24,16,28,33
"Gm14124",0,5,4,3,1,1,1,5
"Gm14137",329,590,557,542,581,378,512,550
"Gm14139",23,43,37,53,54,27,57,60
"Gm14288",0,0,0,0,2,1,2,0
"Gm14295",73,149,159,126,162,72,161,169
"Gm14305",90,120,161,121,146,85,130,149
"Gm14322",21,39,31,22,32,16,27,21
"Gm14325",125,317,284,267,304,159,301,316
"Gm14326",73,176,174,146,159,95,196,169
"Gm14327",16,35,48,33,28,19,28,28
"Gm14379",3,13,12,10,13,4,8,13
"Gm14391",1,0,0,1,0,0,0,1
"Gm14393",4,5,3,8,4,3,7,0
"Gm14403",37,115,101,77,82,37,117,100
"Gm14405",0,0,1,0,2,0,2,0
"Gm14420",98,220,201,163,210,106,198,186
"Gm14436",4,1,0,3,0,4,0,2
"Gm14440",9,3,0,5,3,4,8,2
"Gm14634",2,10,9,11,9,11,10,17
"Gm14635",258,361,597,472,331,280,503,541
"Gm14827",1,4,3,1,0,3,5,0
"Gm15008",0,1,1,0,1,0,0,0
"Gm15097",4,8,3,13,8,5,14,6
"Gm15104",0,2,1,0,0,0,1,0
"Gm15127",0,0,1,1,0,1,1,2
"Gm15179",0,0,0,1,1,2,0,1
"Gm15217",13,14,14,15,5,8,13,12
"Gm15326",0,0,0,1,1,0,0,2
"Gm15328",1,3,5,1,3,1,6,1
"Gm15401",3,12,5,6,9,5,10,4
"Gm15408",1,9,18,9,10,9,14,11
"Gm15413",1,10,7,2,13,2,4,2
"Gm15417",48,128,157,131,154,54,132,163
"Gm15421",27,44,35,32,33,26,46,34
"Gm15441",1,3,7,3,2,4,6,3
"Gm15446",11,28,22,18,14,9,45,20
"Gm15455",4,9,9,7,12,2,12,1
"Gm15471",1,2,1,2,1,1,4,1
"Gm15545",25,29,46,48,37,25,52,40
"Gm15612",2,10,21,12,16,5,14,11
"Gm1564",4,2,4,6,6,6,3,10
"Gm15663",4,3,2,7,7,8,7,9
"Gm15694",14,10,18,23,17,18,23,25
"Gm15698",4,5,4,4,6,2,6,5
"Gm15706",9,30,23,21,21,12,17,18
"Gm15708",13,15,19,31,22,19,25,27
"Gm15760",47,79,95,101,93,34,105,106
"Gm15787",5,19,28,18,18,13,32,25
"Gm15800",930,2060,1760,1762,1911,854,1923,1656
"Gm15816",625,980,1203,1038,722,582,1088,1159
"Gm15850",0,0,2,0,1,2,0,0
"Gm15867",445,724,953,891,670,475,818,931
"Gm15908",9,25,15,10,15,12,21,8
"Gm15910",0,3,2,4,3,0,6,5
"Gm15915",3,6,9,6,0,6,8,7
"Gm15972",0,3,2,3,2,2,3,3
"Gm15987",1,4,6,3,31,1,5,5
"Gm1600",4,7,7,10,6,4,10,12
"Gm16023",8,20,19,23,12,4,22,21
"Gm16062",14,13,7,10,25,13,11,16
"Gm16159",1,4,3,2,5,3,5,7
"Gm16287",0,0,0,1,2,0,1,0
"Gm16325",1,0,1,2,0,0,0,2
"Gm16386",16,21,21,27,17,12,17,17
"Gm16432",3,4,6,8,4,5,3,13
"Gm16532",0,2,1,0,2,1,2,0
"Gm16576",47,70,74,95,68,32,64,77
"Gm16596",18,30,27,27,28,23,39,32
"Gm166",54,90,95,94,106,38,72,94
"Gm1661",7,20,10,10,7,5,7,9
"Gm16617",11,8,8,15,11,8,8,8
"Gm16675",10,30,19,13,35,7,30,11
"Gm16701",1,1,1,0,2,1,1,1
"Gm16712",0,1,1,2,0,0,2,3
"Gm1673",13,25,15,25,15,11,17,19
"Gm16740",4,2,8,6,3,5,6,9
"Gm16793",3,10,6,6,6,1,6,4
"Gm16796",2,3,2,2,4,3,2,1
"Gm16845",20,47,32,36,68,33,28,28
"Gm16853",1,1,1,2,1,0,0,2
"Gm16861",5,34,41,21,50,12,23,36
"Gm16894",4,2,4,5,2,4,0,1
"Gm16897",6,16,16,26,22,17,20,21
"Gm16907",63,152,120,130,118,51,196,133
"Gm16938",10,11,11,11,6,4,14,10
"Gm16973",33,69,64,84,55,41,107,81
"Gm16982",6,17,15,11,11,5,15,9
"Gm16998",0,0,0,1,2,0,1,1
"Gm17019",0,1,0,0,0,1,1,0
"Gm17066",133,435,329,309,354,270,531,378
"Gm1720",2,1,1,5,2,2,1,3
"Gm17252",1,3,6,1,1,3,3,2
"Gm17296",206,414,329,387,432,154,371,330
"Gm17365",0,2,0,0,1,0,2,1
"Gm17455",61,138,144,98,102,73,142,116
"Gm17746",1,2,1,1,3,2,4,1
"Gm17762",4,6,7,10,9,7,8,16
"Gm17769",7,12,15,17,11,5,17,14
"Gm1821",251,777,235,381,238,216,438,215
"Gm18409",1,0,0,1,0,2,0,0
"Gm19276",2,10,1,2,2,1,3,0
"Gm19299",12,19,20,20,13,13,21,17
"Gm19345",2,0,0,1,2,0,1,0
"Gm19395",2,1,1,2,2,0,0,1
"Gm1943",589,897,985,935,891,639,921,1018
"Gm19434",0,6,2,1,12,0,6,3
"Gm19466",1,0,0,0,0,1,1,0
"Gm19510",2,13,13,13,9,6,15,16
"Gm19522",5,6,4,6,5,2,5,5
"Gm19557",4,17,16,12,23,10,22,14
"Gm19589",40,44,29,59,47,34,41,36
"Gm19619",0,1,0,0,1,0,1,0
"Gm19705",3,17,15,8,15,8,8,12
"Gm19710",2,27,21,15,27,13,33,35
"Gm1976",105,217,173,195,188,145,221,242
"Gm19897",1,6,2,3,3,1,5,5
"Gm1995",5,7,8,6,18,6,6,5
"Gm2011",2,10,12,9,14,9,10,17
"Gm20125",1,0,4,2,1,2,5,3
"Gm20139",17,33,24,28,17,11,38,12
"Gm2016",38,47,69,51,64,100,69,51
"Gm20219",1,7,11,7,14,10,7,11
"Gm2022",32,42,42,53,104,53,74,46
"Gm20257",15,23,17,41,34,21,39,47
"Gm20300",228,668,382,487,493,330,758,484
"Gm20324",5,4,6,7,8,12,2,6
"Gm20337",15,17,19,20,18,8,14,11
"Gm2042",2,2,0,1,3,2,3,1
"Gm20554",19,40,74,57,51,24,71,71
"Gm20605",18,21,31,28,27,28,38,35
"Gm20743",4,8,8,11,2,2,10,8
"Gm20744",0,0,1,1,0,1,0,2
"Gm20753",2,3,1,1,0,0,3,0
"Gm20755",2,1,0,2,0,1,0,0
"Gm20756",5,12,2,9,9,3,13,11
"Gm20758",3,2,3,3,3,3,6,1
"Gm20939",2,3,1,5,5,2,4,4
"Gm2115",986,1398,1934,2030,1348,766,1601,1904
"Gm21188",0,3,3,1,3,1,2,0
"Gm21284",3,2,6,5,3,0,1,1
"Gm2176",0,1,0,1,0,1,0,2
"Gm2381",2,2,3,2,4,0,3,0
"Gm24148",1,2,1,0,0,0,5,2
"Gm2518",2,3,2,3,3,3,4,3
"Gm25500",3,5,4,6,4,5,10,4
"Gm2560",19,38,48,33,39,22,31,32
"Gm266",6,7,10,14,19,7,13,10
"Gm26705",19,14,18,23,22,18,22,23
"Gm2694",20,38,29,21,41,30,44,26
"Gm29684",1,2,0,3,2,0,9,3
"Gm29766",162,222,267,294,242,119,198,265
"Gm29811",6,12,15,6,6,6,12,5
"Gm2a",1652,4109,4234,3640,5010,1519,3133,4003
"Gm3002",0,0,1,0,1,0,1,0
"Gm30505",0,6,1,1,4,0,4,1
"Gm3086",1,8,7,5,3,2,11,8
"Gm31763",4,3,8,7,5,3,15,6
"Gm3219",26,44,46,40,43,45,53,52
"Gm3230",7,18,15,16,20,6,16,16
"Gm3258",4,8,11,9,9,1,8,8
"Gm3336",3,3,6,5,3,5,2,4
"Gm3363",1,7,2,2,2,0,7,5
"Gm3414",10,25,25,20,22,9,32,25
"Gm3435",12,27,41,49,32,15,21,25
"Gm35612",0,3,2,2,0,1,1,2
"Gm3604",4,14,6,17,12,1,16,22
"Gm3636",21,44,20,33,31,30,42,32
"Gm3646",2,0,0,4,0,2,1,3
"Gm3704",6,11,13,8,11,5,11,10
"Gm3716",65,115,62,94,64,55,84,55
"Gm3776",1,8,2,2,33,0,2,2
"Gm38397",1,0,0,2,2,0,0,2
"Gm38403",214,456,440,426,352,293,582,482
"Gm38426",6,12,10,9,11,2,9,9
"Gm38670",10,5,6,9,9,6,9,10
"Gm4013",2,6,5,7,9,3,6,6
"Gm41",2,2,2,1,3,1,0,1
"Gm4262",19,44,35,32,63,20,34,36
"Gm4285",13,21,35,28,32,13,25,27
"Gm4349",4,5,5,1,1,1,3,2
"Gm4371",6,14,18,12,17,21,25,22
"Gm4432",1,2,1,0,0,0,0,0
"Gm4461",1,1,1,1,1,0,1,1
"Gm4532",2,8,26,12,18,5,15,29
"Gm4566",0,1,0,1,0,0,2,0
"Gm4737",1636,1403,1575,1594,1328,1245,1302,1436
"Gm4787",7,13,9,10,4,5,13,14
"Gm4788",0,2,0,0,3,0,4,0
"Gm4827",3,2,1,3,1,1,3,0
"Gm4861",0,0,1,0,1,1,0,0
"Gm4890",9,15,9,15,15,7,12,8
"Gm4907",2,1,2,2,1,2,1,2
"Gm4925",1,4,10,1,6,4,10,3
"Gm4944",28,73,67,53,84,45,73,75
"Gm4951",0,5,0,2,1,1,1,2
"Gm4952",0,0,1,1,3,0,2,0
"Gm4961",1,3,2,3,3,1,2,2
"Gm4984",0,2,4,0,0,0,1,2
"Gm5039",24,44,61,55,66,50,48,57
"Gm5069",15,28,37,35,30,17,39,52
"Gm5082",2,0,1,2,0,0,3,1
"Gm5084",7,8,13,11,12,2,14,13
"Gm5086",0,0,0,1,1,0,1,1
"Gm5088",86,157,134,171,144,87,142,146
"Gm5091",2,7,2,2,3,1,6,3
"Gm5105",193,308,284,275,234,160,396,269
"Gm5113",104,202,246,207,247,91,238,239
"Gm5124",1,0,0,1,2,0,2,0
"Gm5126",2,5,5,4,3,3,5,3
"Gm5129",0,1,0,0,0,1,0,1
"Gm5141",9,20,20,23,18,8,30,23
"Gm5148",197,195,239,225,224,214,173,231
"Gm5176",1,1,3,4,1,3,5,4
"Gm527",37,79,104,86,103,44,98,94
"Gm5431",1,1,1,2,2,0,2,1
"Gm5458",0,1,1,2,0,0,0,2
"Gm5460",0,0,0,1,1,1,0,1
"Gm5464",0,1,0,0,2,1,2,0
"Gm5468",1,1,0,1,0,1,1,1
"Gm5475",1,0,2,1,1,1,1,0
"Gm5512",3,4,5,7,2,9,1,3
"Gm5523",0,9,10,10,13,3,6,8
"Gm5532",80,136,157,141,113,106,190,174
"Gm5535",0,3,0,1,0,1,2,1
"Gm5544",1,2,2,2,1,1,6,5
"Gm5547",0,0,4,0,1,1,2,0
"Gm5577",6,23,26,25,20,11,26,30
"Gm5595",24,53,29,41,55,28,43,46
"Gm561",69,160,212,157,209,111,152,194
"Gm5617",39,62,92,92,86,30,48,107
"Gm5643",12,23,26,27,19,16,21,28
"Gm5662",87,135,98,133,148,194,182,164
"Gm572",2,4,11,4,3,5,4,8
"Gm5741",2,5,5,2,6,4,7,0
"Gm5779",9,11,30,15,4,14,14,12
"Gm5801",201,254,317,286,310,221,249,299
"Gm5803",0,5,11,12,1,0,6,14
"Gm5820",1,1,2,2,3,1,1,2
"Gm5833",0,3,0,0,0,0,3,2
"Gm6034",0,1,1,1,5,2,1,0
"Gm608",539,1496,893,1178,1049,752,2011,1146
"Gm6093",71,272,206,160,304,146,238,192
"Gm614",3,1,2,3,1,1,3,1
"Gm6194",0,0,2,1,1,0,3,2
"Gm6225",4,1,4,7,7,1,3,6
"Gm6251",6,7,7,14,6,3,6,9
"Gm6277",3,4,3,6,2,4,1,6
"Gm6297",3,11,23,12,15,7,21,24
"Gm6307",5,7,8,8,7,4,6,8
"Gm6377",0,2,2,0,7,1,9,1
"Gm6402",0,6,9,5,8,1,4,11
"Gm6416",1,1,2,1,1,2,1,0
"Gm6484",0,2,4,0,7,2,2,2
"Gm6498",2,1,6,3,1,0,0,2
"Gm6524",0,1,2,1,4,2,2,2
"Gm6525",0,4,0,2,1,1,3,5
"Gm6537",0,2,0,1,2,0,1,1
"Gm6548",188,443,261,426,431,271,534,460
"Gm6559",1,4,1,1,0,1,2,1
"Gm6567",0,1,6,1,3,2,1,1
"Gm6568",2,1,0,2,3,1,4,2
"Gm6578",1,2,1,1,0,0,1,0
"Gm6583",0,2,2,1,2,0,2,1
"Gm6592",0,0,0,1,1,0,3,2
"Gm6623",1,7,3,5,1,1,6,3
"Gm6634",227,324,268,345,299,231,282,296
"Gm6654",1,15,13,16,19,4,18,29
"Gm6682",145,273,322,337,302,129,256,294
"Gm6710",0,1,3,0,1,0,2,0
"Gm6787",6,12,15,7,14,4,15,4
"Gm6815",1,0,0,1,0,0,2,1
"Gm684",63,99,158,120,99,79,156,142
"Gm6880",7,20,18,13,17,9,13,14
"Gm6904",0,3,3,2,1,3,4,2
"Gm6981",8,13,16,8,6,6,11,11
"Gm7008",8,6,13,10,6,5,4,11
"Gm7030",10,1,2,4,1,5,2,0
"Gm7102",1,3,0,4,3,1,1,1
"Gm7104",3,9,4,6,2,2,7,6
"Gm7120",95,128,110,119,144,92,118,99
"Gm7325",1567,2915,3716,2973,2488,1752,2900,3174
"Gm7361",100,205,83,145,125,74,94,115
"Gm7609",1,4,3,2,1,1,6,2
"Gm7694",6,3,5,9,10,7,3,10
"Gm773",65,100,96,107,91,68,120,120
"Gm7904",0,1,0,0,0,1,2,0
"Gm8234",2,4,3,2,1,3,4,4
"Gm8267",0,1,0,0,0,0,2,1
"Gm8300",102,210,313,210,278,206,338,258
"Gm8369",3,3,1,4,4,2,3,3
"Gm8580",0,0,1,1,1,0,0,0
"Gm8615",473,1042,1016,787,1115,491,795,913
"Gm867",12,32,31,31,64,16,15,36
"Gm8773",19,38,25,36,26,24,37,42
"Gm8801",49,194,206,207,226,54,190,221
"Gm8817",1,2,0,1,3,3,2,0
"Gm8883",14,33,24,24,20,23,31,21
"Gm8909",11,6,4,9,11,8,5,2
"Gm904",0,0,1,1,1,0,0,1
"Gm9054",5,11,10,10,3,6,8,10
"Gm9079",14,48,38,40,48,22,65,40
"Gm9159",0,2,2,0,1,1,2,1
"Gm9199",5,44,43,41,58,6,50,41
"Gm960",14,14,21,25,14,9,17,25
"Gm973",1,4,6,4,6,0,4,3
"Gm9776",32,84,85,90,76,36,57,89
"Gm9833",13,21,20,17,15,22,22,30
"Gm9895",0,0,0,2,0,1,1,1
"Gm9920",1,2,7,3,6,0,4,8
"Gm9958",5,14,34,32,26,9,24,48
"Gm996",122,247,231,234,182,116,210,205
"Gm9992",49,140,74,57,208,60,54,62
"Gm9994",11,16,15,15,14,6,9,15
"Gmcl1",696,1362,1286,1415,1416,700,1338,1309
"Gmds",593,1334,1660,1396,1559,550,1118,1530
"Gmeb1",652,1117,878,1142,1065,655,1105,997
"Gmeb2",596,1052,980,1080,1055,525,991,942
"Gmfb",2885,6337,5385,6495,5564,3286,8062,6666
"Gmip",273,500,496,509,555,312,535,489
"Gml",0,0,1,0,3,0,2,0
"Gml2",0,0,5,0,0,1,1,1
"Gmnn",557,729,796,921,689,499,752,812
"Gmppa",1266,2682,2409,2326,2486,1251,2228,2249
"Gmppb",646,1082,1099,1147,1051,643,952,1105
"Gmpr",310,685,797,647,566,301,604,735
"Gmpr2",606,988,1091,1096,1024,578,997,1037
"Gmps",1783,3317,3422,3574,3179,1708,3583,3602
"Gna11",3468,6582,6894,6408,6316,3142,5879,6298
"Gna12",869,1705,1502,1554,1492,775,1397,1424
"Gna13",2095,3845,3556,3922,3935,1914,3896,3648
"Gna14",7,20,10,12,13,3,15,11
"Gna15",0,0,2,3,3,2,0,6
"Gnai1",175,414,447,486,348,216,489,557
"Gnai2",13627,24161,26277,25473,23408,12216,22132,24976
"Gnai3",4074,7669,7240,8948,7543,3904,9101,8684
"Gnal",75,117,132,143,127,92,128,141
"Gnao1",3560,6751,6585,7084,6920,3157,6219,6553
"Gnaq",806,2165,1381,1804,1652,1108,2465,1733
"Gnas",27501,49691,52480,51929,48610,27629,48838,52649
"Gnat1",0,1,0,0,0,1,1,1
"Gnat2",12,14,11,18,9,11,14,14
"Gnaz",48,85,68,80,96,31,71,63
"Gnb1",10671,19248,20359,20528,20249,9977,18092,20309
"Gnb1l",120,228,242,215,222,122,197,218
"Gnb2",6145,9462,10265,9873,9579,5759,8473,9722
"Gnb2l1",26354,53207,52825,51575,58705,24614,43240,51901
"Gnb3",2,1,1,2,3,0,0,1
"Gnb4",995,1781,1968,1909,1827,873,1708,1818
"Gnb5",505,1221,1346,1115,1265,544,1034,1237
"Gne",524,953,1087,1035,1016,416,859,1056
"Gng10",2325,4071,4775,4623,4499,2217,3956,4742
"Gng11",246,524,528,481,552,293,499,471
"Gng12",2460,5934,4677,5683,5968,2849,6485,5662
"Gng13",1,2,1,2,1,0,2,3
"Gng2",1888,3834,3733,4636,3334,2513,5484,4774
"Gng3",3,10,5,8,4,5,7,11
"Gng4",13,29,27,24,39,10,33,19
"Gng5",1840,3290,3237,3074,3701,1868,2846,3277
"Gng7",84,184,134,144,146,71,133,122
"Gng8",18,31,21,35,36,9,17,32
"Gngt2",4,11,12,4,22,2,3,2
"Gnl1",1968,3461,4138,3883,3926,1821,3365,3987
"Gnl2",1206,2491,2587,2761,2664,1470,3084,2964
"Gnl3",1324,2909,2936,3257,3501,1898,3991,3585
"Gnl3l",1942,3737,3995,4104,3754,1885,4363,4114
"Gnmt",0,8,2,2,5,4,7,4
"Gnpat",2126,3860,4664,3963,3554,2068,3962,4160
"Gnpda1",147,451,370,320,431,168,321,338
"Gnpda2",179,382,340,447,435,231,485,482
"Gnpnat1",773,1295,1277,1483,1770,753,1423,1467
"Gnptab",969,2033,1929,2110,2629,917,2001,2066
"Gnptg",493,1208,1105,971,1317,490,946,1004
"Gnrh1",11,26,10,23,21,24,36,33
"Gns",4748,12002,10603,9401,12668,4295,8465,9708
"Golga1",555,1393,1135,1350,1124,729,1732,1406
"Golga2",2790,5549,5355,5370,5454,2577,5233,5341
"Golga3",1291,2919,2586,2705,2665,1404,3114,2617
"Golga4",889,3205,1737,2412,2597,1599,4202,2618
"Golga5",983,2046,1922,2021,2144,1098,2258,2027
"Golga7",2128,3416,3916,3953,4034,2075,3718,3971
"Golga7b",5,5,2,4,6,3,5,4
"Golgb1",992,3898,1855,2469,2660,1578,4188,2568
"Golim4",1238,3595,2510,3206,3041,1850,4774,3406
"Golm1",679,940,875,1145,920,606,1055,942
"Golph3",4194,7609,7303,8298,7768,4466,8551,7796
"Golph3l",705,1293,1330,1426,1405,629,1460,1407
"Golt1b",2111,3781,3902,4083,3971,2169,3775,4054
"Gon4l",747,1491,1414,1540,1456,804,1527,1458
"Gopc",980,2178,1893,2162,2104,1038,2460,2173
"Gorab",607,1549,1395,1591,1547,659,1452,1647
"Gorasp1",639,1321,1366,1258,1358,618,1097,1345
"Gorasp2",4172,7532,7983,7818,7753,3979,6872,7785
"Gosr1",1382,2522,2350,2566,2684,1423,2719,2446
"Gosr2",3473,6489,6434,6333,6273,3080,5811,6156
"Got1",1542,3286,3528,2964,3742,1441,2824,3276
"Got2",8087,13403,16159,14425,14710,7178,12969,15016
"Gp1ba",18,23,31,33,23,10,28,39
"Gp1bb",79,156,159,135,147,76,130,118
"Gp5",18,22,26,40,28,21,30,32
"Gpa33",4,10,10,9,10,5,10,8
"Gpaa1",1285,2444,2609,2468,2491,1198,2097,2432
"Gpalpp1",846,2035,1684,1947,1957,1001,2449,1926
"Gpam",1125,1988,2592,2324,1763,956,2500,2467
"Gpank1",280,450,470,467,492,263,408,450
"Gpat2",2,1,2,4,2,1,3,3
"Gpatch1",333,710,704,727,692,373,772,734
"Gpatch11",391,813,864,888,926,504,1033,964
"Gpatch2",415,866,757,895,770,444,1060,906
"Gpatch2l",866,1499,1597,1664,1592,814,1585,1567
"Gpatch3",128,235,228,220,271,122,225,238
"Gpatch4",295,507,594,641,616,307,612,661
"Gpatch8",990,2275,2040,2225,2059,1175,2690,2185
"Gpbar1",10,8,10,12,4,4,7,8
"Gpbp1",1259,3586,2279,2874,2476,1694,4323,2831
"Gpbp1l1",1019,1867,1863,1863,1979,1099,2077,1899
"Gpc1",28090,58301,63168,55413,49625,24764,50486,58831
"Gpc2",30,54,65,54,55,33,69,55
"Gpc4",5,4,5,7,1,5,5,5
"Gpc6",1607,3057,2718,3362,2865,1694,3738,3197
"Gpcpd1",274,800,638,701,913,376,1015,751
"Gpd1",64,87,149,112,77,81,134,133
"Gpd1l",1395,2418,2841,2431,2195,1320,2631,2552
"Gpd2",1012,1924,1598,2034,2111,1009,2000,1786
"Gper1",822,1268,1659,1601,1056,708,1408,1612
"Gpha2",1,5,8,1,4,6,7,3
"Gphn",351,739,747,723,629,431,913,723
"Gpi1",15090,34543,25511,26380,34319,14965,23502,23910
"Gpkow",1430,2513,2905,2793,2682,1414,2749,2938
"Gpld1",411,750,703,785,716,457,950,809
"Gpm6b",601,1653,1322,1724,1339,780,2121,1791
"Gpn1",547,1022,1232,1080,1150,571,1042,1153
"Gpn2",334,618,670,572,683,317,593,632
"Gpn3",435,780,1048,900,940,484,891,963
"Gpnmb",18,91,33,31,105,6,19,37
"Gpr1",0,0,0,0,0,1,3,1
"Gpr107",1990,4131,4322,3914,4318,1940,3753,3979
"Gpr108",1529,3595,3104,2851,3703,1467,2788,2852
"Gpr135",2,15,17,13,16,4,19,17
"Gpr137",534,1019,1054,976,1042,536,865,980
"Gpr137b",473,1542,1048,941,5303,441,773,1000
"Gpr137b-ps",444,995,833,832,1758,415,731,843
"Gpr137c",8,24,16,20,23,12,21,27
"Gpr141",3,8,8,7,19,4,13,6
"Gpr142",2,0,1,1,4,2,1,1
"Gpr143",0,0,1,0,0,0,1,1
"Gpr146",274,697,629,555,857,248,507,610
"Gpr149",9,11,6,10,19,9,7,8
"Gpr15",1,0,1,1,3,0,0,0
"Gpr151",0,5,2,3,3,3,7,6
"Gpr152",1,0,1,1,0,2,1,0
"Gpr153",1304,1993,1902,2100,1619,1232,1982,1737
"Gpr155",303,685,626,681,565,334,917,715
"Gpr156",2,9,14,11,10,2,7,18
"Gpr157",83,155,251,168,171,79,190,178
"Gpr160",0,2,2,1,3,0,5,2
"Gpr161",111,214,164,180,200,83,206,140
"Gpr162",23,55,72,50,49,27,63,70
"Gpr17",4,7,6,10,8,3,8,12
"Gpr173",51,119,121,109,133,57,134,119
"Gpr174",1,2,3,1,1,0,4,2
"Gpr176",656,1942,1652,1427,1859,536,1198,1492
"Gpr179",41,97,56,64,53,42,83,51
"Gpr18",1,6,7,4,4,2,7,4
"Gpr180",742,1603,1621,1515,1772,728,1399,1539
"Gpr182",2,10,17,12,14,4,8,13
"Gpr19",59,94,96,105,116,49,92,109
"Gpr20",72,104,103,104,66,77,118,93
"Gpr21",1,8,7,4,4,2,6,4
"Gpr25",0,1,0,0,0,3,2,2
"Gpr3",9,13,17,16,14,7,13,13
"Gpr34",1,2,2,1,4,0,1,0
"Gpr35",301,650,140,392,710,325,369,156
"Gpr37",9,9,21,12,18,12,16,11
"Gpr37l1",2,3,8,4,3,1,7,6
"Gpr39",37,72,32,50,96,37,60,41
"Gpr4",0,4,2,2,3,1,3,6
"Gpr52",2,5,1,10,4,1,9,7
"Gpr61",0,1,1,2,0,0,0,3
"Gpr62",7,14,14,17,6,9,15,19
"Gpr63",40,88,89,92,65,50,146,110
"Gpr68",7,10,7,10,39,12,11,9
"Gpr75",3,3,7,7,6,3,6,8
"Gpr85",5,15,12,11,21,7,16,11
"Gpr88",0,4,3,0,1,1,2,0
"Gpr89",569,1198,1055,1087,1195,483,993,1087
"Gprasp1",306,661,488,564,557,336,785,552
"Gprasp2",26,43,64,67,34,18,40,51
"Gprc5a",471,1056,789,805,1036,391,655,756
"Gprc5b",1909,4115,4104,3630,3866,1766,3379,3507
"Gprc5c",1338,2345,3760,2623,2162,1469,3047,3448
"Gprc5d",9,28,19,19,35,23,37,24
"Gprin1",16,22,19,28,28,26,33,28
"Gprin2",0,1,4,3,3,0,2,7
"Gprin3",166,391,251,318,243,134,423,231
"Gps1",2505,4578,5440,4764,4816,2411,4344,5163
"Gps2",460,878,791,859,960,432,780,815
"Gpsm1",726,1276,1372,1304,1214,543,1235,1245
"Gpsm2",1117,1808,2148,2167,1793,987,2056,2179
"Gpsm3",36,65,74,85,59,26,42,81
"Gpt",127,250,264,231,234,137,231,233
"Gpt2",2857,6217,6301,5454,6829,2670,5625,5712
"Gpx1",2401,4092,5840,4970,4512,2246,4026,5280
"Gpx3",3751,11382,10259,8402,15783,4716,7625,10107
"Gpx4",5890,11567,12093,10529,10861,5791,9531,11184
"Gpx7",3,11,18,9,12,13,17,16
"Gpx8",4071,7128,7451,7710,7094,4060,6847,7472
"Gramd1a",820,1612,1669,1587,1604,813,1457,1593
"Gramd1b",133,303,321,243,288,134,297,269
"Gramd1c",21,61,34,52,23,33,84,52
"Gramd2",14,15,11,25,12,6,12,22
"Gramd3",364,618,794,727,692,386,717,782
"Gramd4",1505,3408,3008,3073,4070,1346,2575,2883
"Grap",1,1,3,1,0,1,1,1
"Grasp",370,735,739,605,683,313,623,619
"Grb10",5,5,21,13,10,12,19,23
"Grb14",669,1156,919,1115,963,644,1054,939
"Grb2",2905,5294,5600,5367,5388,2837,4856,5317
"Grcc10",1122,2297,2305,2139,2465,1121,1881,2017
"Greb1",75,83,208,168,111,132,202,219
"Greb1l",18,49,55,57,54,36,60,61
"Grem1",1099,3665,3321,3248,6410,1341,3754,3954
"Grem2",225,412,589,590,625,282,562,638
"Grhl1",8,17,23,15,11,9,32,20
"Grhl3",48,76,62,71,62,37,96,81
"Grhpr",797,1644,1258,1331,1512,801,1304,1189
"Gria1",25,40,29,38,46,28,46,28
"Gria3",4,11,4,5,2,2,9,3
"Gria4",0,0,4,0,2,0,0,1
"Grid1",8,6,2,12,7,6,8,4
"Grid2ip",1,4,0,4,2,1,3,2
"Grik2",5,9,3,7,6,10,7,3
"Grik5",555,1110,1060,1005,1041,488,937,926
"Grin1",1,0,3,2,2,2,3,1
"Grin2a",0,2,4,1,0,1,7,2
"Grin2c",0,2,0,1,0,1,1,1
"Grin2d",61,115,108,109,125,77,112,107
"Grin3a",0,4,1,1,4,4,2,2
"Grin3b",27,40,47,39,33,31,50,40
"Grina",3398,9252,7884,6445,10568,3354,6335,7081
"Grip1",7,22,29,21,27,13,36,41
"Grip2",39,71,127,78,59,65,145,111
"Gripap1",795,1645,1610,1528,1608,765,1624,1521
"Grk1",0,3,0,1,1,0,2,1
"Grk4",25,67,49,62,65,37,73,63
"Grk5",363,714,692,654,915,339,655,650
"Grk6",1386,2141,2693,2643,2421,1270,2267,2495
"Grm1",1,1,2,3,0,0,2,3
"Grm7",0,4,0,1,3,1,1,1
"Grn",6268,14382,12621,11956,15476,5664,10336,11909
"Grpel1",1296,2536,2957,2526,2976,1420,2386,2684
"Grpel2",689,1350,1564,1504,1594,794,1507,1603
"Grpr",3,3,7,7,9,1,5,5
"Grrp1",1,0,1,1,1,1,2,2
"Grsf1",2070,3630,3995,4077,3876,2160,4041,4144
"Grtp1",335,621,756,577,572,447,704,654
"Grwd1",636,1053,1231,1139,1163,670,1045,1141
"Gsap",392,868,760,861,867,378,856,868
"Gsdma",1,2,1,1,3,1,3,2
"Gsdmc4",0,2,2,0,1,1,0,3
"Gsdmd",989,1770,1976,1960,1785,909,1726,1954
"Gse1",905,1482,1286,1534,1322,790,1414,1279
"Gsg1",6,9,5,8,9,1,6,4
"Gsg1l",0,0,1,0,1,0,1,0
"Gsg2",265,302,336,422,310,206,383,337
"Gsk3a",1185,2077,2114,1961,2011,1165,1883,1861
"Gsk3b",2017,4742,3364,4401,4307,2408,5412,4187
"Gskip",997,1902,2087,1928,1985,1065,1903,2009
"Gsn",17781,32817,37631,35754,27969,14373,30475,35097
"Gspt1",3740,7434,6982,7485,6404,4200,9443,7801
"Gspt2",111,237,251,249,272,125,255,267
"Gsr",1005,1608,1823,1589,2078,914,1437,1545
"Gss",1099,2115,2775,2179,2444,1201,2236,2563
"Gsta1",1,53,18,9,222,5,15,15
"Gsta2",2,80,8,4,132,5,4,14
"Gsta3",0,15,4,1,47,2,5,3
"Gsta4",562,2071,2039,1532,5112,465,1150,1775
"Gstcd",455,835,920,936,817,472,1006,932
"Gstk1",10,15,6,15,13,4,8,7
"Gstm1",2017,6141,5229,4614,6517,1534,3118,4703
"Gstm2",1068,2213,2059,2036,1950,914,1668,1978
"Gstm3",0,4,0,1,1,0,0,1
"Gstm4",9,23,20,16,35,7,19,19
"Gstm5",529,864,1041,886,857,481,785,960
"Gstm6",11,7,7,19,6,5,7,15
"Gstm7",19,50,37,43,33,15,36,42
"Gsto1",1887,3454,4125,3469,4446,1850,3407,3749
"Gsto2",197,459,396,336,388,240,320,346
"Gstp1",4190,7033,7794,6639,10439,3903,5751,6910
"Gstp2",102,209,179,196,215,108,142,188
"Gstt1",102,190,257,206,202,85,161,220
"Gstt2",17,51,28,38,32,15,37,35
"Gstt3",75,165,129,118,129,70,125,112
"Gstz1",834,1456,1629,1485,1473,812,1245,1476
"Gt(ROSA)26Sor",65,172,212,220,256,109,249,257
"Gtdc1",212,347,469,466,469,182,434,479
"Gtf2a1",476,1250,736,1057,1093,823,1499,1100
"Gtf2a1l",0,2,1,2,3,0,3,5
"Gtf2a2",831,1468,1747,1660,1627,795,1511,1752
"Gtf2b",911,1553,1671,1741,1786,871,1558,1714
"Gtf2e1",743,1383,1590,1497,1408,823,1503,1606
"Gtf2e2",1033,1851,1978,2008,1953,1056,1901,2070
"Gtf2f1",1860,3450,3827,3564,3522,1930,3489,3754
"Gtf2f2",670,1190,1431,1370,1404,672,1223,1520
"Gtf2h1",729,1740,1363,1663,1713,965,2155,1681
"Gtf2h2",408,770,710,796,755,442,879,821
"Gtf2h3",796,1468,1634,1548,1476,699,1396,1606
"Gtf2h4",418,822,965,848,851,388,770,904
"Gtf2h5",1317,2482,2782,2399,2725,1437,2413,2450
"Gtf2i",4996,8877,9769,9608,9297,4463,9061,9562
"Gtf2ird1",1839,3488,3636,3521,3676,1689,3290,3467
"Gtf2ird2",227,529,480,438,576,212,438,425
"Gtf3a",212,288,311,328,346,186,278,325
"Gtf3c1",2634,5165,5054,4856,4580,2374,4816,4655
"Gtf3c2",1886,3528,3571,3676,3314,1794,3601,3497
"Gtf3c3",693,1430,1402,1405,1421,713,1578,1449
"Gtf3c4",2044,3897,4130,3897,3699,1891,3994,3846
"Gtf3c5",1015,1880,1728,1834,1734,869,1605,1694
"Gtf3c6",550,964,1035,1017,991,551,1014,1059
"Gtpbp1",1683,2932,3425,3167,2908,1510,2897,3144
"Gtpbp10",324,689,546,746,727,457,895,739
"Gtpbp2",1175,2241,2291,2184,2603,1136,2133,2168
"Gtpbp3",417,744,993,826,933,372,805,918
"Gtpbp4",1630,3366,3296,3599,3609,1970,4282,3766
"Gtpbp6",188,308,288,302,370,150,277,285
"Gtpbp8",327,686,620,658,679,382,686,726
"Gtse1",1137,1413,1565,1913,1355,972,1614,1575
"Gtsf1",1,1,0,1,0,3,0,2
"Guca1a",13,30,30,25,35,12,28,26
"Guca1b",1,14,6,4,4,2,7,8
"Guca2a",0,1,0,1,0,0,2,1
"Gucd1",680,1231,1268,1300,1210,623,1149,1297
"Gucy1a2",1,0,0,1,0,0,1,0
"Gucy1b2",3,1,0,4,1,1,0,2
"Gucy2c",0,0,0,1,2,0,0,2
"Gucy2d",3,2,4,6,4,0,1,4
"Gucy2e",2,4,5,6,3,2,2,8
"Gucy2g",2,5,3,2,1,1,2,1
"Guf1",383,898,729,889,784,448,1084,931
"Guk1",490,974,1004,963,1025,491,823,1000
"Gulp1",580,1489,1298,1592,985,702,2089,1692
"Gusb",1822,3602,3787,3526,3469,1607,3058,3542
"Gxylt1",566,1439,1013,1341,1175,876,1940,1358
"Gxylt2",399,905,1259,1089,765,321,1003,1235
"Gyg",1404,2876,2936,2482,2788,1396,2720,2667
"Gyk",137,286,253,319,281,163,387,312
"Gyltl1b",6,5,6,7,2,4,1,4
"Gypc",1872,4253,4625,4232,5059,1614,3265,4382
"Gys1",2661,4959,4969,4479,4824,2414,4647,4493
"Gzf1",1075,2142,2103,2242,2130,1108,2314,2313
"Gzmd",2,3,3,6,5,1,3,9
"Gzme",21,67,35,49,44,24,42,42
"Gzmm",23,45,37,39,36,18,39,38
"Gzmn",5,1,1,5,0,3,2,0
"H13",3680,8223,8037,7282,8829,3540,6455,7628
"H19",136721,242857,288146,251798,194547,142396,242391,256512
"H1f0",7998,14800,14510,15108,16042,7539,12913,13788
"H1fx",316,450,516,570,408,296,448,519
"H2-Aa",0,0,1,1,2,0,0,1
"H2-Bl",0,1,0,1,4,1,2,2
"H2-D1",1496,2265,2246,2156,2853,1530,1749,2190
"H2-DMa",101,193,219,195,231,86,198,210
"H2-DMb1",1,3,1,1,1,0,0,1
"H2-DMb2",1,1,0,3,1,0,2,4
"H2-K1",1465,2545,2268,2236,3165,1530,1859,2144
"H2-K2",1,2,2,2,0,3,3,1
"H2-Ke6",280,608,636,525,586,323,537,600
"H2-M3",229,498,435,465,516,217,388,424
"H2-M5",0,4,2,2,2,5,11,3
"H2-Q1",417,771,752,779,905,358,537,752
"H2-Q10",0,3,10,2,23,5,5,1
"H2-Q4",610,1301,973,1146,1442,649,984,1048
"H2-T10",66,139,139,160,139,60,152,127
"H2-T23",1200,3149,2827,2489,3741,1294,2042,2543
"H2-T24",10,16,10,15,14,6,17,10
"H2afj",236,512,659,564,866,265,494,681
"H2afv",1474,2395,2801,2761,2102,1306,2313,2704
"H2afx",804,1076,1007,1238,989,690,1033,1004
"H2afy",1537,2620,2745,2909,3088,1505,2677,2865
"H2afy2",583,959,921,1018,882,563,871,983
"H2afz",5966,8177,8945,9121,8481,5094,8063,8506
"H3f3a",11320,16302,18120,17846,17581,10845,16893,18259
"H3f3b",16921,27298,25831,28598,30930,15220,24312,25458
"H6pd",1885,4417,4040,3811,4647,1720,3593,3740
"Haao",1,2,0,1,0,0,1,0
"Habp2",1,0,1,2,1,2,6,2
"Habp4",991,1859,2091,1842,1951,977,1875,1989
"Hacd1",1769,3603,4115,3493,3201,2247,3488,3945
"Hacd2",430,815,768,905,940,459,910,927
"Hacd3",2091,4598,5072,4591,5278,1901,4186,5024
"Hacd4",362,767,493,732,494,315,800,656
"Hace1",392,780,623,757,873,420,785,678
"Hacl1",242,472,396,452,416,223,362,422
"Hadh",1746,3371,3857,3443,3519,1580,3017,3587
"Hadha",4842,8808,10117,9428,8779,4424,8894,9642
"Hadhb",2945,4817,5649,5354,4791,2748,4954,5577
"Hagh",437,966,977,861,1027,446,879,934
"Haghl",332,623,794,672,719,299,606,708
"Hal",5,6,8,6,10,5,10,4
"Halr1",12,9,4,17,6,9,6,11
"Hao1",4,10,3,6,7,2,6,7
"Hap1",13,29,17,21,17,10,25,18
"Hapln1",0,0,2,1,1,0,0,1
"Hapln3",7,2,8,7,2,5,3,7
"Hapln4",67,148,138,112,192,79,128,115
"Harbi1",307,585,609,586,672,250,578,598
"Hars",2045,3428,4318,3942,3766,1775,3581,4036
"Hars2",704,1364,1551,1400,1421,713,1386,1490
"Has1",84,164,80,116,143,65,71,82
"Has2",1619,3116,1905,2944,2069,2145,4531,2650
"Has2os",13,26,20,26,13,10,17,24
"Has3",9,25,31,31,20,16,30,34
"Hat1",1110,1612,1703,2021,1591,1006,1864,1820
"Haus1",371,585,611,662,582,342,506,608
"Haus2",749,1282,1264,1352,1310,852,1566,1430
"Haus3",160,404,254,299,246,192,498,317
"Haus4",518,917,988,969,876,523,924,967
"Haus5",304,430,428,511,375,252,433,421
"Haus6",222,645,329,487,414,301,774,449
"Haus7",513,843,1048,978,810,461,924,983
"Haus8",418,560,485,633,451,311,506,459
"Havcr2",10,42,28,22,148,14,35,18
"Hax1",1968,3831,3991,3500,4494,2111,3361,3805
"Hbegf",768,954,817,1102,879,795,1088,705
"Hbp1",3035,5924,6123,5746,6802,3177,5881,5982
"Hbs1l",1949,3513,3548,3345,3574,1853,3396,3299
"Hc",3,1,2,5,1,0,0,1
"Hccs",454,1070,840,1017,1006,616,1427,1025
"Hcfc1",3439,6224,6344,6652,5925,2936,6302,6207
"Hcfc1r1",1592,3023,3510,3255,2769,1501,2683,3369
"Hcfc2",876,1589,1533,1704,1498,853,1746,1614
"Hck",22,35,29,30,20,13,40,21
"Hcn1",1,8,2,2,2,1,6,1
"Hcn2",6,12,10,11,14,7,14,10
"Hcn3",7,15,12,13,15,8,7,13
"Hcn4",2,1,1,4,0,3,1,3
"Hcrtr1",1,4,5,6,2,2,6,5
"Hdac1",2268,3511,3952,4244,3736,1964,3544,3854
"Hdac10",283,630,619,581,581,253,602,585
"Hdac11",402,822,980,828,653,376,756,912
"Hdac2",3342,5867,6350,6794,5981,3500,6842,6812
"Hdac3",2095,3778,4004,3948,3938,1917,3472,3755
"Hdac4",321,744,734,705,665,283,725,672
"Hdac5",1900,4319,3975,3687,3898,1615,3323,3675
"Hdac6",687,1409,1309,1233,1442,586,1283,1175
"Hdac7",1813,3373,3352,3516,3200,1475,2986,3194
"Hdac8",242,491,512,460,512,254,420,421
"Hdac9",143,380,220,277,205,168,413,263
"Hdc",6,36,17,19,18,7,19,26
"Hddc2",345,730,732,662,831,334,642,710
"Hddc3",533,1048,1193,1021,1091,546,911,1102
"Hdgf",8972,15799,18055,17129,17229,9039,15573,17384
"Hdgfrp2",1696,3147,3467,3281,3333,1623,2958,3310
"Hdgfrp3",4,8,6,9,4,1,15,8
"Hdhd2",685,1428,1478,1412,1552,679,1375,1461
"Hdhd3",414,705,949,816,719,415,672,841
"Hdlbp",21740,39329,39919,40983,38519,18940,39285,38710
"Hdx",6,24,4,10,10,3,31,10
"Heatr1",1181,2213,2742,2529,2643,1132,2653,2692
"Heatr3",2556,4352,5127,4982,4433,2502,4989,5030
"Heatr5a",2313,4177,3966,4682,4083,2201,4524,4315
"Heatr5b",1054,2013,1997,2041,2017,992,2193,1924
"Heatr6",987,1903,1889,1911,1884,892,1866,1863
"Heatr9",0,0,1,0,3,1,1,0
"Hebp1",543,1262,1181,1068,1336,600,876,1102
"Hebp2",625,1141,983,1041,982,599,923,897
"Heca",508,1293,1044,1193,1158,606,1505,1203
"Hectd1",2964,7919,5134,6824,6103,4203,10258,6939
"Hectd2",45,125,60,96,128,56,148,105
"Hectd3",1321,2610,2789,2499,2573,1197,2355,2543
"Hecw1",2,0,1,3,0,0,1,1
"Hecw2",316,768,580,634,580,378,784,616
"Heg1",1140,2690,2264,2285,2265,1107,2468,2206
"Helb",615,1187,1190,1231,1234,636,1162,1248
"Hells",195,576,231,377,272,266,749,333
"Helq",221,416,409,402,475,243,454,398
"Helz",379,845,732,810,697,392,898,804
"Helz2",704,1364,1006,1250,1344,688,1221,1092
"Hemgn",1,0,0,1,1,0,0,1
"Hemk1",271,559,494,486,520,255,493,463
"Henmt1",1,0,1,1,1,0,0,1
"Hepacam",1,0,0,1,1,0,0,2
"Hepacam2",1,2,0,1,0,0,1,2
"Heph",7,9,10,13,9,12,16,9
"Hephl1",174,330,518,316,322,241,643,469
"Herc1",1482,3394,2711,3294,2787,1733,4372,3149
"Herc2",1468,3088,2777,2970,3118,1302,3325,2812
"Herc3",458,860,929,891,717,487,970,852
"Herc4",1419,2915,2721,2963,2705,1561,3388,2934
"Herc6",54,110,54,83,87,73,85,63
"Herpud1",3513,9332,8701,7256,13749,3490,6766,8269
"Herpud2",1188,2278,2367,2415,2709,1136,2308,2404
"Hes1",1286,1848,1707,2039,1469,1282,1930,1760
"Hes2",0,0,1,1,0,0,0,1
"Hes6",2134,3839,4897,3932,3237,2202,3948,4281
"Hes7",3,13,12,4,8,7,11,4
"Hexa",5185,13215,11690,9956,12629,4828,8978,10204
"Hexb",1993,4523,3603,3402,5094,2010,3117,3444
"Hexdc",310,786,747,628,682,344,655,629
"Hexim1",2079,3900,4076,4035,3897,2102,3756,3915
"Hexim2",151,243,275,282,216,125,224,258
"Hey1",158,250,247,265,179,113,227,244
"Hey2",3,2,4,6,1,0,5,3
"Heyl",1114,1573,1417,1701,1078,1155,1753,1455
"Hfe",105,232,221,223,267,87,176,213
"Hfe2",1803,3154,4593,3238,2808,2057,3934,3960
"Hgd",2,0,0,1,1,0,0,1
"Hgf",499,1450,1514,1705,2463,355,1434,1852
"Hgfac",5,7,15,8,8,4,11,7
"Hgh1",291,593,637,611,701,274,523,675
"Hgs",2090,4382,3839,3844,4250,1985,3647,3706
"Hgsnat",1148,2514,2375,2255,3313,950,2064,2218
"Hhat",488,759,919,933,612,350,703,869
"Hhatl",208,291,372,273,209,247,327,317
"Hhex",22,38,37,43,47,22,49,35
"Hhip",69,194,97,94,107,72,136,92
"Hhipl1",138,305,212,208,311,122,195,180
"Hhipl2",4,7,5,9,11,6,10,6
"Hiat1",1102,2086,1931,2259,2356,1245,2411,2106
"Hiatl1",1472,2714,2548,3038,2897,1533,3245,2942
"Hibadh",1496,2666,3095,2924,2812,1488,2754,2932
"Hibch",434,935,957,1009,1016,510,1111,1134
"Hic1",5,2,3,5,6,6,3,2
"Hic2",73,156,136,150,155,70,163,145
"Hid1",760,1838,1476,1376,1548,773,1287,1383
"Hif1a",3691,10433,6207,8764,9982,4782,11983,8610
"Hif1an",1648,3202,3524,2953,2933,1548,3303,3064
"Hif3a",0,1,4,2,1,0,4,3
"Higd1a",1294,2757,1773,2106,3165,1395,2006,1726
"Higd1b",0,1,1,0,0,1,0,0
"Higd2a",658,1431,1538,1372,1707,672,1134,1488
"Hilpda",321,638,561,568,1121,297,434,528
"Hils1",0,7,6,4,4,0,12,8
"Hinfp",173,361,377,342,349,154,399,332
"Hint1",3006,5864,6518,5833,7069,3165,5249,6026
"Hint2",165,321,352,356,331,156,297,372
"Hint3",113,181,195,196,191,93,183,183
"Hip1",3067,5215,6751,6224,4738,2783,6400,6530
"Hip1r",1109,1870,2236,2154,1685,963,2022,2121
"Hipk1",2142,4616,3802,4722,4977,2596,5357,4749
"Hipk2",160,394,275,305,338,130,426,265
"Hipk3",2079,5491,3374,4750,4200,2715,6875,4677
"Hipk4",22,43,45,43,33,26,61,46
"Hira",1055,1931,2182,2049,2357,1002,1873,2024
"Hirip3",465,724,706,893,690,508,839,797
"Hist1h1a",1,2,4,1,2,0,4,2
"Hist1h1b",6,8,10,10,12,6,10,5
"Hist1h1c",1752,2913,2480,2388,2621,1909,2458,2354
"Hist1h1d",16,22,16,24,30,25,33,20
"Hist1h1e",4,33,25,15,30,13,30,23
"Hist1h1t",1,1,0,1,1,0,0,1
"Hist1h2ab",1,1,1,3,0,0,0,1
"Hist1h2ac",2,5,2,4,8,3,1,2
"Hist1h2ad",3,6,5,10,3,4,6,7
"Hist1h2ae",7,9,9,6,8,6,9,4
"Hist1h2af",0,0,1,1,1,0,1,0
"Hist1h2ag",1,2,4,8,1,0,1,4
"Hist1h2ah",0,1,1,1,0,2,5,2
"Hist1h2ai",2,2,1,0,2,2,1,1
"Hist1h2ak",0,2,1,1,1,0,2,2
"Hist1h2an",0,1,1,0,0,0,0,1
"Hist1h2bb",1,2,3,2,2,1,2,4
"Hist1h2bc",313,694,805,602,757,448,742,691
"Hist1h2be",23,29,22,28,31,37,32,37
"Hist1h2bf",0,1,1,0,1,2,2,1
"Hist1h2bg",16,25,15,21,28,18,25,15
"Hist1h2bh",2,6,3,4,6,3,7,5
"Hist1h2bj",8,5,1,4,2,5,3,3
"Hist1h2bk",3,1,1,3,2,0,1,2
"Hist1h2bl",0,3,1,0,2,1,2,1
"Hist1h2bm",0,1,2,1,0,1,2,2
"Hist1h2bn",1,1,0,0,1,0,3,4
"Hist1h2bp",1,0,1,2,2,2,2,2
"Hist1h3a",3,2,0,3,1,0,1,1
"Hist1h3b",4,2,1,3,0,4,2,1
"Hist1h3c",4,2,3,5,5,6,3,3
"Hist1h3d",6,12,7,6,6,7,9,6
"Hist1h3e",2,1,2,2,0,0,0,0
"Hist1h3f",1,3,1,1,2,1,1,3
"Hist1h3g",2,5,2,3,2,0,4,0
"Hist1h3h",1,0,1,0,2,4,1,1
"Hist1h3i",4,2,1,6,2,2,4,1
"Hist1h4a",2,1,2,2,4,1,0,0
"Hist1h4b",1,0,0,1,2,0,1,1
"Hist1h4c",3,2,1,3,2,0,2,1
"Hist1h4d",1,3,4,1,2,2,1,3
"Hist1h4f",1,0,0,1,0,0,1,0
"Hist1h4h",4,7,8,7,9,8,9,7
"Hist1h4i",49,91,66,65,93,54,74,72
"Hist1h4k",0,3,3,0,1,0,1,3
"Hist1h4n",4,3,3,1,7,4,3,1
"Hist2h2ab",0,0,2,1,0,1,1,1
"Hist2h2ac",0,2,2,0,1,1,1,1
"Hist2h2bb",2,10,14,4,16,3,12,9
"Hist2h2be",25,42,71,57,51,26,64,64
"Hist2h3b",0,3,0,0,0,2,1,0
"Hist2h4",1,3,0,2,6,1,4,2
"Hist3h2a",104,225,180,182,296,102,187,179
"Hist3h2ba",0,1,0,0,1,1,3,2
"Hist3h2bb-ps",0,1,1,1,2,0,0,0
"Hist4h4",2,2,1,2,1,2,1,0
"Hivep1",744,1860,1015,1444,1389,821,1685,1224
"Hivep2",861,2503,1493,1888,2049,1198,2592,1826
"Hivep3",56,122,76,125,101,45,118,109
"Hjurp",121,93,113,117,88,127,113,105
"Hk1",5383,10545,9408,9553,9788,4527,8587,8642
"Hk1os",2,10,5,10,6,7,13,8
"Hk2",1160,3130,2207,2184,5149,1133,2124,2101
"Hk3",0,0,0,0,4,1,2,0
"Hkdc1",1,1,0,1,0,0,1,0
"Hlcs",232,529,479,503,626,231,480,491
"Hlf",11,126,25,23,278,24,42,31
"Hltf",228,786,422,530,521,315,864,572
"Hlx",376,551,530,644,608,362,451,576
"Hmbox1",178,364,308,329,277,154,416,272
"Hmbs",628,1138,1322,1172,1248,577,1050,1134
"Hmces",612,1095,1203,1098,1205,572,1031,1117
"Hmcn1",178,400,251,318,244,164,387,268
"Hmg20a",1037,1945,1853,2027,1877,922,1830,1933
"Hmg20b",1155,2003,2329,2149,1978,1083,1966,2177
"Hmga1",38,40,25,30,68,21,31,26
"Hmga2",972,2213,1352,1778,2975,1036,1888,1531
"Hmga2-ps1",242,538,577,560,780,274,399,641
"Hmgb1",4929,6176,7192,8059,6724,4799,7496,8097
"Hmgb2",2088,2600,2399,3261,2533,2143,2967,2713
"Hmgb3",638,755,1022,1050,758,602,958,1004
"Hmgcl",562,1130,1292,1121,1200,543,1070,1207
"Hmgcll1",4,4,4,5,5,2,6,4
"Hmgcr",2900,4728,4142,4861,4469,2595,4678,4063
"Hmgcs1",4728,8806,6942,8585,8009,4867,9739,7606
"Hmgcs2",0,1,1,1,3,1,2,1
"Hmgn1",6269,10268,11755,12059,10227,5829,10409,11746
"Hmgn2",1676,2801,3201,3533,2498,1502,3248,3250
"Hmgn3",752,1356,1398,1455,1263,789,1488,1414
"Hmgn5",25,90,74,63,86,57,109,104
"Hmgxb3",1049,2328,2351,1982,2203,985,2172,2092
"Hmgxb4",741,1321,1077,1424,1305,779,1427,1265
"Hmha1",7,23,18,15,56,15,24,16
"Hmmr",702,1337,891,1259,776,813,1743,1099
"Hmox1",1100,3678,3310,2395,8088,1173,2336,2841
"Hmox2",1081,1827,1940,1776,2039,1020,1589,1740
"Hmx2",19,23,31,28,24,14,20,25
"Hn1",4153,6793,8179,7649,6413,3960,6951,7709
"Hn1l",1868,2622,2848,3165,2511,1496,2715,2759
"Hnf1a",2,4,2,2,3,0,1,1
"Hnf1b",1,2,0,4,3,0,3,4
"Hnf4a",1,3,0,2,0,0,6,0
"Hnf4aos",1,2,0,1,1,4,2,1
"Hnmt",3,18,11,8,18,7,15,9
"Hnrnpa0",6212,10536,11976,12793,11277,5792,10981,12723
"Hnrnpa1",125,145,150,187,160,148,203,177
"Hnrnpa2b1",9839,17878,16717,19845,16818,11451,22048,19459
"Hnrnpa3",555,1040,700,1011,809,733,1354,1078
"Hnrnpab",14271,23254,27642,26788,25710,13393,24053,27249
"Hnrnpc",6305,9823,11006,11054,10105,6207,10297,10706
"Hnrnpd",3003,4828,5535,6235,5269,3127,5770,6209
"Hnrnpdl",3426,6194,8188,8676,7283,3883,8666,9768
"Hnrnpf",6511,6709,7300,7527,7019,6027,6940,7163
"Hnrnph1",6124,10720,11313,13023,10025,6458,13780,12839
"Hnrnph2",3020,5319,4614,5622,4958,3044,6188,5409
"Hnrnph3",150,217,215,240,202,192,275,246
"Hnrnpk",17429,28274,32051,32666,29024,16049,30507,32518
"Hnrnpl",5950,9551,11164,10981,9703,5539,9601,10793
"Hnrnpll",1704,3170,3284,3678,3214,1726,3826,3713
"Hnrnpm",4022,7190,6388,7976,6440,4201,8480,7324
"Hnrnpr",2608,4616,4699,5280,4485,2734,5653,5257
"Hnrnpu",8336,17009,15704,19423,17032,10308,21533,19806
"Hnrnpul1",3899,6297,6420,6788,5867,3176,6309,6205
"Hnrnpul2",2639,4677,5069,5364,4673,2752,5337,5138
"Hoga1",74,140,109,125,144,70,120,119
"Homer1",316,767,508,684,544,376,916,667
"Homer3",606,1218,1094,975,1291,571,1047,968
"Homez",236,390,507,418,501,228,475,452
"Hook1",5,7,4,8,5,5,4,3
"Hook2",425,844,751,759,969,424,753,729
"Hook3",703,2342,1215,1444,1579,942,2411,1477
"Hopx",380,600,809,785,445,294,610,712
"Hormad2",6,7,8,8,7,9,5,3
"Hotair",54,153,172,190,151,77,225,235
"Hotairm1",58,95,103,113,115,65,84,110
"Hoxa1",84,150,184,158,144,81,160,152
"Hoxa10",980,1793,2184,2114,2124,930,1875,2201
"Hoxa11",569,1015,1352,1130,1348,533,1039,1260
"Hoxa11os",502,1000,1101,980,1276,431,798,1010
"Hoxa13",38,60,74,75,59,40,63,73
"Hoxa2",24,57,35,52,46,27,64,50
"Hoxa3",60,108,95,120,106,66,113,120
"Hoxa4",20,29,31,32,33,18,25,34
"Hoxa5",80,142,141,166,146,98,186,163
"Hoxa6",15,30,34,27,25,25,49,35
"Hoxa7",187,256,361,359,320,174,319,366
"Hoxa9",429,748,976,966,951,473,944,1029
"Hoxaas2",15,31,34,28,30,30,34,25
"Hoxaas3",10,9,12,14,12,3,11,10
"Hoxb13",0,0,2,1,1,1,0,1
"Hoxb2",1,1,2,1,0,0,1,1
"Hoxb3",7,28,17,15,20,14,28,22
"Hoxb4",16,17,34,34,28,19,19,39
"Hoxb5",3,2,0,7,2,2,0,7
"Hoxb6",4,4,3,4,2,1,6,1
"Hoxb7",0,4,4,1,3,1,5,5
"Hoxb8",1,0,0,1,1,0,0,0
"Hoxc10",1073,1875,2058,2004,1731,987,1921,1981
"Hoxc11",336,637,760,691,676,327,662,734
"Hoxc12",35,49,56,62,26,17,69,54
"Hoxc13",331,603,774,710,713,330,675,759
"Hoxc4",180,370,326,373,384,220,388,386
"Hoxc5",31,48,94,86,67,42,95,101
"Hoxc6",209,492,449,478,596,266,569,567
"Hoxc8",21,41,51,57,59,29,60,63
"Hoxc9",317,631,799,729,683,389,684,799
"Hp",17,431,77,34,3184,20,33,54
"Hp1bp3",5084,8870,10427,10043,10098,4754,9405,9974
"Hpca",0,0,1,0,2,0,2,0
"Hpcal1",1337,2528,2345,2262,2607,1343,2104,2184
"Hpdl",14,21,39,21,20,17,38,28
"Hpgd",156,339,398,470,337,129,354,465
"Hpgds",0,1,0,3,1,1,3,4
"Hpn",0,0,3,0,1,0,3,0
"Hprt",2492,4094,4090,4718,4504,2258,4379,4335
"Hps1",411,940,618,694,961,403,618,620
"Hps3",327,639,714,713,800,357,716,742
"Hps4",411,735,675,783,703,357,693,750
"Hps5",849,1643,1650,1735,1630,758,1609,1709
"Hps6",525,972,939,938,914,461,838,880
"Hpse",633,1074,1091,1191,1812,518,910,1070
"Hpx",3,10,13,9,9,2,11,9
"Hr",1051,1447,1705,1855,1424,903,1724,1610
"Hras",973,1911,2228,1877,1959,985,1898,2128
"Hrasls",6,8,13,10,6,10,13,12
"Hrc",1494,2933,4441,3136,2554,1896,4124,4173
"Hrct1",11,32,33,28,21,8,29,29
"Hrg",0,3,0,1,2,1,0,1
"Hrh1",13,28,12,25,15,13,22,20
"Hrh3",7,2,9,10,7,11,12,11
"Hrsp12",325,598,574,650,653,355,609,574
"Hs1bp3",979,2166,2106,1897,2497,867,1727,1989
"Hs2st1",3980,7547,7507,7753,6830,3818,7604,7483
"Hs3st1",41,76,46,65,77,33,45,44
"Hs3st3a1",89,136,107,156,145,82,153,135
"Hs3st3b1",48,84,90,93,65,42,106,85
"Hs3st5",3,15,7,6,7,5,10,7
"Hs6st1",1938,3688,3275,3436,3435,1896,3090,3057
"Hs6st2",1,4,1,4,4,1,7,5
"Hsbp1",2653,4910,5487,5126,4982,2402,4559,5218
"Hsbp1l1",3,3,2,2,3,5,7,4
"Hscb",133,335,328,281,405,158,252,298
"Hsd11b1",1703,5723,5978,4580,7588,2283,3881,5670
"Hsd11b2",5,13,15,14,4,8,15,17
"Hsd17b1",5,6,11,13,34,5,10,15
"Hsd17b10",1179,2231,2640,2343,2378,1065,2097,2372
"Hsd17b11",636,1444,1349,1303,1818,600,1103,1262
"Hsd17b12",2769,5722,5153,5063,7245,2582,4496,4790
"Hsd17b13",5,5,3,7,10,3,16,15
"Hsd17b14",6,22,9,11,32,5,8,12
"Hsd17b4",2665,5167,5889,5562,5121,2463,4963,5568
"Hsd17b7",787,1511,1340,1574,1586,822,1596,1503
"Hsd3b3",0,5,2,1,2,1,4,0
"Hsd3b4",0,1,0,0,1,0,1,0
"Hsd3b7",402,1201,980,835,1528,509,863,964
"Hsdl1",431,942,900,796,951,405,714,786
"Hsdl2",1045,1912,1820,2104,1734,1043,2148,1984
"Hsf1",1341,2479,2694,2409,2468,1297,2340,2265
"Hsf2",768,1533,1474,1522,1463,738,1706,1568
"Hsf2bp",78,105,142,146,96,73,133,149
"Hsf4",157,265,317,253,269,143,274,259
"Hsf5",1,4,1,3,1,3,4,3
"Hsh2d",1,1,1,1,0,1,2,1
"Hsp90aa1",8607,19019,11534,14976,13779,10917,20732,14543
"Hsp90ab1",61863,111995,116772,113787,110330,57011,104321,111599
"Hsp90b1",16706,48652,28222,37213,50673,21152,44059,35041
"Hspa12a",863,1583,1272,1626,1518,867,1848,1445
"Hspa12b",119,174,166,192,186,113,168,175
"Hspa13",1580,4390,3087,3753,3918,1910,4578,3670
"Hspa14",1239,2069,2404,2433,2371,1228,2326,2443
"Hspa1a",116,251,230,226,271,143,180,201
"Hspa1b",872,1684,1644,1516,1568,896,1469,1444
"Hspa1l",59,137,137,126,142,87,144,144
"Hspa2",505,891,818,868,771,427,838,805
"Hspa4",6502,13149,12651,14664,12799,7336,16793,14957
"Hspa4l",1147,2548,2415,2539,2816,1458,3411,2612
"Hspa5",19452,55130,37677,40790,73076,21020,40752,40300
"Hspa8",31858,49818,51514,49641,49818,29993,45277,49334
"Hspa9",14174,29523,32765,28904,37104,13598,28537,31413
"Hspb1",4332,7694,6365,5980,6993,4343,5179,6091
"Hspb11",311,760,596,614,738,324,556,589
"Hspb2",477,492,748,575,471,551,636,696
"Hspb3",68,84,175,120,99,75,121,149
"Hspb6",631,948,1077,1107,858,585,957,1000
"Hspb7",589,955,1734,978,932,838,1445,1349
"Hspb8",3339,6696,8052,6137,6471,3389,6134,6919
"Hspb9",3,9,3,9,9,8,6,7
"Hspbap1",249,428,628,543,510,261,505,593
"Hspbp1",498,891,1045,946,1024,468,805,986
"Hspd1",6564,11421,13185,13929,13327,6566,14117,14684
"Hspe1",2178,4459,4732,4366,4815,2244,3928,4651
"Hspg2",24663,48778,37887,43686,37600,20086,41844,37277
"Hsph1",2858,5630,6055,5631,5716,3029,5965,5756
"Htatip2",55,158,121,97,147,43,112,111
"Htatsf1",768,2192,1568,2058,1785,1253,2930,2100
"Htr1b",8,12,13,17,20,13,16,15
"Htr1d",23,24,21,32,17,17,34,20
"Htr2a",2,24,6,6,16,13,19,7
"Htr2b",166,195,301,282,208,194,377,311
"Htr6",4,8,2,3,4,3,5,1
"Htr7",27,59,32,39,39,52,49,30
"Htra1",9803,18031,22164,19386,21805,11324,17392,20369
"Htra2",1080,1827,2291,1956,1933,983,1896,2028
"Htra3",1285,2427,2459,2497,1734,1135,2007,2396
"Htra4",5,3,9,11,18,1,3,9
"Htt",1467,2813,2840,2819,2745,1307,2856,2695
"Hunk",24,36,34,44,26,17,57,44
"Hus1",328,664,548,712,577,366,750,708
"Hus1b",0,1,2,0,0,1,0,0
"Huwe1",5532,12056,10203,11638,10683,5470,13540,11172
"Hvcn1",18,61,31,31,52,25,26,26
"Hyal1",122,326,292,280,445,134,288,294
"Hyal2",770,1487,1894,1538,1575,787,1455,1749
"Hyal3",13,27,18,27,27,11,29,26
"Hydin",7,6,3,9,6,6,13,4
"Hyi",204,382,429,381,364,213,327,399
"Hykk",45,69,81,86,65,51,101,84
"Hyls1",316,441,429,533,402,289,560,449
"Hyou1",4324,12114,8547,8462,12663,3796,7585,8042
"Hypk",1407,2737,3188,2889,2719,1582,3032,3256
"I830077J02Rik",1,1,1,1,0,1,2,0
"Iah1",391,735,818,685,719,399,623,673
"Iapp",0,1,1,0,0,0,1,1
"Iars",3532,7207,7824,7057,8164,3602,7577,7671
"Iars2",1917,3607,4142,3955,4114,1767,3739,4109
"Iba57",160,313,299,261,312,146,288,215
"Ibtk",1262,2957,2367,2917,2707,1638,3844,3053
"Ica1",332,652,515,584,671,281,463,459
"Ica1l",9,24,14,12,8,10,10,8
"Icam1",3,4,6,6,3,0,4,3
"Icam2",3,0,3,3,1,0,1,0
"Icam4",11,10,10,14,10,14,8,10
"Icam5",20,37,46,38,34,22,39,33
"Ice1",1803,3863,3241,3778,3732,1989,4555,3602
"Ice2",166,543,423,480,476,284,716,541
"Ick",676,1438,1390,1581,1605,697,1658,1640
"Icmt",2366,4755,4504,4419,4874,2264,4116,4227
"Icosl",1,1,1,1,4,2,0,1
"Ict1",588,1165,1232,1115,1284,602,993,1179
"Id1",707,1197,1055,1187,1037,623,1080,1064
"Id2",1341,2026,1446,1976,1626,1249,1711,1521
"Id3",2115,3243,3303,3782,2179,1556,2851,3189
"Id4",6,4,3,7,4,5,6,2
"Ide",1719,3915,3482,3863,3660,1906,4465,3923
"Idh1",5294,9740,10769,10455,9793,4443,9384,10301
"Idh2",3758,6918,7798,7249,6446,3466,6140,7268
"Idh3a",2508,4140,5196,5086,4259,2494,5211,5360
"Idh3b",1973,3721,4004,3733,3679,1756,3539,3801
"Idh3g",2225,4336,5023,4335,4001,2278,4168,4571
"Idi1",958,1282,862,1211,1065,955,1441,974
"Idnk",224,391,450,404,459,242,350,401
"Ido1",0,1,3,0,1,0,1,0
"Ido2",0,4,3,4,8,1,1,5
"Ids",1397,3448,2125,2954,2681,1709,3662,2640
"Idua",148,372,332,287,365,178,351,306
"Ier2",3079,4906,2339,4145,3754,2230,3242,2309
"Ier3",1351,3225,1380,1974,7622,1156,1511,1254
"Ier3ip1",1479,2711,2875,3025,3056,1555,2836,3163
"Ier5",1910,3071,3295,3411,3513,1858,2976,3119
"Ier5l",406,776,750,777,727,381,655,755
"Iffo1",2971,5371,6934,5922,4640,3215,6151,6583
"Iffo2",1175,2090,1783,2082,1862,1024,1893,1818
"Ifi202b",862,2138,1132,1823,1995,1098,2211,1615
"Ifi203",227,565,301,494,524,331,576,435
"Ifi204",744,1700,952,1397,1698,889,1718,1173
"Ifi205",2,6,2,4,3,4,5,2
"Ifi27",2755,4471,4069,4423,4543,3092,3891,3987
"Ifi27l2a",33,62,39,51,48,46,39,48
"Ifi30",587,1194,1233,1098,1183,678,1019,1151
"Ifi35",453,782,865,832,803,447,703,805
"Ifi44",14,46,13,21,73,38,42,21
"Ifi44l",3,0,0,4,2,4,3,2
"Ifi47",102,193,110,162,175,119,146,130
"Ifih1",99,209,99,156,176,107,178,106
"Ifit1",43,148,36,63,206,131,133,53
"Ifit1bl1",2,7,6,4,4,2,8,5
"Ifit1bl2",0,5,2,2,2,4,9,2
"Ifit2",334,956,612,773,745,450,1150,777
"Ifit3",87,187,60,120,290,179,122,91
"Ifit3b",21,61,24,40,91,47,46,34
"Ifitm1",105,260,158,207,329,113,150,184
"Ifitm10",101,112,115,143,122,118,133,131
"Ifitm2",2902,7751,6858,6220,9493,3046,5389,6811
"Ifitm3",4759,11202,9071,8478,14620,4651,7388,8660
"Ifitm5",7,9,29,16,16,3,29,15
"Ifitm6",9,39,16,13,39,10,14,19
"Ifna13",1,0,1,1,0,0,0,0
"Ifnar1",1947,3890,3977,3927,4320,1795,3596,3807
"Ifnar2",1208,2669,2700,2587,3576,1140,2109,2606
"Ifne",0,0,1,0,1,0,1,0
"Ifng",0,4,3,1,1,5,2,1
"Ifngr1",1706,3075,2801,3026,3148,1541,2705,2773
"Ifngr2",1514,2923,3145,3010,2999,1465,2713,3048
"Ifnlr1",3,12,14,8,9,7,8,12
"Ifnz",1,6,8,3,7,1,9,9
"Ifrd1",1576,2629,2636,2878,5082,1575,2614,2687
"Ifrd2",436,713,850,856,757,408,754,856
"Ift122",985,2180,2014,1864,1993,888,1805,1783
"Ift140",716,1400,1328,1298,1269,582,1236,1198
"Ift172",892,2072,1603,1684,1844,816,1705,1534
"Ift20",789,1485,1413,1461,1467,816,1404,1380
"Ift22",316,698,620,627,660,367,587,637
"Ift27",374,771,783,738,782,403,674,737
"Ift43",866,1383,1407,1480,1511,818,1172,1373
"Ift46",1266,2585,2881,2583,2792,1131,2289,2616
"Ift52",924,1857,1789,1752,1820,826,1607,1718
"Ift57",709,1300,1391,1484,1416,675,1442,1461
"Ift74",251,684,489,523,574,328,810,557
"Ift80",739,1903,1200,1725,1519,985,2309,1601
"Ift81",376,1063,643,904,890,531,1191,969
"Ift88",269,574,511,584,561,309,617,568
"Igbp1",1300,2727,2603,2448,2798,1279,2274,2502
"Igdcc4",1319,2818,2890,2947,2145,1165,2768,2924
"Igf1",1257,2327,2204,2724,1458,1415,3630,2762
"Igf1r",1342,3149,2063,2766,2670,1475,3010,2435
"Igf2",10675,15964,29833,24838,14523,10707,28341,29895
"Igf2bp1",4,5,5,5,2,4,6,5
"Igf2bp2",868,2994,1681,1852,3689,1009,1807,1823
"Igf2bp3",32,71,40,50,46,26,70,38
"Igf2os",14,19,37,35,19,19,49,39
"Igf2r",3664,8202,6708,6971,7108,3053,7229,6420
"Igfals",2,6,8,5,2,5,5,2
"Igfbp1",0,1,1,0,0,1,0,2
"Igfbp2",7092,14507,11188,12748,9081,5458,9661,10624
"Igfbp3",187,185,274,331,281,124,291,276
"Igfbp4",6308,15999,22660,17305,21208,6163,13094,21139
"Igfbp5",28555,62003,57862,53633,52159,32136,66339,57834
"Igfbp6",1939,3612,4726,4021,3605,1718,3148,4322
"Igfbp7",11084,16006,18650,18523,14395,11331,17418,18039
"Igflr1",24,43,48,45,59,23,52,54
"Igfn1",34,70,97,75,31,38,108,89
"Ighmbp2",352,737,738,649,750,325,693,654
"Igip",42,133,77,90,111,74,146,120
"Igll1",2,1,4,2,0,1,3,2
"Iglon5",77,116,84,117,113,74,93,87
"Igsf1",0,0,1,0,1,1,0,0
"Igsf10",374,929,785,955,765,383,1038,937
"Igsf11",32,77,72,71,83,35,65,70
"Igsf23",1,5,2,1,4,2,5,3
"Igsf3",1956,3939,3793,4078,4103,1708,3471,3869
"Igsf5",14,24,21,19,27,26,21,16
"Igsf6",2,8,4,7,4,4,14,7
"Igsf8",1671,3033,3366,3099,3265,1503,2570,3087
"Igsf9",41,54,42,59,26,30,51,43
"Igsf9b",1,7,1,3,0,4,5,2
"Igtp",109,189,192,214,219,138,188,208
"Ihh",1,5,5,5,2,2,5,6
"Iigp1",18,22,3,25,30,29,27,10
"Ik",2682,5091,5514,5771,5337,2959,5982,5921
"Ikbip",2408,4840,3958,5035,4266,2591,5519,4728
"Ikbkap",1467,2747,3216,3034,2578,1379,3108,3173
"Ikbkb",1198,2319,2485,2295,2474,1188,2331,2263
"Ikbke",203,493,409,416,577,185,351,394
"Ikbkg",1513,3978,3725,3307,4470,1632,3478,3623
"Ikzf1",0,2,1,0,0,0,1,0
"Ikzf2",140,421,262,341,258,189,563,349
"Ikzf4",2,5,4,14,10,7,5,14
"Ikzf5",432,887,610,767,710,539,1105,709
"Il10rb",654,1394,1396,1283,1547,626,1172,1270
"Il11",20,25,36,36,42,22,37,42
"Il11ra1",315,524,575,544,498,311,413,550
"Il12a",165,272,220,276,201,133,261,222
"Il12b",1,1,2,1,15,0,0,0
"Il12rb1",61,171,145,127,191,72,162,144
"Il12rb2",8,10,13,18,12,15,21,18
"Il13ra1",1895,4064,3295,3920,6489,1789,3832,3710
"Il13ra2",48,384,163,176,1310,84,171,206
"Il15",45,62,72,72,64,48,68,77
"Il15ra",13,23,25,26,19,13,29,25
"Il16",43,113,90,84,106,32,90,70
"Il17b",5,4,11,10,2,5,4,10
"Il17c",1,3,0,1,2,2,0,0
"Il17d",6,8,10,16,8,6,11,15
"Il17ra",1009,1766,1423,1728,1865,921,1573,1453
"Il17rb",0,5,3,1,5,1,3,3
"Il17rc",1071,2028,2100,2043,2147,950,1834,1920
"Il17rd",556,898,907,976,809,416,911,832
"Il17re",18,22,30,30,15,17,26,26
"Il18",186,400,311,342,276,187,302,292
"Il18bp",21,46,45,38,36,33,50,39
"Il18r1",2,0,3,3,3,0,0,3
"Il18rap",196,241,365,393,452,175,376,373
"Il19",1,4,1,1,2,0,3,1
"Il1a",11,35,20,21,151,21,29,24
"Il1b",52,115,185,105,136,92,173,196
"Il1bos",0,1,1,1,0,0,0,2
"Il1f10",2,3,0,2,10,0,0,0
"Il1f8",0,1,0,0,1,1,0,0
"Il1f9",8,30,6,12,209,7,4,6
"Il1r1",1840,3883,3467,4407,4547,1776,3912,4096
"Il1r2",2,6,2,3,6,3,3,4
"Il1rap",300,821,402,617,929,382,757,543
"Il1rl1",134,219,428,424,825,153,308,472
"Il1rn",405,702,800,761,543,243,664,733
"Il2",1,4,3,4,3,0,3,1
"Il20rb",25,36,46,34,28,28,48,28
"Il21r",5,6,9,7,8,14,17,14
"Il22ra1",1,0,1,1,0,0,2,0
"Il23a",0,1,1,0,2,0,1,1
"Il23r",9,17,5,14,7,11,28,6
"Il25",2,1,0,2,0,0,1,0
"Il27",0,4,0,1,0,1,3,1
"Il27ra",66,109,110,133,82,37,85,114
"Il2rb",42,90,71,74,58,25,73,72
"Il2rg",219,461,283,352,309,239,335,314
"Il33",570,1471,832,1232,1563,569,1192,1146
"Il34",257,452,346,377,397,241,375,311
"Il3ra",372,761,673,660,891,335,555,590
"Il4i1",3,6,3,6,1,1,2,2
"Il4ra",2836,6430,5951,5456,8507,2758,5214,5521
"Il5",0,0,1,0,2,0,1,0
"Il6",53,191,61,133,1062,64,94,117
"Il6ra",176,431,399,418,523,166,365,387
"Il6st",5184,11951,10480,10850,12516,4531,10320,10484
"Il7",32,69,47,62,55,36,87,48
"Ildr2",251,671,427,520,509,275,590,481
"Ilf2",2047,3627,4400,4006,3936,1969,3740,4130
"Ilf3",2762,4558,5130,5226,4784,2345,4770,5003
"Ilk",5363,8128,9266,9106,7874,5163,7619,8605
"Ilkap",1228,2067,2434,2349,2186,1178,2148,2427
"Ilvbl",942,1957,1824,1752,2172,834,1623,1690
"Immp1l",410,825,837,812,814,442,714,859
"Immp2l",63,104,141,105,136,73,87,103
"Immt",3917,6804,8031,7492,7602,3600,7210,7598
"Imp3",441,904,1003,931,1171,480,776,990
"Imp4",612,1112,1180,1101,1142,563,1006,1029
"Impa1",1271,2174,2357,2441,2387,1310,2408,2332
"Impa2",247,315,400,445,335,190,346,383
"Impact",1554,4007,3373,3569,4266,1891,4153,3887
"Impad1",1510,4756,3044,3951,3542,1978,6038,4023
"Impdh1",2570,4971,5119,4801,4705,2692,4407,4968
"Impdh2",4231,6436,8014,7739,6644,3802,6466,7633
"Impg2",7,31,7,19,13,10,23,15
"Ina",2,2,0,2,0,0,1,0
"Inadl",541,1090,1342,1067,937,577,1154,1175
"Inafm1",157,345,315,328,375,185,295,349
"Inafm2",903,1807,2174,2001,2254,938,1762,2205
"Inca1",35,71,56,62,45,24,65,71
"Incenp",1750,2217,2319,2871,2078,1460,2548,2280
"Inf2",4235,7753,8053,8150,8425,3776,7127,8017
"Ing1",1202,2028,2285,2284,2225,1095,2141,2351
"Ing2",262,470,531,511,480,266,477,491
"Ing3",328,709,559,674,709,439,859,656
"Ing4",987,2096,2153,1910,2124,963,1783,1896
"Ing5",301,497,589,608,602,262,583,599
"Inha",47,104,100,94,116,58,122,104
"Inhba",152,471,300,333,354,213,665,330
"Inhbb",8000,18811,19944,17700,18485,7749,15254,18385
"Inip",455,736,915,987,960,483,894,1030
"Inmt",0,2,0,2,6,3,1,1
"Ino80",729,1705,1348,1712,1812,859,1934,1671
"Ino80b",371,764,791,678,804,336,694,735
"Ino80c",988,1796,1818,1801,1865,905,1835,1769
"Ino80d",449,1614,733,1142,1177,726,1931,1086
"Ino80dos",22,44,32,49,37,28,54,54
"Ino80e",547,722,727,732,750,470,656,742
"Inpp1",202,402,443,422,441,183,388,438
"Inpp4a",393,908,706,757,759,457,847,699
"Inpp4b",214,492,434,446,314,291,835,582
"Inpp5a",746,1416,1333,1301,1567,661,1113,1202
"Inpp5b",892,1630,1729,1726,1851,776,1574,1690
"Inpp5d",14,25,16,18,18,11,22,18
"Inpp5e",516,1067,1018,956,1045,499,904,944
"Inpp5f",496,1092,816,1143,978,609,1233,1079
"Inpp5j",8,21,21,17,17,8,20,15
"Inpp5k",759,1773,1616,1516,1842,712,1436,1663
"Inppl1",5965,11102,12489,10636,10084,5865,11511,10947
"Ins2",13,51,31,26,33,23,33,31
"Insc",213,198,160,285,195,169,255,166
"Insig1",1516,2905,1652,2028,3322,1275,1857,1680
"Insig2",2163,4860,4520,4833,5922,2183,4395,4873
"Insl6",6,15,21,14,15,8,15,16
"Insr",933,2533,1995,2164,2386,1118,2519,2219
"Ints1",1437,2938,2811,2801,2711,1254,2595,2701
"Ints10",847,1607,1517,1583,1759,825,1586,1483
"Ints12",497,976,850,987,1062,569,1127,978
"Ints2",515,1201,1011,1223,997,655,1534,1276
"Ints3",1939,3439,3510,3568,3328,1609,3200,3272
"Ints4",1042,1757,1955,1938,1776,870,1793,1903
"Ints5",543,1045,1095,1049,992,521,1005,1089
"Ints6",472,994,817,1045,871,534,1203,1039
"Ints7",1422,2494,2345,2593,2406,1234,2362,2323
"Ints8",1059,2266,1864,2217,1862,1169,2824,2137
"Ints9",718,1287,1311,1298,1251,661,1285,1192
"Intu",183,508,405,397,441,260,542,441
"Invs",488,917,834,874,935,455,899,802
"Ip6k1",2723,5888,5778,5516,5784,2344,4962,5590
"Ip6k2",721,1152,1557,1454,1458,684,1347,1553
"Ip6k3",780,1490,1543,1325,1150,733,1447,1344
"Ipcef1",0,2,0,1,1,1,3,1
"Ipmk",691,1543,1415,1448,1757,717,1595,1472
"Ipo11",1168,2172,2018,2479,1898,1073,2595,2420
"Ipo13",1283,2367,2876,2511,2587,1219,2368,2619
"Ipo4",2692,5069,5454,5265,5414,2401,4633,5218
"Ipo5",6002,10638,11447,12134,11812,5425,11404,11868
"Ipo7",1757,4416,3235,4189,3565,2213,6069,4355
"Ipo8",1851,3587,3757,3723,3658,1798,3945,3677
"Ipo9",4458,7536,7945,8216,7309,3826,7942,7708
"Ipp",348,682,619,628,622,325,693,621
"Ippk",484,864,1015,925,890,456,853,929
"Iqca",1,2,1,2,3,0,4,2
"Iqcb1",223,481,466,513,477,240,534,548
"Iqcc",412,626,704,647,682,391,667,657
"Iqcd",15,36,29,25,33,12,28,26
"Iqce",415,857,846,825,942,397,761,819
"Iqcf5",0,0,0,1,0,0,1,1
"Iqcg",17,51,37,36,42,26,56,40
"Iqch",0,3,3,6,3,1,4,4
"Iqck",17,40,33,24,37,12,36,25
"Iqgap1",7368,14105,11700,14184,13660,7245,14143,12671
"Iqgap2",2,4,6,9,8,5,9,12
"Iqgap3",1508,2095,1836,2451,1541,1088,2106,1946
"Iqsec1",2169,4294,4003,4078,4090,2024,3844,3825
"Iqsec2",613,1245,1328,1220,1159,547,1205,1247
"Iqsec3",42,30,69,60,43,61,65,56
"Iqub",0,1,0,0,2,0,0,3
"Irak1",2344,4298,4240,4397,4304,2142,4139,4250
"Irak1bp1",268,509,513,578,652,285,522,600
"Irak2",527,1209,1198,1097,1311,597,1038,1170
"Irak3",82,161,155,165,175,78,165,164
"Irak4",307,587,523,579,594,325,519,578
"Ireb2",1161,3562,2041,2650,2364,1643,4488,2655
"Irf1",1135,2168,2446,2267,2208,1219,2162,2300
"Irf2",636,1159,1297,1353,1346,648,1226,1408
"Irf2bp1",888,1526,1599,1603,1573,808,1387,1473
"Irf2bp2",1705,3055,2213,2752,3098,1604,2326,2206
"Irf2bpl",4100,7087,5954,6889,6837,3713,6462,5826
"Irf3",873,1441,1831,1578,1448,799,1587,1563
"Irf4",1,0,1,4,2,2,1,3
"Irf5",53,76,81,89,80,53,83,82
"Irf6",63,129,108,100,81,57,92,69
"Irf7",73,178,88,113,198,97,116,81
"Irf9",429,916,685,754,1122,473,656,694
"Irgc1",1,1,1,3,0,0,2,2
"Irgm1",941,1533,1222,1577,1567,1037,1520,1327
"Irgm2",117,230,167,210,301,178,213,217
"Irgq",1199,2659,2673,2278,2520,1126,2354,2445
"Irs1",2992,5644,4797,5794,4250,3049,6225,5325
"Irs2",296,616,390,439,545,248,472,330
"Irs3",7,19,25,22,17,13,18,24
"Irx2",158,242,350,320,340,148,261,324
"Irx3",596,830,921,983,716,572,978,875
"Irx5",370,564,623,680,536,345,670,676
"Isca1",1667,2419,2609,2570,2255,1447,2489,2546
"Isca2",522,971,1139,958,1066,563,953,1024
"Iscu",1130,2388,2694,2197,2458,1240,2041,2409
"Isg15",110,210,140,177,268,174,138,139
"Isg20",255,487,423,433,468,236,354,368
"Isg20l2",1678,2743,3066,3010,2755,1509,2756,2912
"Isl1",2,1,0,2,1,0,3,1
"Isl2",104,147,214,173,145,82,162,160
"Islr",14343,20012,27845,28230,14580,10873,23591,27769
"Islr2",48,89,96,84,50,43,105,76
"Ism1",37,78,62,60,101,18,58,60
"Ism2",29,55,40,58,28,29,55,53
"Isoc1",692,1216,1195,1426,1245,692,1359,1367
"Isoc2a",169,337,340,312,349,144,304,281
"Isoc2b",16,26,38,32,28,10,19,26
"Ispd",120,173,206,224,207,117,219,205
"Israa",1,0,0,1,1,1,0,0
"Ist1",1723,2861,3065,2895,2814,1605,2844,2837
"Isx",50,69,130,83,70,67,112,115
"Isy1",711,1511,1616,1506,1454,792,1470,1601
"Isyna1",1068,1960,1990,1852,2074,871,1654,1748
"Itch",1511,3469,2522,3563,2968,1838,4425,3460
"Itfg1",5555,11001,11132,11551,11719,5206,11105,11573
"Itfg2",436,849,871,874,902,422,733,872
"Itfg3",2709,5432,5404,5025,4998,2387,4622,5038
"Itga1",100,186,137,202,127,74,225,184
"Itga10",294,728,556,489,367,261,504,459
"Itga11",2468,3712,3116,3938,3021,2265,3792,3052
"Itga2",1,1,0,1,1,2,0,1
"Itga2b",78,146,128,138,119,89,134,135
"Itga3",2441,4176,5219,5131,3832,1858,4248,4952
"Itga4",271,822,491,493,524,393,947,504
"Itga5",7690,14615,16395,15489,14264,7594,14100,15658
"Itga6",1477,3221,3666,3565,2621,1722,4196,3900
"Itga7",23265,51631,51939,44495,42815,22721,45836,46939
"Itga8",29,50,35,62,32,18,63,51
"Itga9",12,9,39,25,9,14,23,28
"Itgad",0,2,0,1,1,9,2,0
"Itgae",11,15,20,16,27,7,23,12
"Itgal",2,4,9,6,2,3,8,5
"Itgam",5,13,14,8,8,12,18,11
"Itgav",3937,10234,6609,9008,8469,5071,12018,8577
"Itgb1",28121,51483,51259,55177,50844,29009,58236,53789
"Itgb1bp1",689,1375,1544,1347,1864,712,1304,1482
"Itgb1bp2",1323,1838,3248,2411,1884,1623,2878,2996
"Itgb2",22,92,30,34,118,33,36,35
"Itgb2l",0,3,0,1,0,0,1,1
"Itgb3",960,2106,1677,1833,3008,793,1568,1648
"Itgb3bp",168,296,221,300,246,175,315,245
"Itgb4",157,276,234,224,235,162,229,163
"Itgb5",9121,21298,17432,16689,18088,8074,14891,16097
"Itgb6",215,433,400,394,310,290,558,395
"Itgb7",7,48,11,15,199,8,16,13
"Itgb8",27,137,75,70,61,27,125,82
"Itgbl1",46,75,71,88,50,39,92,75
"Itih1",3,4,3,6,7,4,5,3
"Itih2",17,31,15,27,38,17,18,27
"Itih3",3,4,5,7,5,4,6,4
"Itih4",5,14,9,9,14,5,6,12
"Itih5",11,39,18,30,31,7,37,26
"Itk",0,0,0,0,2,1,0,1
"Itln1",0,5,2,1,1,1,0,4
"Itm2a",69,145,150,106,158,166,168,103
"Itm2b",22538,46692,49430,46952,45935,21102,41543,49013
"Itm2c",5220,10640,11222,10203,11123,4509,8643,10360
"Itpa",1256,2145,2892,2433,2197,1213,2233,2601
"Itpk1",316,644,667,675,782,282,550,698
"Itpka",0,3,3,3,6,1,5,5
"Itpkb",485,717,844,903,642,425,870,824
"Itpkc",428,845,884,783,884,401,769,782
"Itpr1",597,1087,983,1165,1077,484,1154,1028
"Itpr2",541,1202,747,1064,1322,539,1148,910
"Itpr3",2405,5812,4509,4494,6356,2087,4322,4185
"Itprip",1919,3787,3948,3552,3803,1963,3760,3693
"Itpripl1",194,305,265,332,288,163,284,294
"Itpripl2",4814,8909,8003,8831,10294,4731,8760,8233
"Itsn1",2539,4058,4685,4912,4025,2443,4810,4578
"Itsn2",352,1088,621,754,756,480,1305,762
"Ivd",1023,2001,2339,2005,1874,950,1837,2073
"Ivns1abp",11694,23439,23623,23432,26932,13653,26965,24682
"Iws1",1217,2892,2091,2680,2445,1571,3515,2534
"Iyd",5,6,11,12,3,0,10,15
"Izumo1",0,0,0,1,1,1,1,0
"Izumo4",64,93,112,110,79,47,103,99
"Jade1",813,2160,1807,2033,1726,1238,2847,2065
"Jade2",440,841,632,826,918,302,661,665
"Jade3",120,301,216,261,286,137,344,251
"Jag1",476,707,639,831,729,477,829,718
"Jag2",907,1445,1226,1426,1070,776,1267,1144
"Jagn1",805,1478,1708,1538,1686,840,1364,1594
"Jak1",4245,8241,7187,8586,8791,4042,8443,8052
"Jak2",1147,3143,2023,2786,2811,1336,3509,2674
"Jak3",59,156,81,106,156,69,109,92
"Jakmip1",51,80,106,76,61,72,90,76
"Jakmip3",0,2,0,0,2,1,2,0
"Jam2",1606,3291,3139,3315,2570,1917,4238,3591
"Jam3",866,1424,1738,1669,1416,701,1496,1631
"Jarid2",360,766,912,904,747,450,936,1033
"Jazf1",35,75,47,80,82,54,93,83
"Jchain",3,4,4,6,2,0,4,3
"Jdp2",1918,3437,3263,3546,3181,1867,3000,3296
"Jkamp",720,1445,1364,1372,1482,816,1395,1447
"Jmjd1c",528,1797,984,1214,1363,795,2040,1308
"Jmjd4",415,691,824,746,745,453,808,767
"Jmjd6",1415,2667,2319,2441,2827,1299,2164,2221
"Jmjd7",2,0,3,0,0,1,0,1
"Jmjd8",263,469,391,416,431,227,409,368
"Jmy",918,2269,1610,2035,2014,1111,2553,1908
"Josd1",2474,4582,5368,5084,5221,2195,4574,5353
"Josd2",470,898,860,833,795,459,812,878
"Jph1",842,1619,1849,1677,1376,895,2326,1850
"Jph2",6356,11823,14398,12054,9232,5904,12168,12835
"Jph3",1,0,1,1,0,0,0,2
"Jph4",1,2,1,1,0,1,4,1
"Jpx",31,46,27,57,41,23,50,53
"Jrk",415,798,783,784,782,400,768,749
"Jrkl",92,316,220,238,252,118,407,290
"Jsrp1",1259,2521,2616,2179,1919,1288,2284,2283
"Jtb",815,1695,1973,1708,2163,877,1593,1924
"Jun",3492,7109,4598,5695,6544,3275,5307,4528
"Junb",8281,12858,9191,12227,12899,6894,10428,8732
"Jund",3250,7072,4974,5308,6380,3036,4607,4689
"Jup",3871,6852,7868,6676,5218,3778,7048,7152
"Kalrn",547,895,900,1021,1004,485,932,900
"Kank1",183,256,368,301,280,183,336,299
"Kank2",5563,9467,10531,10685,8605,5270,9954,10345
"Kank3",139,247,271,244,252,121,241,240
"Kank4",0,5,3,3,0,2,4,4
"Kank4os",15,20,21,27,26,17,22,28
"Kansl1",1088,2289,1831,2249,2229,1277,2800,2151
"Kansl1l",423,1058,771,877,746,498,1252,886
"Kansl2",4021,7030,7177,6506,8413,3877,6024,6586
"Kansl3",1625,3316,3959,3620,3927,1744,3577,3918
"Kantr",81,274,183,240,276,143,330,255
"Kars",3719,6875,8220,7367,6963,3597,6922,7772
"Kat2a",1279,2463,2774,2553,2635,1234,2406,2604
"Kat2b",1215,2421,2407,2719,2457,1213,2846,2679
"Kat5",892,1634,1614,1623,1751,804,1448,1511
"Kat6a",1284,3130,1975,2753,2513,1525,3599,2415
"Kat6b",510,1334,949,1199,1145,598,1417,1131
"Kat7",2868,5272,4996,5264,5005,2522,4735,4846
"Kat8",469,928,885,913,998,440,752,937
"Katna1",875,1609,1563,1607,1606,833,1590,1616
"Katnal1",542,1231,1039,1182,1205,685,1408,1175
"Katnal2",14,37,18,26,23,22,22,20
"Katnb1",835,1520,1750,1635,1603,754,1529,1661
"Katnbl1",776,1733,1671,1743,1447,977,2364,1907
"Kazald1",102,188,282,231,180,92,203,260
"Kbtbd11",607,1929,1273,1201,1991,539,1222,1210
"Kbtbd12",22,36,35,32,41,17,52,29
"Kbtbd13",1,2,6,1,4,2,3,7
"Kbtbd2",1493,2696,2594,2908,2859,1422,2929,2649
"Kbtbd3",59,129,110,113,119,60,140,112
"Kbtbd4",727,1449,1447,1397,1356,685,1269,1425
"Kbtbd6",11,27,16,20,20,18,32,18
"Kbtbd7",190,460,305,430,389,208,562,394
"Kbtbd8",21,55,28,40,50,23,91,54
"Kcmf1",2277,4328,4621,4309,4562,2311,4260,4362
"Kcna1",0,2,1,0,3,0,1,0
"Kcna3",0,2,0,0,0,0,1,1
"Kcna4",6,12,14,21,25,5,16,21
"Kcna6",1,3,0,6,0,2,3,8
"Kcna7",15,25,35,27,24,27,45,40
"Kcnab1",37,83,58,68,59,48,66,57
"Kcnab2",79,170,123,154,181,62,107,128
"Kcnab3",136,210,214,227,155,95,206,198
"Kcnb1",199,446,325,339,316,243,516,371
"Kcnc1",15,39,49,27,29,20,55,40
"Kcnc2",85,185,124,157,188,93,177,144
"Kcnc3",2,12,6,4,10,5,8,9
"Kcnc4",1,0,2,0,1,0,0,0
"Kcnd1",79,151,152,156,156,71,117,147
"Kcne2",1,1,1,2,1,1,1,1
"Kcne4",28,75,54,52,82,25,44,43
"Kcnf1",353,496,561,590,402,311,526,505
"Kcng2",2,1,2,3,1,2,3,2
"Kcnh1",109,176,142,149,134,110,161,118
"Kcnh2",277,347,358,452,245,220,400,322
"Kcnh3",2,5,1,4,1,0,1,2
"Kcnh4",1,0,0,1,1,0,0,0
"Kcnh5",1,1,0,1,0,0,0,0
"Kcnh7",6,15,8,8,5,2,8,6
"Kcnip2",0,0,1,1,4,3,1,2
"Kcnip3",8,7,8,12,11,3,7,6
"Kcnip4",6,13,12,13,9,6,13,12
"Kcnj11",2,3,7,3,2,6,7,9
"Kcnj12",184,322,245,250,255,234,339,225
"Kcnj13",1,3,5,3,2,3,4,3
"Kcnj14",1,0,2,0,1,2,0,1
"Kcnj15",1,1,2,1,1,2,1,0
"Kcnj16",15,34,20,31,33,15,29,33
"Kcnj2",200,507,345,428,431,228,585,414
"Kcnj3",0,0,0,0,3,0,1,2
"Kcnj4",3,4,2,3,2,1,2,3
"Kcnj6",0,0,2,0,2,0,1,3
"Kcnj8",0,0,1,0,2,2,0,0
"Kcnj9",0,1,5,1,1,0,2,1
"Kcnk10",1,0,0,1,0,0,0,3
"Kcnk12",11,29,11,14,19,16,24,16
"Kcnk13",44,58,57,66,35,56,68,54
"Kcnk2",177,307,223,276,314,170,291,188
"Kcnk4",4,10,8,7,9,2,16,12
"Kcnk5",206,370,334,353,506,176,313,319
"Kcnk6",24,35,40,33,30,16,30,29
"Kcnk7",9,5,4,8,4,6,5,2
"Kcnma1",6,10,5,6,29,3,8,1
"Kcnmb1",6,10,10,6,8,7,10,3
"Kcnmb2",1,1,0,2,1,2,1,2
"Kcnmb4",29,19,20,15,15,22,12,17
"Kcnmb4os1",0,1,1,0,0,1,2,0
"Kcnmb4os2",7,10,6,13,8,3,5,16
"Kcnn1",264,475,429,472,363,228,446,483
"Kcnn3",326,808,795,774,578,372,1095,828
"Kcnn4",550,1026,992,1017,1085,464,836,986
"Kcnq1",4,7,11,4,2,2,13,1
"Kcnq1ot1",5,28,28,19,30,3,44,28
"Kcnq4",844,1536,1467,1324,1070,807,1531,1279
"Kcnrg",4,14,7,13,14,7,26,18
"Kcnt2",4,4,1,6,3,2,5,3
"Kcnu1",9,17,18,18,18,12,16,22
"Kcp",48,61,77,95,54,35,98,93
"Kctd1",275,491,542,529,574,280,545,532
"Kctd10",3100,5410,6324,5823,5219,2439,5145,5815
"Kctd11",1944,2558,2723,3164,2583,1956,2885,2549
"Kctd12",72,146,107,161,99,79,240,170
"Kctd12b",52,123,96,124,80,45,174,126
"Kctd13",154,356,356,290,355,160,300,327
"Kctd14",24,21,31,38,22,7,25,27
"Kctd15",712,1297,1290,1372,1470,604,1137,1331
"Kctd16",0,0,0,1,0,4,0,1
"Kctd17",1881,3369,3390,3464,3246,1710,3032,3339
"Kctd18",364,661,701,758,724,362,701,726
"Kctd19",0,2,2,0,2,0,1,0
"Kctd2",686,1455,1564,1376,1622,701,1260,1458
"Kctd20",1543,2967,3066,2988,2828,1386,2908,2933
"Kctd21",105,235,260,206,251,108,208,253
"Kctd3",1297,2365,2413,2381,2436,1210,2367,2363
"Kctd5",2166,3644,4417,4150,3556,2200,3833,4164
"Kctd6",341,584,509,590,605,365,524,509
"Kctd7",319,597,774,682,520,269,687,701
"Kctd9",1459,2561,2769,2815,2493,1548,3050,2887
"Kdelc1",1175,1944,2346,2347,2188,1063,2197,2368
"Kdelc2",1014,1891,1608,2055,2080,1022,1974,1980
"Kdelr1",4130,7534,7463,7064,7686,3910,6187,6919
"Kdelr2",5077,9052,9260,9464,9485,4681,8181,9293
"Kdelr3",2818,5185,4889,4959,4899,2642,4317,4609
"Kdm1a",3443,6064,6765,6838,5978,3287,6382,6868
"Kdm1b",376,804,727,746,730,436,895,769
"Kdm2a",2490,5046,4753,5127,4928,2456,5675,5007
"Kdm2b",762,1114,1244,1224,1139,718,1123,1195
"Kdm3a",1467,3379,2459,3140,3585,1527,3284,2907
"Kdm3b",1850,3790,3492,3501,3634,1669,3560,3216
"Kdm4a",1999,4177,3880,3817,4524,1698,3509,3636
"Kdm4b",1355,3082,2136,2402,2935,1071,2139,2109
"Kdm4c",631,1434,1110,1424,1393,759,1617,1395
"Kdm4d",1,4,1,2,1,1,2,3
"Kdm5a",999,2969,1860,2457,2209,1296,3815,2455
"Kdm5b",1867,3622,4063,4004,4021,1822,3974,4125
"Kdm5c",4441,8395,7366,8058,7616,3788,7701,7206
"Kdm6a",575,1575,1199,1433,1312,760,2022,1479
"Kdm6b",1301,2897,2455,2560,2878,1401,2705,2549
"Kdm7a",341,1156,713,779,881,493,1446,860
"Kdm8",98,153,148,165,160,81,147,149
"Kdr",0,0,1,1,1,0,0,1
"Kdsr",606,1596,1384,1340,2336,727,1480,1466
"Keap1",1556,2956,3015,2928,3151,1382,2576,2908
"Khdrbs1",4438,7224,8291,9060,7705,4319,8423,9044
"Khdrbs3",286,478,373,472,415,271,461,413
"Khk",190,448,481,449,465,206,342,465
"Khnyn",619,1400,1113,1171,1325,572,1234,1062
"Khsrp",3298,5657,5479,5913,5842,3011,5232,5353
"Kidins220",3186,7230,7193,6987,6462,3526,8761,7592
"Kif11",864,1931,1009,1674,1011,1064,2641,1446
"Kif13a",1010,1866,1919,1904,1807,874,1977,1815
"Kif13b",449,1104,883,889,883,357,984,783
"Kif14",402,647,467,708,470,406,837,559
"Kif15",226,552,294,414,228,268,672,361
"Kif16b",510,1116,892,1089,1094,470,1233,1042
"Kif17",4,7,4,5,5,5,5,7
"Kif18a",88,216,136,181,83,86,276,177
"Kif18b",1088,1304,1329,1707,1014,844,1441,1292
"Kif19a",57,80,81,88,68,64,88,88
"Kif1a",33,127,139,111,227,25,108,145
"Kif1b",2954,7721,6423,6997,6544,3743,9792,7361
"Kif1bp",1552,2968,3001,2983,3126,1497,2770,2933
"Kif1c",6860,12589,13146,12253,11770,5843,11970,12239
"Kif20a",2552,3110,3396,4167,2714,1961,3748,3535
"Kif20b",86,200,182,180,124,116,227,215
"Kif21a",246,956,560,791,892,385,1154,841
"Kif21b",442,1098,1009,969,1417,365,924,965
"Kif22",1241,1443,1655,1954,1258,1036,1624,1586
"Kif23",1161,1738,1406,2042,1305,1159,2321,1667
"Kif24",416,655,779,810,468,381,925,824
"Kif26a",20,15,40,30,33,43,47,42
"Kif26b",888,1958,1328,1496,1489,719,1872,1216
"Kif27",6,8,5,9,10,5,10,6
"Kif2a",787,1756,1404,1723,1668,977,2216,1690
"Kif2c",1432,1793,1903,2357,1379,1072,2027,1919
"Kif3a",653,1934,1276,1536,1475,1004,2237,1613
"Kif3b",1466,2907,2860,2978,3023,1472,3095,2897
"Kif3c",1022,2175,2136,1987,2316,986,1858,2021
"Kif4",750,1253,827,1408,964,827,1584,1217
"Kif5a",31,60,79,70,59,26,80,80
"Kif5b",2050,6520,4228,4411,4243,2849,8059,5105
"Kif5c",503,867,870,978,788,601,1073,951
"Kif6",2,14,12,5,9,10,13,8
"Kif7",252,541,571,536,528,252,489,540
"Kif9",47,100,118,75,111,44,103,67
"Kifap3",2374,5281,4621,5178,4454,2179,5217,5062
"Kifc1",893,989,1024,1214,790,730,1023,923
"Kifc2",47,85,67,84,81,62,79,82
"Kifc3",2123,3550,4581,4056,3146,1995,4033,4269
"Kifc5b",526,603,589,741,493,455,651,607
"Kin",258,565,435,577,524,320,677,556
"Kirrel",5472,10435,9334,10430,10224,4642,9596,9274
"Kirrel3",212,245,420,432,254,168,392,457
"Kiss1",1,0,0,2,0,0,0,2
"Kiss1r",29,73,62,50,43,27,55,40
"Kitl",357,1750,588,821,1454,332,1122,776
"Kiz",525,1125,832,994,1020,516,998,915
"Klb",1,2,4,4,3,5,4,6
"Klc1",4995,8863,10363,9212,8509,4921,9112,9520
"Klc2",1287,2482,2621,2329,2472,1219,2297,2357
"Klc3",95,170,171,172,148,92,136,143
"Klc4",476,967,1080,933,1017,436,872,939
"Klf1",7,6,6,9,4,1,6,4
"Klf10",2293,3191,3110,3725,3045,2301,3912,3126
"Klf11",533,1095,903,1102,1083,525,1009,1024
"Klf12",15,40,32,38,49,19,49,44
"Klf13",2666,4216,3788,4459,3954,2511,4285,3551
"Klf15",15,52,19,24,114,12,19,20
"Klf16",663,1119,1052,1155,1102,561,942,1054
"Klf2",507,1175,713,828,1083,471,644,686
"Klf3",787,1930,1556,1686,1530,899,2118,1694
"Klf4",727,2252,919,1138,3083,883,1272,988
"Klf5",875,1393,1583,1575,1205,883,1924,1496
"Klf6",2763,7258,4235,5641,7035,3607,6765,5049
"Klf7",41,144,95,92,105,52,148,93
"Klf8",9,16,8,12,16,2,20,7
"Klf9",327,1126,658,723,1178,453,1108,813
"Klhdc1",163,388,289,325,359,185,380,318
"Klhdc10",2762,4962,6197,5734,4682,2653,5972,5912
"Klhdc2",2892,5141,6100,5565,5747,2773,5060,5678
"Klhdc3",1687,3203,3743,3142,3311,1704,3204,3282
"Klhdc4",608,1095,1260,1097,1129,612,1056,1083
"Klhdc7a",6,8,10,5,10,8,11,5
"Klhdc8a",1209,1814,1873,2053,1732,1042,1698,1832
"Klhdc8b",145,283,254,252,264,134,261,253
"Klhdc9",159,252,333,283,276,149,257,294
"Klhl1",1,0,0,1,1,0,0,0
"Klhl10",8,20,14,16,13,13,21,15
"Klhl11",97,213,170,216,172,100,269,215
"Klhl12",771,1499,1679,1548,1496,770,1547,1680
"Klhl13",554,1106,1154,1048,1050,786,1506,1180
"Klhl15",44,99,77,81,79,49,115,87
"Klhl17",391,753,770,793,776,429,712,798
"Klhl18",531,1075,1155,1047,1053,530,1043,1067
"Klhl2",569,1121,1129,1107,1131,544,1109,1104
"Klhl20",1057,1878,1958,2186,2010,1060,2124,2130
"Klhl21",1852,3747,4349,3715,4596,1810,3507,4013
"Klhl22",781,1394,1539,1544,1419,696,1334,1531
"Klhl23",244,368,400,486,272,200,440,435
"Klhl24",742,2680,1708,1993,2466,1240,3338,2228
"Klhl25",644,1143,1289,1243,1192,610,1105,1199
"Klhl26",1257,2125,2556,2419,2134,1193,2196,2492
"Klhl28",63,187,101,133,118,68,210,135
"Klhl29",1,4,1,3,1,0,7,4
"Klhl3",2,8,1,3,0,0,8,2
"Klhl30",2666,6745,6224,4479,4989,3075,5258,5249
"Klhl31",372,764,767,805,524,522,1140,946
"Klhl32",7,13,7,15,9,7,13,18
"Klhl33",51,119,119,115,84,68,151,109
"Klhl34",40,48,82,65,56,60,101,86
"Klhl36",75,160,150,128,122,67,133,104
"Klhl38",3,7,4,6,5,3,5,8
"Klhl40",638,1302,1461,1112,963,629,1402,1345
"Klhl41",6235,10759,15912,11933,9350,6667,14482,14468
"Klhl42",574,1050,1087,1228,1159,589,1189,1228
"Klhl5",1488,2610,2888,2981,2662,1344,2773,2939
"Klhl6",3,11,5,7,7,2,9,9
"Klhl7",773,1626,1484,1830,1619,893,2029,1882
"Klhl8",322,635,811,681,631,316,654,745
"Klhl9",1298,3254,2315,3109,2695,1906,3930,3237
"Klk10",37,31,57,59,39,33,43,52
"Klk11",10,9,23,16,13,7,14,12
"Klk12",0,0,1,1,0,0,1,1
"Klk1b16",2,0,2,3,0,1,2,2
"Klk1b22",10,35,26,26,57,23,40,37
"Klk1b27",2,1,3,2,1,2,2,2
"Klk1b8",0,1,1,0,0,0,1,0
"Klk1b9",1,0,0,2,1,0,2,2
"Klk8",0,4,3,1,2,3,3,4
"Klra2",6,23,17,7,24,11,19,7
"Klrb1a",24,17,13,34,16,15,16,23
"Klrg2",30,78,62,51,78,38,69,66
"Kmo",1,0,1,1,1,0,0,0
"Kmt2a",1128,2877,1888,2578,2335,1262,3234,2307
"Kmt2b",793,1649,1559,1548,1575,790,1526,1467
"Kmt2c",484,1418,845,1140,1085,663,1618,1063
"Kmt2d",1375,3135,2688,2913,2920,1593,3200,2799
"Kmt2e",1107,3373,1788,2453,2482,1392,3503,2349
"Kndc1",2,3,2,3,1,1,2,1
"Kng1",3,59,17,7,890,6,4,16
"Kng2",76,1522,453,298,7236,128,236,431
"Knop1",1262,2468,2341,2552,2526,1461,2775,2554
"Knstrn",1607,2208,1954,2605,1817,1330,2442,2114
"Kntc1",646,949,570,1057,677,519,1068,732
"Kpna1",1500,3174,3013,3180,3110,1712,3961,3325
"Kpna2",4525,5479,6046,6871,5183,3857,6547,6317
"Kpna3",1565,3702,2670,3524,2837,2002,4862,3526
"Kpna4",2152,4573,4336,4861,4220,2347,5631,5057
"Kpna6",3249,6203,7033,6419,5957,3077,6418,6676
"Kpnb1",11576,18214,21768,23059,20040,10863,21828,22688
"Kprp",0,3,1,0,2,2,0,1
"Kptn",204,377,322,349,331,179,301,293
"Kras",1432,3761,2679,3178,2989,1859,4486,3254
"Krba1",257,572,529,501,483,241,515,495
"Krcc1",889,2030,1667,2035,1916,1104,2365,2060
"Kremen1",7356,13061,12046,13327,11059,6091,11802,11720
"Kremen2",1,1,3,3,0,1,0,3
"Kri1",450,911,928,885,1078,439,897,891
"Krit1",561,1482,1036,1280,1193,721,1897,1334
"Krr1",692,1667,1260,1468,1479,979,2015,1545
"Krt10",102,185,155,181,167,94,177,171
"Krt13",16,56,31,26,29,25,42,26
"Krt14",269,328,227,380,213,218,290,244
"Krt16",4,3,0,4,2,1,4,0
"Krt18",0,2,5,0,3,0,1,1
"Krt19",99,228,107,137,189,71,120,81
"Krt20",0,0,0,1,0,1,0,1
"Krt222",0,3,4,1,7,2,8,7
"Krt23",0,1,2,0,0,1,1,2
"Krt24",0,0,1,1,0,0,0,1
"Krt28",2,1,0,2,0,2,1,0
"Krt31",3,11,20,8,5,3,10,11
"Krt33a",1,0,2,2,0,0,0,1
"Krt33b",0,0,2,1,0,0,0,3
"Krt7",4,11,9,8,12,8,7,7
"Krt78",1,1,0,1,0,0,1,1
"Krt8",1,5,7,2,2,2,4,2
"Krt80",580,2016,793,917,2006,562,798,767
"Krt9",2,3,10,4,2,1,2,5
"Krtcap2",1653,3408,3363,3165,4143,1592,2711,3256
"Krtcap3",39,74,75,83,70,34,78,77
"Ksr1",259,456,453,457,479,226,462,490
"Ksr2",1,2,0,2,2,2,3,2
"Kti12",447,729,871,831,884,463,724,818
"Ktn1",746,2394,1615,1708,1800,990,2626,1880
"Kxd1",592,1389,1245,1142,1481,555,1029,1174
"Ky",7,8,13,15,4,2,17,17
"L1cam",513,1532,597,843,1285,497,702,655
"L2hgdh",364,650,680,815,609,421,895,846
"L3hypdh",192,363,414,395,332,202,363,394
"L3mbtl2",885,1412,1509,1519,1440,719,1368,1483
"L3mbtl3",305,725,685,656,589,334,754,689
"L3mbtl4",0,0,2,2,0,1,0,2
"l7Rn6",821,1513,1513,1502,1585,945,1396,1411
"Lacc1",323,528,499,621,475,299,626,564
"Lace1",237,521,472,475,575,255,445,459
"Lactb",357,616,771,750,683,409,821,819
"Lactb2",598,1451,1197,1393,1380,813,1709,1456
"Lad1",9,17,20,17,17,15,33,16
"Lag3",12,22,29,24,17,10,25,20
"Lage3",301,585,747,609,677,355,621,666
"Lair1",0,0,1,1,0,1,1,1
"Lama1",275,422,339,435,327,283,520,350
"Lama2",1624,3841,2786,3369,2707,1710,3795,3176
"Lama3",3,9,4,5,9,1,5,3
"Lama4",1009,2320,1797,1907,2467,893,1902,1855
"Lama5",4900,10222,8813,8918,9835,4385,9116,8267
"Lamb1",7974,15687,15502,15909,18730,7466,14756,15316
"Lamb2",3633,6679,6538,6635,5845,3035,6388,6146
"Lamb3",884,1063,1507,1449,950,984,1556,1387
"Lamc1",6290,11455,12312,12373,12417,5631,12182,11933
"Lamc2",373,928,785,683,742,436,693,696
"Lamc3",13,36,36,25,40,17,41,36
"Lamp1",17953,42616,40210,35049,45905,17349,32878,37153
"Lamp2",7502,20338,14570,17832,20291,9114,21441,18198
"Lamp3",0,0,0,0,1,1,4,1
"Lamtor1",1301,2519,2667,2245,2453,1293,2130,2326
"Lamtor2",798,1641,1677,1613,1830,830,1387,1625
"Lamtor3",1354,2181,2625,2326,2777,1346,2203,2475
"Lamtor4",445,879,1004,852,1015,456,786,940
"Lamtor5",1323,2676,2696,2480,2797,1292,2354,2540
"Lancl1",1039,2061,2104,2019,2053,936,1837,2085
"Lancl2",458,879,828,995,797,438,931,963
"Lancl3",60,214,144,173,166,61,201,199
"Lap3",1879,3490,4020,3750,3878,1866,3375,3793
"Laptm4a",19886,41426,44424,40443,42830,19706,36792,42870
"Laptm4b",1855,3878,4042,3697,4096,1741,3259,3809
"Laptm5",1,1,1,1,2,1,0,1
"Large",1521,3349,3260,2984,4243,1516,2967,3101
"Larp1",3184,6846,6161,6589,6743,3533,7522,6840
"Larp1b",359,529,740,689,500,402,774,768
"Larp4",1064,3310,1939,2283,2183,1417,4054,2423
"Larp4b",920,2418,1612,2128,1993,1184,3080,2175
"Larp6",245,676,558,546,979,199,404,549
"Larp7",691,1266,1157,1436,1138,834,1581,1466
"Lars",3157,6372,7148,6818,6766,3133,6898,7331
"Lars2",1651,2728,2881,2588,2482,1475,2425,2771
"Las1l",964,1627,2176,2069,2005,1055,2077,2195
"Lasp1",5997,11417,10484,11025,10725,5295,9497,10037
"Lat",4,12,6,5,5,2,11,2
"Lat2",29,48,33,53,66,34,49,47
"Lats1",1283,3720,2084,2926,2911,1778,4207,2804
"Lats2",1920,3665,3556,3825,3684,1919,3934,3757
"Lax1",5,10,9,15,15,10,21,19
"Layn",661,1311,1341,1288,1903,592,1220,1314
"Lbh",2497,4719,4470,4524,3973,2221,3991,4195
"Lbp",109,254,302,199,262,143,246,301
"Lbr",1171,1969,1803,2227,2073,1173,2260,2015
"Lbx1",16,10,12,21,13,12,13,11
"Lbx2",2,2,2,3,6,3,2,1
"Lca5",185,452,376,420,402,241,511,446
"Lca5l",3,21,6,9,5,5,28,11
"Lcat",15,43,48,41,27,18,51,51
"Lce1f",1,1,1,1,0,1,0,0
"Lce1g",0,4,5,3,17,2,1,3
"Lck",8,27,29,23,50,10,23,24
"Lclat1",1838,3566,3453,3671,3822,1581,3402,3578
"Lcmt1",585,1024,1099,1096,1017,532,999,1080
"Lcmt2",256,440,405,402,432,225,381,358
"Lcn2",25,173,90,66,1910,14,46,74
"Lcor",26,60,42,44,42,20,66,28
"Lcorl",82,202,168,163,156,71,221,162
"Lcp1",0,1,1,1,2,0,3,1
"Lct",6,3,2,8,5,2,1,4
"Lctl",12,19,22,22,14,12,21,22
"Ldah",1352,2639,2669,2566,2791,1372,2528,2531
"Ldb1",1753,3433,3824,3486,3563,1417,3297,3685
"Ldb3",1877,3419,4219,3494,2929,2183,4250,3906
"Ldha",31067,60185,44622,50157,61111,30473,43735,41682
"Ldhal6b",4,3,5,6,1,3,6,4
"Ldhb",308,617,806,628,552,307,616,689
"Ldhc",1,0,1,1,2,0,0,0
"Ldhd",4,3,11,11,9,5,5,11
"Ldlr",4606,8963,8130,8259,9579,4304,7754,7620
"Ldlrad2",1,1,3,1,2,1,1,0
"Ldlrad3",1765,3125,3770,3433,3540,1841,3724,3671
"Ldlrad4",423,750,767,800,695,413,896,733
"Ldlrap1",1054,1908,2054,2041,1973,885,1762,1954
"Ldoc1l",67,116,71,93,101,63,88,64
"Leap2",2,7,1,2,5,2,5,4
"Lef1",492,966,870,929,919,457,809,833
"Lefty1",1,6,8,2,5,3,6,1
"Lekr1",18,56,35,54,60,28,53,61
"Lemd1",0,1,2,3,0,0,2,4
"Lemd2",1641,3247,3338,3115,3904,1458,2695,3028
"Lemd3",574,1223,990,1197,1189,660,1408,1181
"Lenep",24,77,55,60,72,39,63,80
"Leng1",215,388,493,426,436,223,394,483
"Leng8",777,1765,1824,1773,1783,964,2064,1966
"Leng9",101,164,172,172,181,81,155,152
"Leo1",616,1202,1228,1266,1220,761,1468,1320
"Lep",0,0,0,0,1,0,1,3
"Lepr",4,13,7,9,17,7,13,9
"Leprot",2863,5063,5032,4979,5162,2702,4376,4837
"Leprotl1",1652,3432,3351,3289,4209,1671,3262,3363
"Letm1",1294,2380,2847,2528,2852,1158,2349,2673
"Letm2",76,197,213,174,177,89,204,191
"Letmd1",618,1112,1053,1120,1223,547,1065,1095
"Lfng",372,434,471,586,344,251,463,429
"Lgals1",49465,90295,93735,88925,81056,50171,80238,87123
"Lgals12",5,3,5,7,1,1,15,9
"Lgals2",66,97,82,91,87,77,108,81
"Lgals3",7373,20547,15973,13841,33297,7610,12336,14296
"Lgals3bp",1456,3178,2295,2467,3396,1404,2074,2177
"Lgals4",5,3,6,4,2,4,5,4
"Lgals7",1,0,3,4,0,0,3,5
"Lgals8",1908,3646,3563,3799,4245,2025,3789,3781
"Lgals9",1290,2461,2367,2570,2388,1177,2167,2452
"Lgalsl",195,459,277,374,394,217,419,329
"Lgi2",6,12,14,15,12,7,4,12
"Lgi3",1,3,4,7,4,0,5,8
"Lgi4",8,13,11,15,3,6,15,8
"Lgmn",3652,8484,8158,7337,10238,3292,6517,7612
"Lgr4",492,964,832,1036,885,470,1064,950
"Lgr5",60,59,69,92,50,58,121,77
"Lgr6",10,13,40,27,22,11,27,34
"Lhb",0,2,0,1,0,0,1,1
"Lhfp",2110,3994,4049,4328,4182,1792,3661,4184
"Lhfpl1",2,4,3,2,3,0,7,2
"Lhfpl2",1976,3920,3855,3704,5022,1875,3645,3626
"Lhfpl4",6,11,4,10,13,7,8,7
"Lhpp",80,156,146,132,132,64,108,109
"Lhx2",28,45,23,41,36,22,38,33
"Lhx5",0,0,0,1,0,1,0,2
"Lhx6",255,411,403,479,376,216,415,409
"Lhx8",5,12,33,17,26,6,13,22
"Lhx9",131,197,184,252,138,89,236,208
"Lias",691,1243,1572,1428,1346,734,1364,1518
"Lif",589,800,588,834,819,595,790,607
"Lifr",2467,6219,4066,5475,4637,3060,6627,5205
"Lig1",1199,1549,1461,1882,1347,851,1544,1339
"Lig3",1343,2705,2833,2776,2715,1361,2910,2879
"Lig4",155,424,327,354,325,229,573,405
"Lilr4b",1,1,1,1,13,0,0,1
"Lilrb4a",1,2,0,2,25,0,1,2
"Lima1",7752,15416,18771,18413,15914,8066,17794,19710
"Limch1",96,149,220,155,189,192,310,214
"Limd1",1587,2943,3334,3163,3035,1328,3102,3165
"Limd2",896,1404,1524,1584,1419,839,1354,1466
"Lime1",295,530,554,596,528,262,543,556
"Limk1",747,1795,1599,1462,1521,656,1315,1482
"Limk2",1057,1918,2473,2174,2053,1068,2120,2261
"Lims1",3030,8490,5678,7458,6042,4244,11240,7529
"Lims2",93,226,200,192,301,82,148,204
"Lin28a",3,3,7,2,2,4,4,2
"Lin37",352,663,768,677,644,317,629,717
"Lin52",235,446,544,491,602,289,493,559
"Lin54",264,598,459,541,543,366,784,508
"Lin7a",3,6,3,8,3,2,10,8
"Lin7b",2,2,6,1,3,11,2,4
"Lin7c",739,2153,1107,1670,1392,1122,2588,1639
"Lin9",241,493,315,462,375,292,595,420
"Linc-md1",39,70,198,134,69,70,212,220
"Lincenc1",5,5,5,8,10,0,4,3
"Lincpint",1,4,1,1,3,0,3,0
"Lincppara",162,218,185,246,201,180,215,209
"Lingo1",35,46,55,58,42,34,67,53
"Lingo2",15,22,9,21,16,6,17,13
"Lingo3",1,3,3,2,8,2,4,1
"Lingo4",10,32,17,15,13,10,32,9
"Lins",371,599,615,674,675,340,631,600
"Lipa",1762,3694,3269,3361,3752,1594,3076,3131
"Lipc",5,15,7,13,17,2,7,9
"Lipe",273,358,462,472,415,198,359,421
"Lipg",87,99,87,134,111,75,116,93
"Liph",2,7,7,7,2,4,9,12
"Lipk",0,2,3,2,1,0,1,2
"Lipm",2,1,0,3,1,1,1,1
"Lipn",0,0,1,0,1,0,0,1
"Lipt1",202,333,352,421,313,181,352,408
"Lipt2",53,108,82,90,87,44,79,90
"Litaf",3615,8299,7340,7038,9557,3490,5921,7090
"Lix1",370,582,494,671,325,346,726,637
"Lix1l",3545,6273,7718,7251,6317,3041,6283,7345
"Llgl1",2110,3951,3867,3795,3831,1826,3474,3536
"Llgl2",20,25,23,27,25,14,24,25
"Llph",732,931,1041,1006,1125,948,1053,1115
"Lman1",5071,10295,8782,11382,9775,5815,12193,11257
"Lman1l",156,243,232,235,238,176,243,221
"Lman2",5595,10653,11016,10533,10518,5139,9831,10163
"Lman2l",837,1756,1550,1553,1457,846,1452,1441
"Lmbr1",254,665,554,587,823,274,607,639
"Lmbr1l",314,660,656,615,718,287,577,645
"Lmbrd1",1539,3657,3140,3145,3931,1590,3226,3202
"Lmbrd2",96,413,216,216,213,108,501,228
"Lmcd1",543,975,930,927,913,459,879,797
"Lmf1",774,1555,1332,1305,1558,681,1114,1108
"Lmf2",3314,5502,5268,5730,5421,2728,4991,5068
"Lmln",55,158,115,121,134,62,206,127
"Lmna",23822,38494,46855,44297,34332,20676,39630,43996
"Lmnb1",1590,2033,2000,2639,1810,1325,2239,2049
"Lmnb2",2941,4311,4938,5262,3554,2424,4506,4680
"Lmntd2",0,3,1,1,2,4,2,3
"Lmo1",16,26,21,33,34,18,34,41
"Lmo2",4,12,6,11,6,4,4,12
"Lmo4",1222,2481,2386,2431,3530,1049,2166,2389
"Lmo7",2522,5429,4701,4734,4503,2974,6569,4837
"Lmod1",675,914,1373,1434,791,558,1068,1313
"Lmod2",672,1493,1670,1399,1219,1038,2230,1685
"Lmod3",872,2036,2062,1873,1702,1381,2598,2107
"Lmtk2",615,1247,1022,1133,1307,626,1225,1062
"Lmtk3",10,24,18,22,30,12,25,23
"Lncbate1",0,0,1,0,0,1,1,0
"Lnp",421,1173,807,979,925,626,1408,1014
"Lnpep",486,1839,924,1247,931,579,2266,1152
"Lnx1",154,275,179,252,249,207,370,236
"Lnx2",356,600,696,726,606,341,679,715
"LOC100049077",0,1,0,2,0,0,1,2
"LOC100503496",1,2,2,3,1,2,0,1
"LOC100504703",1,1,5,2,4,1,3,3
"LOC100505025",7,14,17,17,13,11,17,25
"LOC105246506",8,5,8,9,3,5,8,4
"LOC106740",156,341,300,353,342,238,527,406
"Loh12cr1",201,403,515,416,456,233,364,444
"Lonp1",2570,5414,4817,4728,6284,2372,4371,4624
"Lonp2",3044,5596,5879,5764,5598,2791,5487,5446
"Lonrf1",206,396,349,413,413,206,398,418
"Lonrf3",72,216,95,140,267,103,236,133
"Lor",5,7,2,5,9,2,6,4
"Lox",21029,59247,39114,49930,54864,30848,66066,49446
"Loxhd1",5,12,2,8,10,3,8,7
"Loxl1",9053,15257,15541,16274,13778,8396,14163,15006
"Loxl2",1411,2448,1939,2313,2615,1681,2153,1946
"Loxl3",2204,3672,3382,3796,3307,2072,3288,3174
"Loxl4",882,1363,1418,1654,1345,844,1650,1445
"Lpar1",1618,3033,3466,3593,3272,1888,4170,3848
"Lpar2",46,98,97,82,114,38,71,76
"Lpar3",245,342,452,484,270,207,452,489
"Lpar4",62,165,155,151,151,62,220,182
"Lpar6",122,249,261,301,265,200,359,338
"Lpcat1",393,709,581,642,709,299,545,517
"Lpcat2",26,48,28,53,44,32,43,50
"Lpcat2b",0,2,1,1,1,1,0,1
"Lpcat3",1438,2791,3022,2740,2716,1437,2703,2884
"Lpcat4",298,513,678,601,575,308,534,650
"Lpgat1",2007,5952,3852,4557,6588,2678,6216,4772
"Lpin1",383,670,818,776,911,387,723,787
"Lpin2",1153,2251,2065,2270,1910,1010,2410,2081
"Lpin3",1432,2906,2789,2607,2469,1490,2688,2511
"Lpl",931,2693,2810,2809,2687,1221,3175,3412
"Lpp",1849,6094,2724,4398,3644,2911,7203,3990
"Lppos",27,45,46,42,52,26,38,49
"Lppr2",675,1303,1360,1287,1310,650,1177,1282
"Lppr3",226,615,427,432,650,246,410,441
"Lpxn",2,8,10,3,6,2,6,6
"Lrba",509,1121,988,1098,956,506,1257,1127
"Lrch1",886,1807,1765,1952,1643,843,2084,1902
"Lrch2",141,448,254,310,268,162,504,324
"Lrch3",800,1542,1303,1651,1412,725,1812,1496
"Lrfn1",1,1,0,1,0,0,2,0
"Lrfn3",276,465,450,476,427,242,396,416
"Lrfn4",669,1406,1269,1259,1391,579,1172,1259
"Lrg1",0,0,1,0,5,0,1,0
"Lrguk",5,12,5,6,10,2,14,4
"Lrif1",228,595,409,460,543,298,644,468
"Lrig1",2719,5689,4254,4980,5153,2202,4161,4158
"Lrig2",661,1727,1286,1514,1820,800,1739,1522
"Lrig3",1148,1975,1727,2044,1906,1077,2027,1763
"Lrmp",2,5,3,4,3,1,2,4
"Lrp1",28938,72796,51354,54159,69154,24516,52734,48552
"Lrp10",4679,9532,8919,8245,9018,4372,7813,8118
"Lrp11",415,794,808,728,693,391,763,746
"Lrp12",1328,2458,2592,2663,2998,1232,2641,2663
"Lrp2",2,4,4,3,8,7,5,5
"Lrp2bp",1,17,5,7,19,7,22,13
"Lrp4",3077,6198,6441,6160,4462,2859,6450,6166
"Lrp5",3871,8418,6870,7360,8077,3316,6415,6700
"Lrp6",1266,3625,2280,3033,2761,1635,4182,3040
"Lrp8",209,447,243,339,521,221,382,264
"Lrpap1",2463,4853,6277,5266,5647,2303,4710,5827
"Lrpprc",1497,3002,3169,3151,2912,1417,3417,3202
"Lrr1",95,98,93,144,83,92,119,105
"Lrrc1",306,518,620,627,538,319,658,684
"Lrrc10b",14,43,104,59,24,24,46,88
"Lrrc14",688,1343,1411,1346,1448,637,1225,1302
"Lrrc14b",43,91,91,79,77,56,97,76
"Lrrc15",38,75,131,106,51,56,121,124
"Lrrc16a",539,951,939,1095,981,502,904,1002
"Lrrc16b",2,5,3,4,2,0,3,2
"Lrrc17",4548,5962,8447,8917,5145,4040,7009,8544
"Lrrc19",4,5,5,7,8,6,5,11
"Lrrc2",15,39,33,28,29,34,55,33
"Lrrc20",745,1571,1648,1442,1619,748,1385,1477
"Lrrc23",3,11,6,10,10,4,7,12
"Lrrc24",35,69,72,77,78,30,61,85
"Lrrc25",0,0,1,0,1,0,1,0
"Lrrc26",1,3,6,2,5,0,5,5
"Lrrc27",96,171,135,148,202,91,109,143
"Lrrc28",446,696,752,786,685,431,704,748
"Lrrc29",36,87,113,96,66,33,91,99
"Lrrc3",1,1,0,2,1,2,1,1
"Lrrc30",18,34,38,25,29,19,37,24
"Lrrc32",499,920,737,773,707,575,810,682
"Lrrc34",4,3,1,9,7,1,3,6
"Lrrc36",0,1,0,0,0,0,1,1
"Lrrc39",141,273,310,277,234,156,380,342
"Lrrc4",35,40,42,51,40,16,61,41
"Lrrc40",741,1300,1285,1512,1179,696,1601,1408
"Lrrc41",2520,4475,5193,4769,4329,2339,4280,4799
"Lrrc42",1070,1802,2159,1958,1961,1002,1755,1975
"Lrrc45",536,1096,882,978,1013,537,1026,868
"Lrrc46",21,55,35,41,27,12,41,38
"Lrrc47",770,1498,1482,1337,1411,708,1421,1323
"Lrrc48",0,8,4,4,10,2,6,4
"Lrrc49",458,827,774,901,1031,403,870,873
"Lrrc4c",123,232,165,253,208,186,341,235
"Lrrc51",78,167,121,124,167,63,110,102
"Lrrc55",9,24,22,10,24,26,33,19
"Lrrc56",30,81,65,53,61,60,70,48
"Lrrc57",458,725,845,847,895,455,796,924
"Lrrc58",1350,4204,2091,2977,3004,2427,4894,3137
"Lrrc59",6944,11769,13304,12695,12289,6664,11480,12545
"Lrrc61",207,401,331,319,356,197,291,280
"Lrrc66",1,3,3,3,4,5,5,1
"Lrrc69",0,0,0,0,1,1,0,2
"Lrrc71",2,9,8,2,1,0,3,6
"Lrrc73",32,68,73,71,54,35,69,64
"Lrrc74b",5,24,14,12,23,5,16,16
"Lrrc75a",438,748,794,799,698,380,705,803
"Lrrc75b",442,747,893,951,748,374,833,920
"Lrrc8a",972,1916,1743,1811,2096,894,1679,1695
"Lrrc8b",191,359,223,300,283,171,364,224
"Lrrc8c",337,580,503,615,553,294,569,507
"Lrrc8d",320,658,640,594,896,337,627,632
"Lrrc8e",206,350,345,376,365,176,333,335
"Lrrc9",0,1,0,1,0,2,1,1
"Lrrcc1",155,334,252,293,269,142,340,271
"Lrrd1",16,14,14,18,10,17,24,14
"Lrrfip1",3277,6521,6178,6890,6315,3668,7538,6864
"Lrrfip2",862,1715,1751,1833,2005,1007,1925,1911
"Lrriq3",11,15,18,19,24,15,24,16
"Lrrk1",3142,5661,6465,6084,5136,2731,5933,5884
"Lrrk2",853,2237,1396,1900,1926,1019,2390,1782
"Lrrn1",1621,3539,3815,3486,2555,1913,4763,4084
"Lrrn2",3,7,5,4,5,2,15,9
"Lrrn3",13,38,24,37,18,18,44,33
"Lrrn4cl",32,77,51,58,102,30,45,53
"Lrrtm2",29,56,20,59,35,23,70,56
"Lrrtm3",1,0,0,1,1,2,1,0
"Lrrtm4",0,0,1,0,1,1,1,0
"Lrsam1",455,1101,1048,890,1044,429,889,894
"Lrtm1",10,9,19,16,15,16,32,22
"Lrtm2",1,0,1,3,3,0,1,2
"Lrwd1",614,1189,1174,1137,1154,573,1043,1065
"Lsg1",1230,2303,2817,2477,2618,1282,2356,2693
"Lsm1",609,1119,1216,1121,1292,564,1038,1185
"Lsm10",314,621,630,581,765,309,523,571
"Lsm11",450,705,731,840,685,350,707,737
"Lsm12",750,1195,1298,1432,1334,775,1378,1422
"Lsm14a",3182,6165,5687,6411,6603,3597,6724,6331
"Lsm14b",1747,3239,3531,3395,3766,1641,3018,3471
"Lsm2",581,938,998,1031,891,556,875,950
"Lsm3",685,1153,1194,1250,1087,635,1120,1194
"Lsm4",655,1045,1147,1174,1093,621,1031,1079
"Lsm5",381,639,669,709,676,401,715,696
"Lsm6",1708,2497,3307,3335,2687,1532,2797,3265
"Lsm7",434,652,762,723,751,428,578,720
"Lsm8",646,1007,1190,1241,1233,627,1129,1187
"Lsmem1",2,2,8,4,4,3,6,4
"Lsp1",3291,5182,5305,5495,4736,3704,5408,5054
"Lsr",6,20,16,16,16,13,20,22
"Lss",788,1564,1047,1291,1728,711,1335,1080
"Lst1",2,3,6,3,4,3,4,1
"Lta",1,9,4,3,12,5,7,5
"Lta4h",2514,4797,4871,4739,4840,2366,4326,4696
"Ltb4r2",1,0,0,2,1,0,0,1
"Ltbp1",4653,7637,10060,9874,9345,4170,8779,10106
"Ltbp2",6030,11678,10809,11740,12198,5123,9695,10952
"Ltbp3",8988,17072,15619,16396,16148,8027,14078,15267
"Ltbp4",3042,5212,4483,5299,4004,2582,4530,4521
"Ltbr",2127,4513,4435,4130,5359,1947,3575,4006
"Ltc4s",63,83,106,106,68,49,83,88
"Ltk",0,1,1,0,2,0,0,0
"Ltn1",1038,2579,1873,2296,2085,1313,3314,2367
"Ltv1",826,1500,1704,1673,1824,913,1635,1702
"Luc7l",1568,2768,3234,3289,2998,1580,3239,3390
"Luc7l2",2052,4961,4006,4922,4226,2935,6596,5174
"Luc7l3",644,1578,1721,1946,1597,871,2615,2286
"Lum",25,71,45,48,52,38,58,43
"Lurap1",56,99,142,89,114,59,87,97
"Lurap1l",1712,2973,4015,3640,2945,1692,3264,3895
"Luzp1",2267,5137,3804,4900,4188,2771,6357,4703
"Luzp4",0,5,2,3,4,0,2,5
"Lvrn",64,139,116,115,149,56,111,120
"Lxn",453,918,981,1014,917,415,741,1019
"Ly6a",3866,11857,7028,7060,19641,3716,5316,6474
"Ly6c1",541,2044,1042,1180,2498,512,827,1069
"Ly6c2",118,747,411,393,836,116,382,397
"Ly6d",11,8,51,29,18,9,17,33
"Ly6e",12012,21594,22907,22601,21694,11139,18888,21524
"Ly6f",3,4,1,3,3,0,4,0
"Ly6g5b",3,3,5,4,7,2,5,5
"Ly6g6c",3,4,2,0,2,3,4,3
"Ly6g6d",0,0,1,0,2,0,2,0
"Ly6i",1,3,2,2,4,0,0,2
"Ly75",514,993,869,1041,945,468,1098,907
"Ly9",1,0,0,2,0,1,1,0
"Ly96",72,162,129,146,252,85,159,170
"Lyar",438,826,890,995,1009,612,1106,1038
"Lyl1",7,9,6,13,15,9,11,18
"Lyn",442,811,681,710,747,472,753,587
"Lynx1",1965,3920,4376,3899,3724,1787,3810,4030
"Lypd1",0,0,0,1,0,1,0,1
"Lypd6",265,444,438,517,343,258,497,466
"Lypd6b",17,52,29,33,68,26,41,34
"Lypla1",1515,3329,2950,3279,3148,1873,4041,3413
"Lypla2",958,1742,1998,1866,1795,918,1676,1842
"Lyplal1",150,260,191,256,204,134,220,230
"Lyrm1",76,158,164,129,180,86,155,149
"Lyrm2",396,798,815,800,846,392,821,852
"Lyrm4",197,345,396,376,449,180,327,404
"Lyrm5",571,1128,1175,1189,1131,583,1181,1244
"Lyrm7",22,54,51,63,36,22,56,62
"Lyrm9",111,282,293,234,295,156,253,258
"Lysmd1",112,133,131,125,141,120,137,137
"Lysmd2",249,416,504,529,542,198,425,618
"Lysmd3",237,864,424,507,524,324,1003,522
"Lysmd4",317,576,623,604,560,329,524,607
"Lyst",412,1508,618,903,1120,512,1304,813
"Lyve1",0,2,0,0,2,0,2,0
"Lyz2",21,31,32,33,39,22,26,35
"Lyzl4",1,0,0,1,2,0,1,2
"Lzic",977,1789,2149,1834,1971,931,1830,1967
"Lztfl1",227,683,480,529,579,324,918,604
"Lztr1",2071,3986,4163,3929,4243,1774,3591,3829
"Lzts1",74,133,174,140,98,52,143,140
"Lzts2",1792,3732,3817,3508,3826,1662,3095,3605
"Lzts3",505,937,824,903,775,430,833,802
"M1ap",22,29,16,25,30,19,25,15
"M6pr",3823,7555,7724,7758,8683,3709,7231,7957
"Maats1",6,20,13,9,17,6,14,7
"Mab21l1",0,3,3,0,2,2,3,0
"Mab21l3",50,97,144,102,76,56,111,147
"Macc1",41,165,70,84,62,34,109,79
"Macf1",6680,20044,12303,15609,13165,9919,26972,16076
"Macrod1",541,1364,1227,1086,1489,511,986,1179
"Macrod2",3,5,7,4,12,2,8,5
"Mad1l1",751,1248,1496,1431,1369,699,1275,1388
"Mad2l1",1368,1731,1833,2309,1549,1098,2048,1935
"Mad2l1bp",540,997,1037,1003,1000,520,918,1040
"Mad2l2",311,511,554,559,561,265,447,518
"Madd",459,978,683,782,1004,376,770,649
"Maea",3489,6142,7705,6881,6701,3185,6311,7233
"Maf",485,1241,964,1072,890,567,1319,1082
"Maf1",2301,4904,5057,4486,5528,2150,3780,4627
"Mafa",70,98,115,96,74,79,118,98
"Mafb",9,12,8,10,6,5,10,4
"Maff",509,1402,701,826,2800,511,709,703
"Mafg",528,1161,1031,992,1368,494,1059,979
"Mafk",873,1861,1835,1702,2373,939,1624,1713
"Mag",0,1,0,0,0,0,1,1
"Magea3",1,3,4,0,2,2,3,4
"Magea5",0,1,2,0,2,1,0,0
"Magea8",14,30,41,33,40,20,40,34
"Mageb18",2,4,7,2,4,3,2,1
"Mageb3",1,2,3,2,3,2,1,1
"Mageb4",0,1,0,1,0,0,0,1
"Maged1",18794,35874,39694,37719,35779,17151,33036,38151
"Maged2",2435,4416,4864,4669,3919,2232,4123,4603
"Magee1",781,1323,1539,1599,1389,625,1304,1486
"Magef1",47,97,201,131,143,50,134,167
"Magi1",309,597,427,518,681,263,504,404
"Magi2",31,67,67,83,74,40,82,81
"Magi3",687,2058,1420,1691,1568,902,2220,1741
"Magix",3,2,11,7,2,0,8,6
"Magoh",989,1835,2043,2004,1919,1055,1836,2140
"Magohb",228,469,496,518,555,284,492,524
"Magt1",1230,4056,2030,2670,2893,1674,3708,2503
"Mak",0,1,1,0,1,0,1,0
"Mak16",967,1491,1571,1646,1697,1144,1809,1728
"Mal",44,56,104,73,71,85,114,117
"Mal2",1,1,1,0,0,1,3,0
"Malat1",1491,8126,4995,5275,7032,3250,12229,6119
"Malsu1",253,559,620,497,699,297,489,571
"Malt1",129,345,277,358,328,184,406,366
"Mamdc2",811,1319,1806,1544,1267,992,1952,1688
"Mamdc4",50,101,93,86,74,35,96,86
"Maml1",1201,2250,2101,2229,2178,1122,2249,2006
"Maml2",312,775,485,715,511,402,1003,668
"Maml3",463,995,782,902,912,441,914,798
"Mamld1",1,1,8,3,1,5,4,4
"Mamstr",81,140,125,141,85,85,125,120
"Man1a",70,191,98,126,175,87,171,125
"Man1a2",878,2571,1676,2139,2088,1257,3115,2116
"Man1b1",2616,4801,4853,4855,4901,2252,4266,4543
"Man1c1",2745,4468,4688,5108,3929,2418,4716,4744
"Man2a1",2165,5965,3562,5291,5353,2989,6710,5175
"Man2a2",3436,6551,6266,6429,5338,2912,5893,6080
"Man2b1",1643,3545,2763,2841,3146,1495,2722,2754
"Man2b2",1407,3121,2644,2561,2746,1162,2405,2489
"Man2c1",804,1706,1782,1637,1724,761,1539,1741
"Man2c1os",6,3,6,8,3,2,4,6
"Manba",390,1080,884,778,891,377,825,812
"Manbal",857,1335,1479,1330,1436,852,1204,1372
"Manea",418,1417,764,917,1072,469,1453,971
"Maneal",3,2,4,8,5,0,5,5
"Manf",3908,9660,7582,7230,10591,3645,6238,6913
"Mannr",0,4,3,1,2,5,3,1
"Mansc1",4,10,11,6,7,3,4,6
"Mansc4",4,3,3,7,7,4,6,9
"Maoa",1614,3793,3507,3433,5352,1687,3634,3556
"Maob",8,27,17,11,20,9,29,13
"Map1a",2993,5883,6596,6089,5223,2571,6173,6296
"Map1b",3714,8907,6331,8317,6497,5042,11253,8293
"Map1lc3a",1660,3308,3740,3071,3031,1717,2853,3537
"Map1lc3b",4427,10107,9419,8054,11542,4485,7520,8826
"Map1s",1154,2060,2195,2115,2033,1169,1943,2080
"Map2",195,454,233,347,331,285,436,292
"Map2k1",2950,5968,5051,5181,6876,2693,4923,4640
"Map2k2",1848,3621,4102,3516,3806,1727,3274,3700
"Map2k3",2687,4876,5626,5185,5022,2687,4566,5221
"Map2k3os",57,75,118,116,100,39,95,108
"Map2k4",1700,2984,3165,3252,2965,1675,3445,3159
"Map2k5",595,1235,1352,1227,1373,589,1121,1246
"Map2k6",85,214,177,168,176,91,205,194
"Map2k7",1357,2745,2746,2521,2700,1262,2561,2462
"Map3k1",99,292,194,235,279,135,301,249
"Map3k10",821,1578,1689,1514,1584,800,1349,1509
"Map3k11",739,1450,1471,1378,1352,650,1317,1387
"Map3k12",487,948,1020,923,982,467,904,932
"Map3k13",18,42,31,42,44,18,50,42
"Map3k14",674,1238,1491,1374,1116,704,1329,1428
"Map3k15",5,14,13,12,16,12,15,16
"Map3k19",13,38,34,24,20,21,37,23
"Map3k2",561,2250,1010,1268,1521,811,2438,1293
"Map3k3",1207,2284,2446,2296,2454,951,2115,2226
"Map3k4",1134,2251,2200,2219,2354,1006,2089,2127
"Map3k5",29,49,55,55,71,33,38,50
"Map3k6",205,394,351,379,388,172,366,358
"Map3k7",2536,4822,4277,4908,4602,2639,5556,4743
"Map3k7cl",225,345,241,320,242,222,282,247
"Map3k8",136,439,389,362,871,152,309,426
"Map3k9",49,105,81,84,64,52,122,94
"Map4",10177,19192,19899,19823,18898,9847,19495,19730
"Map4k1",13,17,15,21,11,6,16,15
"Map4k2",387,785,620,684,639,399,685,590
"Map4k3",548,1298,818,1143,1133,631,1212,1010
"Map4k4",11052,22206,23175,22466,23032,10824,23214,23178
"Map4k5",912,2310,1803,2105,2108,1275,2793,2217
"Map6",1689,2976,3192,3097,3369,1586,2609,3058
"Map6d1",12,14,14,24,19,10,19,23
"Map7",25,18,31,48,19,25,32,41
"Map7d1",6749,12044,13773,12497,11276,6370,12138,12639
"Map7d2",0,0,0,2,0,0,1,2
"Map9",57,211,103,154,147,83,242,145
"Mapk1",5311,9916,11538,11014,10719,5136,10813,11313
"Mapk10",0,1,1,0,0,0,1,0
"Mapk11",411,716,703,764,724,417,726,696
"Mapk12",540,1070,1019,947,1073,560,1022,918
"Mapk13",29,41,46,51,66,21,49,54
"Mapk14",1824,3715,4072,3669,4221,1797,3568,3755
"Mapk15",9,49,24,21,34,31,39,28
"Mapk1ip1",127,324,276,286,328,169,310,308
"Mapk1ip1l",3282,5017,5686,5695,5214,3294,5883,5811
"Mapk3",2814,5600,5174,5216,5731,2493,4465,4960
"Mapk4",45,88,72,66,82,53,77,64
"Mapk6",3879,7435,6839,7452,7867,4437,8658,7541
"Mapk7",692,1312,1276,1279,1408,699,1158,1174
"Mapk8",704,1458,1313,1486,1339,820,1979,1541
"Mapk8ip1",1078,2044,1743,1781,1614,953,1642,1557
"Mapk8ip2",0,2,0,0,1,0,2,0
"Mapk8ip3",1694,3371,3373,3335,3162,1594,3496,3282
"Mapk9",1132,2198,1996,2347,2383,1157,2375,2294
"Mapkap1",1682,3174,3367,3375,3317,1573,2993,3271
"Mapkapk2",3594,7129,7212,6571,7280,3361,6186,6635
"Mapkapk3",15,36,43,30,55,17,31,32
"Mapkapk5",836,1763,1717,1595,1794,855,1630,1610
"Mapkbp1",798,1828,1873,1682,1751,818,1746,1707
"Mapre1",4965,9450,9221,10100,8962,5399,10956,10103
"Mapre2",886,1718,1560,1772,1814,721,1480,1680
"Mapre3",1652,2962,3878,3249,2953,1686,2999,3581
"Mapt",23,44,47,39,37,35,44,32
"Marcks",8575,17319,12796,17094,14884,8631,17329,15491
"Marcksl1",1672,2926,2842,2952,2963,1507,2582,2801
"Marf1",1171,2622,2619,2629,2542,1271,2926,2699
"Mark1",1,24,14,9,60,2,6,12
"Mark2",1552,3159,3039,3036,2893,1478,2933,2954
"Mark3",2252,3895,4365,4442,4048,2407,4615,4514
"Mark4",539,1076,1097,958,948,501,971,935
"Mars",3280,6696,7109,6257,6845,3208,5809,6579
"Mars2",201,342,420,397,361,224,470,447
"Marveld1",1748,3271,3631,3499,3486,1686,3030,3583
"Marveld2",1,1,1,3,1,1,0,3
"Marveld3",0,1,0,0,1,1,2,0
"Mas1",0,2,1,0,1,0,6,0
"Masp1",1194,3104,3148,2946,4671,1005,2264,3065
"Masp2",3,3,1,9,5,3,13,9
"Mast1",90,228,188,167,213,100,197,181
"Mast2",2908,5326,5517,5212,5136,2820,5465,5177
"Mast3",1050,1938,2106,1915,1744,955,1899,1865
"Mast4",1511,2867,2674,2836,2726,1607,3231,2607
"Mastl",372,777,489,726,435,386,989,635
"Mat1a",0,4,3,0,2,0,0,1
"Mat2a",6783,11720,13811,13406,12961,6986,13069,14152
"Mat2b",1501,3015,3333,3051,3236,1361,2798,3120
"Matk",8,19,16,12,23,18,15,20
"Matn2",5081,8621,9987,10458,8551,3901,8478,10100
"Matn3",36,38,17,47,26,28,46,24
"Matn4",7,5,3,7,26,3,1,1
"Matr3",2700,7684,4958,6414,5159,3488,9579,6608
"Mau2",1257,2479,2393,2442,2397,1183,2392,2390
"Mavs",915,1786,2126,1818,1788,819,1767,1944
"Max",1482,2837,3206,3160,3227,1440,2761,3259
"Maz",2450,4329,3795,4176,4072,2297,3674,3820
"Mb",2773,3079,7155,5021,3082,3420,6102,6670
"Mb21d1",149,240,177,286,238,140,344,257
"Mb21d2",201,365,377,392,419,197,348,363
"Mbd1",754,1478,1562,1494,1527,731,1452,1442
"Mbd2",1630,3053,3262,3408,3534,1787,3276,3449
"Mbd3",2573,4688,4881,4709,4810,2401,4240,4626
"Mbd4",113,203,180,245,176,106,272,240
"Mbd5",331,849,590,673,660,399,966,671
"Mbd6",537,1213,1131,1057,1314,674,1175,1098
"Mbip",259,578,392,502,525,338,584,477
"Mblac1",41,59,58,63,63,20,52,50
"Mblac2",52,180,109,126,147,86,183,145
"Mbnl1",2588,7363,5576,6325,5305,3303,9651,7033
"Mbnl2",1386,4591,2561,3247,3588,1888,5395,3436
"Mbnl3",70,245,130,161,168,119,323,161
"Mboat1",475,751,738,912,645,409,745,829
"Mboat2",339,573,641,595,485,375,665,624
"Mboat4",1,7,9,5,10,7,8,6
"Mboat7",880,1732,1494,1553,1618,816,1429,1384
"Mbp",52,101,92,89,101,60,83,77
"Mbtd1",370,1153,682,813,864,580,1401,878
"Mbtps1",5489,10963,11470,11031,10577,4651,9758,10672
"Mbtps2",416,1227,846,1135,1072,652,1607,1188
"Mc1r",0,2,1,1,0,1,1,2
"Mc4r",18,17,29,37,16,12,32,42
"Mc5r",0,0,3,4,0,1,0,4
"Mcam",212,269,315,398,235,157,311,341
"Mcat",625,1305,1409,1270,1320,619,1223,1402
"Mcc",244,393,395,507,430,251,438,485
"Mccc1",457,803,1051,950,887,467,889,1033
"Mccc1os",2,6,5,6,1,1,6,5
"Mccc2",400,717,804,770,706,319,653,759
"Mcee",109,251,243,217,254,112,175,257
"Mcf2l",248,640,540,551,738,231,451,518
"Mcfd2",1936,3822,4128,3868,4935,2015,3565,3982
"Mchr1",278,291,312,426,229,186,327,296
"Mcidas",0,1,0,0,1,1,0,0
"Mcl1",4888,8956,9217,9064,9697,4512,8588,8921
"Mcm10",398,466,464,614,422,300,498,455
"Mcm2",1854,2547,2748,3201,2397,1396,2661,2653
"Mcm3",1873,2506,2417,2981,2210,1495,2563,2258
"Mcm3ap",1849,3532,3366,3422,3182,1570,3232,3172
"Mcm4",1744,2599,2306,3239,2287,1569,3178,2727
"Mcm5",1723,2025,1881,2583,1482,1177,2180,1845
"Mcm6",2949,3958,4204,5284,3633,2205,4278,4491
"Mcm7",2304,3146,3285,3735,3121,1758,3285,3027
"Mcm8",135,235,173,240,224,132,278,186
"Mcm9",180,309,269,290,316,175,277,248
"Mcmbp",1163,2093,2111,2283,2243,1128,2211,2254
"Mcoln1",769,2149,1532,1437,2370,807,1411,1427
"Mcoln3",1,4,1,2,0,1,1,1
"Mcph1",586,884,869,1041,949,557,1020,955
"Mcpt1",4,7,8,9,5,3,6,11
"Mcpt2",0,1,0,0,1,0,0,1
"Mcpt4",0,0,1,0,1,1,1,0
"Mcpt8",141,355,257,196,221,130,221,146
"Mcrs1",1284,2306,2374,2215,2262,1203,2070,2266
"Mctp1",13,46,10,20,15,15,21,19
"Mctp2",11,27,13,25,29,9,38,22
"Mcts1",903,1596,1976,1786,1641,969,1854,1912
"Mcts2",107,256,290,252,260,131,255,310
"Mcu",1499,2450,3204,2795,2526,1648,2892,2832
"Mcur1",549,1060,837,930,1062,624,1104,896
"Mdc1",1197,1983,1768,2146,1936,1064,2036,1834
"Mdfi",69,117,151,141,84,59,166,165
"Mdfic",1703,3425,3061,3628,4042,1669,3802,3547
"Mdga1",119,132,157,199,131,99,190,186
"Mdh1",4361,7812,9340,8504,7690,4168,8004,9183
"Mdh1b",3,1,1,3,5,0,0,3
"Mdh2",6598,11823,14453,12854,12308,6260,11359,13859
"Mdk",4,5,5,5,6,8,8,6
"Mdm1",303,566,483,583,544,282,596,548
"Mdm2",2383,4287,4198,4689,4778,2560,5107,4601
"Mdm4",1417,3867,2706,3860,3097,2209,5603,3961
"Mdn1",877,1962,1817,2118,2029,984,2688,2089
"Mdp1",873,1530,1882,1745,1878,833,1488,1763
"Me1",2934,4818,4887,5158,5215,2778,4582,4864
"Me2",1070,1924,1877,2068,2015,1019,1851,1889
"Me3",64,153,172,153,129,70,156,187
"Mea1",976,1859,1858,1616,1915,883,1460,1627
"Meaf6",369,675,640,669,755,381,637,657
"Mecom",131,234,206,275,212,136,288,236
"Mecp2",1407,3190,2530,3080,3141,1625,3652,2962
"Mecr",346,724,855,707,802,411,658,776
"Med1",1497,3183,2761,3183,2933,1685,3638,3127
"Med10",752,1346,1478,1410,1537,761,1314,1479
"Med11",294,585,640,531,612,332,552,571
"Med12",1442,2647,2691,2907,2702,1215,2795,2804
"Med12l",6,11,8,10,13,6,18,9
"Med13",755,2442,1195,1596,1626,1076,2685,1545
"Med13l",1008,2385,1742,2137,2137,1146,2270,1915
"Med14",1300,2850,2366,2808,2286,1537,3688,2805
"Med15",1983,3754,3741,3733,3661,1979,3589,3609
"Med16",919,1843,1940,1748,1865,765,1595,1836
"Med17",960,1772,1871,1868,2023,899,1729,1876
"Med18",142,249,310,305,277,155,239,304
"Med19",638,1158,1226,1172,1222,690,1195,1268
"Med20",712,1332,1643,1496,1507,722,1354,1665
"Med21",852,1529,1650,1670,1677,906,1636,1703
"Med22",1543,2687,3272,2991,2837,1308,2599,2955
"Med23",1100,2136,2182,2189,2328,1020,2116,2086
"Med24",1141,2273,2426,2189,2365,1061,2045,2171
"Med25",1010,1750,2014,1906,1882,910,1667,1898
"Med26",352,645,572,619,599,323,536,525
"Med27",501,864,1048,962,973,445,852,990
"Med28",1187,2358,2306,2199,2347,1103,2055,2246
"Med29",318,536,626,518,519,341,482,551
"Med30",1116,2225,2089,2124,2161,1092,1924,2122
"Med31",319,600,657,632,695,324,528,632
"Med4",713,1254,1262,1386,1319,680,1289,1376
"Med6",523,946,1136,1047,987,529,1005,1086
"Med7",663,1353,1271,1479,1276,769,1787,1503
"Med8",734,1367,1535,1347,1467,696,1289,1335
"Med9",581,972,1061,1002,1029,564,899,998
"Med9os",4,7,10,10,12,4,2,6
"Medag",1970,3476,2413,3495,3724,2207,3293,2776
"Mef2a",3338,9240,6861,7990,5502,4752,13407,8739
"Mef2b",1,1,1,1,2,0,0,0
"Mef2c",1005,2169,2032,1773,1726,2038,4998,2358
"Mef2d",2157,3878,4302,3669,3566,1994,4018,3887
"Mefv",0,2,1,1,5,1,3,3
"Megf10",3031,6398,5199,6205,4769,3639,8391,6230
"Megf11",4,17,10,10,7,9,27,10
"Megf6",392,490,796,811,381,241,669,747
"Megf8",3308,7433,5448,5788,6171,2591,5503,4983
"Megf9",90,232,154,172,126,102,307,172
"Mei4",0,0,0,0,1,1,2,1
"Meig1",3,4,3,3,5,2,5,2
"Meis1",314,549,778,686,698,333,650,731
"Meis2",557,1386,1153,1277,1509,621,1338,1293
"Meis3",192,452,417,364,447,206,377,360
"Melk",924,1106,1036,1442,883,721,1214,1010
"Memo1",2266,3933,4262,4094,3623,2233,4296,4112
"Men1",1412,2764,2808,2657,2869,1190,2411,2518
"Meox1",16,22,27,33,16,10,29,25
"Mep1a",7,3,3,7,3,1,4,1
"Mepce",995,1858,1902,1862,2008,927,1695,1785
"Mertk",113,248,228,262,259,118,282,262
"Mesdc1",1116,1957,1714,1826,1755,949,1649,1513
"Mesdc2",2534,4953,5854,5285,5781,2278,4271,5512
"Mesp2",1,0,0,1,3,1,0,0
"Mest",2012,2586,3718,3969,1561,1461,3529,3850
"Met",1241,2436,2115,2586,2081,1356,3035,2453
"Metap1",1527,2676,3066,2865,2843,1427,2796,2936
"Metap1d",149,295,337,318,351,183,329,329
"Metap2",5521,9474,10059,11020,9194,6163,11512,11086
"Metrn",327,614,618,596,546,253,487,570
"Metrnl",710,1535,1436,1313,1804,720,1229,1407
"Mettl1",227,450,441,416,449,234,424,413
"Mettl10",295,576,536,592,645,275,599,553
"Mettl11b",0,1,0,0,0,2,1,1
"Mettl13",480,829,1086,939,970,418,853,1028
"Mettl14",594,1086,944,1126,986,601,1288,1049
"Mettl15",261,393,418,472,362,232,393,412
"Mettl16",718,1276,1396,1420,1412,682,1345,1421
"Mettl17",334,629,644,633,648,349,651,623
"Mettl18",128,242,250,230,208,117,237,252
"Mettl2",500,1015,990,996,1059,499,969,996
"Mettl20",162,291,433,357,373,196,343,401
"Mettl21a",1002,2103,2044,1962,2186,899,1717,1956
"Mettl21b",8,13,10,13,19,6,15,14
"Mettl21c",0,1,2,0,2,2,1,1
"Mettl22",218,394,522,419,380,224,410,468
"Mettl23",301,621,590,513,577,332,522,542
"Mettl24",46,84,92,81,59,36,84,70
"Mettl25",191,408,335,358,409,182,364,328
"Mettl3",516,849,886,899,989,479,811,895
"Mettl4",214,444,295,395,368,232,466,353
"Mettl5",164,324,351,338,321,231,350,350
"Mettl6",589,1113,1329,1191,1342,589,1165,1271
"Mettl7a1",547,1382,1432,1178,1667,567,1122,1310
"Mettl7a2",0,1,2,1,0,0,0,1
"Mettl7a3",0,0,0,1,1,0,0,1
"Mettl7b",0,1,1,0,2,2,1,1
"Mettl8",456,815,1004,861,880,428,816,889
"Mettl9",2171,3683,3519,4021,3896,1761,3470,3670
"Mex3a",623,1345,1565,1543,1283,746,1717,1685
"Mex3b",541,1121,925,1141,1099,601,1260,1067
"Mex3c",1068,2334,1890,2513,2127,1366,2959,2491
"Mex3d",1029,2153,2221,2067,2293,1047,1978,2133
"Mfap1a",651,1120,975,1258,1118,738,1393,1259
"Mfap1b",162,278,319,295,313,207,354,316
"Mfap2",263,465,456,483,349,235,421,442
"Mfap3",958,1784,1748,1904,1677,915,2094,1845
"Mfap3l",1106,3275,2104,2283,2033,1506,3945,2452
"Mfap4",64,63,94,114,55,59,125,102
"Mfap5",2044,3519,3682,3650,2902,2279,3553,3598
"Mff",2311,4285,4907,4549,4709,2270,4372,4797
"Mfge8",5357,10644,10574,9837,10837,5020,8873,9567
"Mfhas1",430,853,672,736,876,471,825,686
"Mfi2",1,0,2,4,0,0,0,3
"Mfn1",1309,2472,2521,2605,2329,1360,2777,2595
"Mfn2",2620,4856,5317,5010,4717,2255,4757,5165
"Mfng",2,4,9,4,1,2,3,3
"Mfsd1",2642,6571,5658,5278,7532,2510,5031,5425
"Mfsd10",398,701,685,765,860,366,609,729
"Mfsd11",1244,2770,2635,2373,2854,1081,2221,2475
"Mfsd12",220,452,522,470,403,211,451,512
"Mfsd2a",285,396,359,409,344,293,392,335
"Mfsd2b",5,14,8,8,5,8,15,9
"Mfsd3",197,349,395,377,363,171,296,354
"Mfsd4",197,298,290,348,260,210,406,335
"Mfsd5",1399,2790,2940,2745,3567,1356,2413,2833
"Mfsd6",101,271,174,218,261,135,265,248
"Mfsd7a",433,776,1004,749,708,484,957,875
"Mfsd7b",179,396,360,446,538,252,559,483
"Mfsd7c",11,26,33,19,30,24,38,21
"Mfsd8",242,561,546,508,568,282,649,562
"Mfsd9",147,306,235,271,308,140,227,252
"Mga",597,1908,1166,1437,1416,837,2362,1419
"Mgam",546,1438,723,957,1215,609,923,809
"Mgarp",508,1053,752,861,1463,606,695,771
"Mgat1",2171,4123,4171,4084,4246,2044,3623,3861
"Mgat2",2446,4677,5103,5121,5268,2345,4593,5121
"Mgat3",1368,2770,2219,2345,2814,1141,2113,1962
"Mgat4a",21,43,38,47,45,38,51,43
"Mgat4b",2701,5045,5578,5265,5517,2242,4345,5085
"Mgat4e",1,0,1,1,0,0,0,2
"Mgat5",147,325,287,284,346,95,262,228
"Mgat5b",0,1,1,0,2,0,1,0
"Mgea5",2176,4672,4086,4517,4310,2359,4919,4450
"Mgl2",267,518,686,550,647,282,479,605
"Mgll",536,694,735,755,580,538,941,635
"Mgme1",259,468,540,544,537,266,512,535
"Mgmt",2,7,8,4,4,4,9,6
"Mgp",3778,13742,11044,9240,11177,2672,6247,9727
"Mgrn1",2303,4716,4907,4544,4554,2133,4277,4636
"Mgst1",633,2316,1390,1264,4065,557,966,1256
"Mgst2",103,336,250,251,525,95,191,311
"Mgst3",479,1062,1114,1012,959,425,805,1002
"Mia",0,0,1,2,0,1,1,3
"Mia3",1952,5638,3326,4157,4421,2701,6270,4247
"Miat",13,38,89,76,59,33,113,113
"Mib1",371,1066,644,799,796,398,1367,773
"Mib2",973,2075,1796,1753,2068,800,1656,1662
"Mical1",1749,3400,4212,3647,3457,1652,3309,3922
"Mical2",5014,8701,7972,9148,8515,4711,8419,7882
"Mical3",913,1950,1769,1803,1703,827,2064,1767
"Micalcl",14,32,23,24,29,13,32,20
"Micall1",1077,1982,1567,1666,1754,984,1711,1454
"Micall2",824,1539,1565,1621,1517,733,1294,1565
"Micu1",3599,7404,7924,6881,6760,3437,6650,7189
"Micu2",2591,4583,4758,4976,4570,2471,4736,4772
"Micu3",93,239,150,203,228,135,312,194
"Mid1",1051,1644,1893,1640,1524,1025,1829,1736
"Mid1ip1",1240,2434,2734,2270,3197,1267,2307,2388
"Mid2",314,994,550,728,564,483,1278,764
"Midn",4467,8325,9188,8306,7126,4413,8237,8349
"Mief1",1365,2608,2714,2547,2655,1347,2566,2569
"Mief2",482,897,1245,928,843,505,983,1118
"Mien1",510,1134,1049,962,1256,563,836,1011
"Mier1",745,2358,1371,1758,1720,1032,2796,1793
"Mier2",810,1469,1533,1495,1535,769,1356,1457
"Mier3",394,1076,751,943,886,568,1359,980
"Mif",7749,16703,13017,13334,20688,8683,12100,12717
"Mif4gd",250,501,479,443,526,264,411,448
"Miip",240,387,477,436,420,237,397,459
"Mill2",21,74,26,43,52,14,43,31
"Milr1",158,374,229,264,329,154,246,234
"Mina",424,799,732,748,706,433,784,685
"Mink1",2098,4204,4295,4090,4250,1834,3830,3959
"Minos1",2016,3607,4444,3910,4049,1982,3408,4153
"Minpp1",1603,2894,3102,3023,2924,1566,3001,2984
"Mios",480,994,849,1006,981,572,1211,1002
"Mip",0,6,2,2,2,1,4,3
"Mipep",587,1071,1071,1032,990,522,945,949
"Mipol1",35,94,56,71,93,58,94,80
"Mir103-2",1,1,2,2,2,0,3,1
"Mir106b",0,2,0,1,1,0,1,1
"Mir1191",5,13,20,13,21,12,29,29
"Mir1191b",2,0,1,0,0,0,1,0
"Mir1249",5,5,9,9,10,5,7,9
"Mir1258",1,1,1,0,0,2,1,2
"Mir125a",1,1,0,2,2,1,5,0
"Mir1291",14,7,21,22,21,7,10,16
"Mir130b",0,0,0,1,0,0,1,1
"Mir133a-1",1,0,3,2,1,2,1,2
"Mir133a-2",0,4,5,4,1,7,12,14
"Mir140",0,4,2,0,4,2,1,0
"Mir143",1,2,4,2,4,5,6,1
"Mir143hg",50,90,128,160,90,51,146,185
"Mir145a",10,12,7,12,8,9,7,8
"Mir155hg",9,10,24,29,34,9,25,33
"Mir16-1",3,1,1,3,1,0,2,3
"Mir17hg",31,51,75,99,76,34,85,122
"Mir181d",0,1,0,2,0,0,1,1
"Mir1839",4,5,3,5,8,2,10,5
"Mir186",2,8,6,3,5,5,14,4
"Mir1894",3,7,11,9,5,2,5,7
"Mir1898",5,13,7,12,9,4,23,12
"Mir1907",1,2,1,1,0,0,2,0
"Mir1929",1,1,1,2,0,0,0,2
"Mir1930",1,0,2,3,1,1,3,3
"Mir1932",2,0,2,2,2,0,0,0
"Mir1934",0,0,1,0,1,0,2,1
"Mir1938",0,2,0,0,0,1,1,0
"Mir194-1",1,2,3,3,1,0,5,1
"Mir1943",0,1,2,1,4,2,3,1
"Mir1945",1,1,3,1,1,0,1,0
"Mir1946b",0,0,1,0,0,2,2,3
"Mir1949",3,7,16,8,6,6,16,10
"Mir1956",1,1,2,1,2,5,2,2
"Mir1964",0,0,1,0,1,0,2,1
"Mir1968",5,5,9,4,6,9,13,7
"Mir196b",2,9,11,10,9,2,11,8
"Mir199a-1",2,5,1,2,6,2,4,0
"Mir1b",0,0,2,0,0,2,1,1
"Mir206",3,7,7,6,4,6,4,5
"Mir210",0,2,1,2,3,0,4,3
"Mir215",3,2,1,2,5,2,3,3
"Mir221",2,7,1,3,7,4,3,1
"Mir224",0,1,1,1,0,0,1,0
"Mir22hg",1230,2581,2247,2653,2661,1755,3164,2821
"Mir23a",6,5,11,6,14,4,11,7
"Mir24-2",26,25,59,50,38,26,46,62
"Mir25",3,11,14,8,11,1,10,15
"Mir26b",0,0,2,1,0,0,2,0
"Mir27a",7,5,9,3,6,3,3,5
"Mir296",1,2,2,2,1,1,1,2
"Mir301",0,1,1,0,1,2,5,1
"Mir3058",0,2,0,0,1,2,3,0
"Mir3060",2,6,13,9,8,6,8,10
"Mir3061",20,27,28,26,30,24,39,39
"Mir3064",82,145,233,252,207,131,280,357
"Mir3068",4,4,4,7,3,2,2,7
"Mir3076",0,0,0,1,0,1,0,1
"Mir3091",3,8,2,4,3,3,5,4
"Mir30c-1",0,0,0,1,0,1,0,1
"Mir31",10,18,28,18,33,23,25,21
"Mir3100",0,5,2,0,1,3,3,0
"Mir3101",3,5,6,7,4,3,11,8
"Mir3113",4,10,8,7,10,2,15,5
"Mir324",1,2,1,1,0,0,1,4
"Mir335",0,0,2,1,0,0,3,2
"Mir339",0,1,1,1,5,0,2,4
"Mir343",0,0,3,1,0,1,0,0
"Mir345",4,3,6,6,3,2,1,3
"Mir3470a",0,2,2,0,1,3,7,0
"Mir3470b",0,0,2,1,6,0,0,2
"Mir3471-1",1,0,0,2,0,1,2,1
"Mir3473c",0,1,2,3,3,3,2,2
"Mir3473e",0,0,1,1,1,0,0,0
"Mir34a",2,0,1,3,1,1,0,0
"Mir34c",0,0,1,1,0,0,0,2
"Mir365-2",0,3,6,2,8,3,5,3
"Mir374b",0,0,1,1,0,0,1,0
"Mir378b",1,1,2,1,0,1,0,2
"Mir3960",16,17,13,20,13,4,12,14
"Mir421",1,2,0,3,2,2,2,4
"Mir425",0,4,2,6,6,4,6,7
"Mir450b",0,0,1,1,0,0,1,1
"Mir466i",0,3,1,0,1,2,3,1
"Mir467c",3,6,10,9,9,5,4,9
"Mir483",1,0,0,0,2,0,0,2
"Mir491",0,2,0,2,0,0,1,2
"Mir5098",1,1,1,1,3,1,2,2
"Mir5100",1,0,0,0,1,2,1,0
"Mir5119",2,1,2,3,3,0,4,3
"Mir5133",4,30,31,30,35,6,37,27
"Mir5620",0,2,1,0,0,1,0,1
"Mir568",16,35,21,31,22,32,51,44
"Mir615",0,0,2,1,0,0,2,2
"Mir6358",2,4,1,2,2,3,4,0
"Mir6362",0,0,2,0,2,0,1,0
"Mir6385",4,7,7,5,6,1,16,12
"Mir6386",4,3,4,8,6,5,2,3
"Mir6395",0,0,4,1,3,0,2,1
"Mir6397",0,0,1,1,0,0,0,1
"Mir6403",3,2,5,2,2,1,3,2
"Mir6516",5,9,22,17,16,2,13,20
"Mir677",1,7,3,2,4,0,3,3
"Mir682",50,63,80,78,81,63,57,73
"Mir684-1",24,8,12,13,13,15,10,7
"Mir687",0,2,0,1,0,0,1,0
"Mir688",0,2,2,0,2,0,1,0
"Mir6909",1,1,0,0,0,0,1,0
"Mir6912",0,1,1,1,0,0,0,0
"Mir6913",2,1,1,2,2,0,1,0
"Mir6928",1,0,1,1,0,0,0,0
"Mir6929",0,0,2,1,2,1,0,3
"Mir6931",5,7,9,10,15,8,12,16
"Mir6935",23,44,26,36,25,27,46,29
"Mir6939",0,3,0,1,1,1,3,1
"Mir6941",0,1,1,0,1,0,0,0
"Mir6942",2,1,0,2,1,1,0,0
"Mir6945",1,2,2,0,4,0,2,1
"Mir6948",5,2,1,1,4,1,3,2
"Mir6954",0,2,0,0,1,1,0,0
"Mir6955",2,4,1,2,1,2,3,4
"Mir6960",0,0,0,1,0,1,1,0
"Mir6966",0,2,1,0,1,0,0,0
"Mir697",3,3,5,5,4,2,4,8
"Mir6976",2,1,0,4,3,0,4,2
"Mir6984",0,1,0,0,2,1,1,0
"Mir6990",4,1,11,7,3,7,3,7
"Mir6993",0,2,0,0,2,0,1,0
"Mir6998",1,0,1,1,0,3,1,0
"Mir6999",3,2,3,4,1,0,5,2
"Mir7-1",28,51,28,38,37,34,35,22
"Mir7001",9,4,22,17,6,11,12,24
"Mir7013",2,3,4,7,4,1,9,4
"Mir7014",0,3,0,1,1,1,2,0
"Mir7025",3,0,2,2,2,1,3,1
"Mir7026",0,1,2,3,3,0,1,3
"Mir7027",0,1,0,0,1,1,3,4
"Mir7028",0,0,3,0,0,0,1,1
"Mir703",11,128,163,182,172,15,119,157
"Mir7030",1,0,0,3,1,1,3,2
"Mir7031",0,0,0,1,1,1,0,2
"Mir7035",0,1,1,0,0,0,1,1
"Mir7041",2,0,1,2,1,1,0,0
"Mir7050",0,0,2,0,1,0,0,1
"Mir7051",0,1,3,1,0,1,0,2
"Mir7052",6,8,9,7,5,4,7,6
"Mir7061",1,2,4,2,0,3,1,3
"Mir7063",0,4,3,0,2,3,1,0
"Mir7079",6,10,2,6,1,1,6,9
"Mir7081",1,0,1,1,0,0,1,0
"Mir7087",0,0,1,1,0,0,0,4
"Mir7089",0,0,0,1,3,0,1,2
"Mir7115",2,3,1,1,2,2,5,3
"Mir7211",0,1,0,0,1,0,1,0
"Mir7237",0,2,3,0,0,1,1,0
"Mir7240",1,1,1,0,1,0,3,2
"Mir744",1,1,1,0,0,2,1,0
"Mir761",0,5,2,7,4,3,7,9
"Mir7660",0,2,1,0,2,0,0,0
"Mir7662",5,9,9,9,6,7,14,6
"Mir7664",0,2,1,1,1,0,6,0
"Mir7666",2,1,0,3,5,3,3,2
"Mir7667",1,0,0,0,1,0,1,2
"Mir7669",0,0,2,0,1,2,1,2
"Mir7673",3,1,2,3,6,3,6,2
"Mir7674",3,3,3,3,4,6,8,5
"Mir8091",2,5,1,4,2,4,6,4
"Mir8094",0,2,10,6,7,4,6,12
"Mir8102",0,1,2,0,0,1,2,0
"Mir8112",1,1,2,1,1,0,1,3
"Mir8116",1,0,3,1,0,1,0,1
"Mir9-2",1,1,0,1,0,0,0,0
"Mir93",0,1,1,0,0,2,1,0
"Mir99a",0,1,1,0,0,0,0,1
"Mir99ahg",10,17,28,18,24,20,19,30
"Mira",183,324,403,371,373,193,378,454
"Mirc35hg",0,2,0,0,1,0,2,2
"Mirlet7a-1",0,2,0,1,0,0,2,2
"Mirlet7d",9,8,27,23,26,14,17,25
"Mirlet7f-1",2,0,2,3,4,2,1,7
"Mirlet7i",0,1,0,1,1,4,1,1
"Mis12",1064,1829,1781,2055,1849,1179,2145,1948
"Mis18a",322,431,404,543,426,268,502,488
"Mis18bp1",128,245,146,239,118,127,299,206
"Misp",2,6,10,6,4,8,11,9
"Mitd1",216,400,489,517,570,245,491,556
"Mitf",184,581,350,442,465,233,578,448
"Mki67",936,2060,1160,1718,1065,1084,2358,1554
"Mkks",788,1439,1435,1380,1469,786,1455,1391
"Mkl1",2048,3659,3490,3722,3236,1864,3366,3425
"Mkl2",780,1660,1452,1571,1611,784,1686,1602
"Mkln1",1454,2886,3036,2960,2585,1573,3504,3135
"Mkln1os",4,9,8,6,15,5,8,6
"Mknk1",665,1384,1325,1273,1529,658,1246,1181
"Mknk2",2836,6443,6124,5271,5555,2654,5162,5348
"Mkrn1",900,2045,1907,1764,2301,884,1668,1808
"Mkrn2",630,1162,1313,1155,1341,610,1079,1153
"Mkrn2os",6,13,17,17,15,6,17,23
"Mkrn3",9,24,28,21,25,12,29,28
"Mks1",206,373,378,406,385,236,362,377
"Mkx",14,43,29,38,52,19,44,40
"Mlana",0,3,0,1,0,0,0,1
"Mlc1",3,3,3,7,2,4,4,6
"Mlec",10103,20526,18278,18246,17939,8835,17627,17061
"Mlf1",17,17,23,29,24,20,19,25
"Mlf2",5194,8935,9435,9312,9279,4639,8220,8972
"Mlh1",364,601,620,677,616,338,612,622
"Mlh3",159,401,233,314,272,184,449,264
"Mlip",6,8,8,5,4,6,13,2
"Mlkl",603,1048,869,992,1109,598,976,825
"Mllt1",1568,2875,2805,2913,2725,1320,2592,2740
"Mllt10",477,1097,885,1045,1046,597,1249,1067
"Mllt11",807,1318,1844,1420,1315,876,1601,1692
"Mllt3",335,787,515,672,579,355,888,640
"Mllt4",1336,2791,2289,2662,2708,1452,2933,2454
"Mllt6",1302,2868,2493,2449,2821,1240,2565,2292
"Mlph",4,13,1,5,5,2,9,6
"Mlst8",350,611,658,599,607,330,593,586
"Mlx",834,1537,1717,1508,1630,737,1468,1523
"Mlxip",885,1757,1845,1812,1824,826,1792,1823
"Mlycd",425,768,798,739,784,422,638,714
"Mmaa",360,710,789,707,676,365,679,728
"Mmab",416,899,865,797,845,420,782,800
"Mmachc",523,895,1051,933,846,508,962,934
"Mmadhc",2533,4687,5517,4973,4781,2511,4775,5297
"Mmd",3221,7398,7787,7026,11268,2971,5728,7476
"Mme",13,42,34,21,54,22,58,15
"Mmel1",7,6,10,15,4,3,6,14
"Mmgt1",1354,2561,1980,2751,2348,1408,3311,2613
"Mmgt2",390,803,810,771,909,363,647,771
"Mmp10",3,17,6,4,51,1,4,10
"Mmp11",1313,3690,3192,2667,4626,1338,2571,2928
"Mmp12",0,1,6,0,1,0,0,0
"Mmp13",0,11,2,0,253,1,4,5
"Mmp14",15130,26468,30790,29203,26985,13657,27940,29615
"Mmp15",1496,2708,2917,2485,1780,1529,2997,2543
"Mmp16",108,178,107,172,201,91,168,117
"Mmp17",10,14,7,14,10,12,22,8
"Mmp19",1238,2549,2554,2558,2763,1075,2193,2450
"Mmp2",23208,49092,46063,44365,47914,21180,38702,42552
"Mmp23",311,551,601,546,487,330,545,496
"Mmp24",1,1,4,1,0,0,0,1
"Mmp25",3,4,5,6,4,3,9,5
"Mmp27",0,0,1,0,3,0,0,2
"Mmp28",177,393,384,348,485,117,269,327
"Mmp3",4,35,20,10,214,1,5,16
"Mmp7",0,0,2,0,1,1,0,0
"Mmp8",6,41,11,11,11,6,13,12
"Mmp9",83,99,199,177,70,72,114,179
"Mmrn2",2,0,2,4,3,2,2,2
"Mms19",852,1668,1694,1675,1673,731,1500,1571
"Mms22l",332,494,432,561,388,289,534,467
"Mn1",245,294,294,364,266,192,310,267
"Mnat1",1351,2327,2823,2744,2561,1497,2602,2826
"Mnd1",148,263,227,313,214,165,256,276
"Mnd1-ps",1,1,0,1,2,1,0,0
"Mnda",203,454,231,379,444,209,457,281
"Mndal",32,95,60,71,110,54,100,64
"Mns1",53,104,62,115,82,67,131,127
"Mnt",649,1582,1225,1265,1617,631,1133,1213
"Moap1",0,0,2,0,0,1,1,0
"Mob1a",1246,2471,1898,2524,2157,1089,2810,2197
"Mob1b",323,870,543,671,597,355,1053,641
"Mob2",567,1140,1352,1105,1294,557,1099,1235
"Mob3a",1215,2131,2418,2326,1926,1053,1996,2311
"Mob3b",86,157,128,130,98,93,213,136
"Mob3c",176,369,406,384,403,242,390,420
"Mob4",1541,3392,2939,3467,2926,1967,4397,3542
"Mocos",43,134,78,78,163,42,60,62
"Mocs1",465,1218,1265,1039,1711,388,905,1113
"Mocs2",835,1553,1811,1774,1817,929,1744,1872
"Mocs3",179,306,337,296,301,135,270,282
"Mog",4,10,7,8,7,7,8,6
"Mogat1",0,0,1,0,2,0,0,3
"Mogat2",139,235,254,243,263,141,198,208
"Mogs",1425,2624,2807,2826,2901,1402,2363,2846
"Mok",87,157,148,170,157,94,122,155
"Mon1a",224,453,412,396,434,206,395,391
"Mon1b",471,846,775,845,891,427,791,744
"Mon2",2498,5198,4616,4856,5228,2369,5011,4580
"Morc2a",2043,4014,4280,4161,4057,1988,4266,4282
"Morc2b",2,2,3,3,4,1,4,6
"Morc3",1053,2508,2050,2585,2196,1442,3393,2641
"Morc4",409,696,922,795,601,421,865,813
"Morf4l1",9186,16890,20245,19611,18524,9213,18465,20079
"Morf4l1-ps1",801,145,155,163,131,805,157,141
"Morf4l2",12186,20705,22598,22232,20782,12084,21323,22111
"Morn1",24,63,81,52,79,27,41,48
"Morn2",95,143,134,162,128,88,109,154
"Morn3",3,3,6,4,3,1,2,6
"Morn4",534,1077,1149,1003,1101,542,941,1008
"Morn5",4,2,8,6,2,3,0,4
"Mos",3,3,2,4,1,0,1,1
"Mospd1",684,1308,1468,1423,1507,738,1768,1611
"Mospd2",350,1156,649,851,897,559,1379,923
"Mospd3",429,668,725,776,687,387,640,688
"Mospd4",0,2,4,2,3,0,1,2
"Mov10",480,888,818,887,769,367,744,777
"Mov10l1",9,16,17,14,9,7,17,12
"Moxd1",3,2,2,3,2,1,1,1
"Mpc1",476,352,427,408,386,424,373,415
"Mpc2",739,1217,1477,1396,1264,671,1264,1450
"Mpdu1",566,1032,986,1028,1010,521,911,958
"Mpdz",1372,3232,2220,3095,2572,1585,3841,2863
"Mpeg1",2,20,5,4,23,2,8,14
"Mpg",462,740,745,750,764,420,671,666
"Mphosph10",403,1044,834,951,934,577,1312,977
"Mphosph6",473,710,742,805,710,490,704,695
"Mphosph8",196,676,478,517,491,278,809,629
"Mphosph9",217,516,402,518,464,297,647,554
"Mpi",1033,1777,2365,1922,1770,1068,1979,2144
"Mplkip",330,572,629,636,572,346,606,634
"Mpnd",1114,2256,2334,2154,2263,979,1910,2152
"Mpo",1,1,0,2,0,0,1,2
"Mpp1",1572,2984,3355,3189,2829,1539,2984,3288
"Mpp2",289,589,455,472,492,268,470,399
"Mpp3",15,20,52,31,17,14,45,44
"Mpp4",2,10,8,1,5,8,4,7
"Mpp5",419,1191,732,879,739,491,1373,895
"Mpp6",504,899,905,964,943,629,1150,968
"Mpp7",8,13,10,14,9,27,25,11
"Mppe1",323,501,547,551,485,251,471,468
"Mprip",10327,18201,19579,19080,17839,9613,18095,18828
"Mpst",711,1424,1342,1324,1294,571,1069,1235
"Mpv17",964,2137,1952,1861,2299,952,1644,1823
"Mpv17l",75,189,168,201,230,81,223,193
"Mpv17l2",373,745,774,696,786,344,648,759
"Mpz",1,8,7,7,5,2,11,11
"Mpzl1",841,1482,1681,1690,1742,777,1402,1665
"Mpzl3",21,23,19,23,19,25,28,19
"Mr1",993,1751,1959,2330,1866,1086,2384,2401
"Mrap2",0,1,1,0,1,0,4,0
"Mras",944,1763,1796,1770,1956,854,1582,1594
"Mrc1",5,10,9,16,7,6,14,14
"Mrc2",6791,13336,11917,12548,11191,5753,11376,11272
"Mre11a",632,1122,1113,1266,1120,514,1206,1181
"Mreg",126,222,280,247,628,94,199,264
"Mrfap1",7837,11551,13899,12758,11998,7194,11222,12926
"Mrgbp",474,952,824,774,1146,484,739,759
"Mrgprd",0,1,3,0,1,0,2,0
"Mrgpre",171,485,313,308,537,148,298,315
"Mrgprf",660,1181,1527,1397,1063,529,1224,1417
"Mri1",517,847,1286,1103,1107,411,956,1231
"Mrln",48,120,140,108,73,61,138,149
"Mrm1",236,478,506,472,675,227,405,498
"Mro",4,7,8,6,6,1,13,5
"Mroh1",977,2940,1942,1756,2930,922,1772,1685
"Mroh2a",2,6,4,5,10,3,7,5
"Mroh4",3,5,4,3,0,1,3,0
"Mroh6",9,15,11,12,8,4,24,11
"Mroh7",1,0,6,2,0,3,2,3
"Mroh8",0,7,3,3,4,2,6,7
"Mroh9",1,1,3,2,0,0,1,0
"Mrpl1",424,887,863,943,897,578,1077,1026
"Mrpl10",1434,2514,2715,2744,2528,1241,2283,2727
"Mrpl11",681,1302,1615,1337,1467,755,1269,1530
"Mrpl12",1428,2622,3138,2789,2734,1458,2541,2959
"Mrpl13",1774,3149,3440,3369,3368,1586,3093,3434
"Mrpl14",693,1465,1620,1410,1683,757,1278,1455
"Mrpl15",1038,1821,2386,2081,2005,1031,1919,2330
"Mrpl16",678,1173,1523,1347,1181,641,1191,1402
"Mrpl17",1145,2162,2479,2217,2232,1167,2040,2403
"Mrpl18",1256,2047,2509,2386,2082,1304,2135,2406
"Mrpl19",602,1124,1376,1163,1221,622,1127,1256
"Mrpl2",812,1674,1986,1654,1943,877,1581,1778
"Mrpl20",843,1472,1911,1723,1809,900,1430,1881
"Mrpl21",667,1103,1543,1252,1202,672,1156,1361
"Mrpl22",450,918,1165,942,954,518,940,1017
"Mrpl23",539,970,967,947,1041,523,814,976
"Mrpl24",948,1584,1754,1619,1759,908,1393,1666
"Mrpl27",511,823,962,880,920,577,796,959
"Mrpl28",1160,2139,2454,2185,2162,1116,1897,2237
"Mrpl3",1286,2352,3141,2640,2739,1309,2492,2853
"Mrpl30",1222,2338,2792,2409,2552,1300,2227,2643
"Mrpl32",584,984,1196,1150,1085,633,1131,1205
"Mrpl33",1381,2722,3217,2714,3273,1565,2472,3019
"Mrpl34",354,740,797,684,824,384,643,713
"Mrpl35",317,594,707,575,694,414,610,657
"Mrpl36",475,861,1027,939,1043,488,818,971
"Mrpl37",947,1863,2109,1825,1779,987,1756,2016
"Mrpl38",1110,2090,2404,2017,2187,1087,1899,2062
"Mrpl39",894,1690,1985,1768,1956,999,1767,1889
"Mrpl4",801,1489,1708,1481,1620,700,1370,1536
"Mrpl40",648,1207,1326,1250,1351,669,1186,1294
"Mrpl41",492,892,1162,1007,977,508,919,1102
"Mrpl42",1429,2403,2565,2544,2227,1303,2398,2534
"Mrpl43",910,1720,2038,1826,1833,881,1620,1964
"Mrpl44",573,974,1188,1066,1070,578,879,1125
"Mrpl45",1084,1950,2166,1984,1901,970,1906,1949
"Mrpl46",270,512,519,475,491,270,471,479
"Mrpl47",340,603,669,675,621,373,727,681
"Mrpl48",477,758,879,813,782,470,735,803
"Mrpl49",979,1787,2128,1851,1825,967,1809,2002
"Mrpl50",902,1722,1988,1992,1973,1035,1997,2188
"Mrpl51",1083,1903,2373,2055,1924,994,1867,2119
"Mrpl52",693,1242,1516,1326,1471,693,1162,1402
"Mrpl53",602,975,1138,989,1061,666,939,1100
"Mrpl54",453,856,917,785,942,449,702,816
"Mrpl55",256,489,527,451,463,229,449,464
"Mrpl57",300,576,749,651,729,347,537,726
"Mrpl9",1347,2604,2770,2606,2508,1259,2518,2705
"Mrps10",874,1585,1923,1737,1760,943,1592,1840
"Mrps11",416,771,833,760,756,394,721,757
"Mrps12",336,666,716,637,713,336,557,673
"Mrps14",559,1030,1275,1176,1150,584,985,1262
"Mrps15",622,1057,1126,1161,1052,594,1033,1135
"Mrps16",756,1348,1496,1413,1281,790,1188,1492
"Mrps17",1119,2029,2418,2196,2270,1079,1998,2377
"Mrps18a",657,1262,1379,1239,1312,605,1124,1371
"Mrps18b",637,1074,1243,1104,1269,649,1031,1183
"Mrps18c",605,991,1339,1184,1091,596,1125,1281
"Mrps2",973,1817,1933,1838,1881,990,1728,1882
"Mrps21",870,1635,1652,1528,1609,959,1432,1624
"Mrps22",601,1040,1186,1103,1005,577,1096,1147
"Mrps23",1452,2550,3177,2680,2693,1518,2473,2787
"Mrps24",672,1187,1388,1239,1319,630,1055,1256
"Mrps25",554,940,1188,1025,936,483,971,1017
"Mrps26",707,1252,1345,1300,1287,758,1192,1363
"Mrps27",631,1052,1180,1032,1051,556,901,1096
"Mrps28",288,474,534,531,550,269,440,544
"Mrps30",819,1504,1536,1484,1569,810,1415,1487
"Mrps31",482,861,1060,990,983,532,996,1090
"Mrps33",556,814,880,819,888,605,762,829
"Mrps34",821,1437,1691,1559,1481,742,1378,1670
"Mrps35",458,783,846,834,843,380,696,843
"Mrps36",556,842,824,849,815,599,738,839
"Mrps5",736,1208,1440,1368,1311,721,1284,1419
"Mrps6",521,912,904,804,1061,560,816,877
"Mrps7",1116,2042,2414,2040,2102,1121,1931,2173
"Mrps9",630,1240,1377,1283,1453,725,1344,1424
"Mrrf",653,1172,1076,1088,1203,618,947,1029
"Mrs2",301,693,715,626,714,306,769,653
"Mrto4",962,1704,1977,1853,2086,992,1678,1997
"Mrvi1",30,29,35,46,39,32,43,46
"Ms4a10",2,5,1,4,2,0,2,3
"Ms4a18",1,1,2,1,1,1,1,0
"Ms4a4c",0,0,1,0,1,0,3,0
"Ms4a4d",339,458,498,552,467,446,603,532
"Ms4a6b",0,2,1,0,0,0,1,2
"Ms4a6c",1,2,3,1,3,4,5,2
"Ms4a6d",1,4,6,3,2,6,6,5
"Ms4a8a",1,2,2,1,2,0,1,3
"Msantd1",0,0,2,2,2,0,1,3
"Msantd2",215,418,384,454,437,258,515,447
"Msantd3",556,1097,1136,1044,1054,495,1007,1026
"Msantd4",1595,3131,3551,3434,3250,1626,3733,3750
"Msc",94,153,130,155,121,106,90,148
"Msh2",781,1292,1392,1500,1489,707,1338,1453
"Msh3",297,594,473,586,660,333,630,539
"Msh4",1,1,3,3,2,0,6,2
"Msh5",39,69,61,75,74,23,69,65
"Msh6",1303,1957,2010,2288,1866,1065,2112,1924
"Msi1",21,53,67,49,62,35,75,63
"Msi2",2731,7159,5160,5836,5254,4024,9423,6247
"Msl1",1817,3001,3110,3218,3157,1769,3124,3200
"Msl2",709,1882,1370,1711,1620,1006,2276,1793
"Msl3",1096,2044,2112,2199,2062,1120,2290,2209
"Msl3l2",71,166,115,132,213,77,106,141
"Msln",3651,7203,10365,7160,6514,4243,8624,8847
"Mslnl",1,6,4,2,3,1,9,4
"Msmo1",2450,5054,4047,4348,5696,2275,4336,3913
"Msn",22882,40421,41673,43040,40167,22245,42783,41590
"Msr1",6,12,10,13,19,13,9,13
"Msra",156,322,401,317,365,158,328,351
"Msrb1",571,970,1028,1007,968,550,909,976
"Msrb2",54,96,68,79,72,57,77,65
"Msrb3",4053,6100,6797,7797,5536,3806,7657,7302
"Mss51",130,224,310,248,199,164,382,346
"Mst1",3,8,8,4,9,5,2,4
"Mst1r",16,24,16,22,25,5,17,15
"Mstn",1,8,8,8,2,2,11,18
"Msto1",584,1040,1259,1149,1062,490,1049,1179
"Msx1",69,86,95,93,81,45,78,82
"Msx1os",14,14,13,22,15,5,16,21
"Msx2",12,11,16,18,15,10,11,17
"Msx3",4,8,14,5,10,5,9,9
"Mt1",2393,8931,5813,5050,20196,2678,4696,5875
"Mt2",1819,7200,5149,4588,25215,2148,3976,5568
"Mt3",0,0,1,0,2,1,0,0
"Mta1",2749,4813,5215,5280,5010,2565,4680,5131
"Mta2",1692,3026,3269,3256,3206,1583,2873,3233
"Mta3",737,1333,1559,1525,1454,749,1399,1627
"Mtag2",0,3,8,2,1,0,0,4
"Mtap",2428,4202,4693,5231,4742,2376,4637,5201
"Mtap7d3",4,19,16,15,19,6,24,18
"Mtbp",604,995,973,1109,1121,581,1098,1015
"Mtch1",10356,17391,20720,19561,15827,9803,17189,19338
"Mtch2",3563,6449,7774,7046,7182,3514,6484,7426
"Mtcl1",863,1561,1656,1532,1397,827,1634,1503
"Mtcp1",28,62,56,60,47,31,70,60
"Mtdh",3062,8754,6892,7320,7398,3972,9906,8031
"Mterf1a",76,140,131,135,138,76,161,135
"Mterf1b",49,72,86,94,90,59,96,98
"Mterf2",176,328,346,341,317,190,398,335
"Mterf3",427,823,724,889,840,538,1061,912
"Mterf4",439,902,953,901,891,454,844,981
"Mtf1",642,1442,1272,1281,1220,787,1541,1272
"Mtf2",320,1046,811,964,855,532,1520,1027
"Mtfmt",234,453,497,504,504,250,425,506
"Mtfp1",105,196,223,179,193,85,188,211
"Mtfr1",1157,2155,2331,2265,2511,1232,2426,2361
"Mtfr1l",2288,4778,5634,4697,4973,2222,4547,5160
"Mtfr2",233,238,273,360,234,186,288,317
"Mtg1",219,375,480,413,464,223,351,446
"Mtg2",327,661,689,627,735,321,595,671
"Mthfd1",1430,2419,3201,2970,2798,1370,2578,3039
"Mthfd1l",1564,3881,2001,2493,3737,1447,2149,1936
"Mthfd2",1299,3274,2730,2438,4034,1314,2374,2575
"Mthfd2l",256,557,548,572,619,312,638,655
"Mthfr",1168,2369,2469,2391,2596,1034,2282,2395
"Mthfs",47,63,82,87,95,55,65,91
"Mthfsd",236,530,522,484,497,230,477,529
"Mthfsl",89,111,146,126,161,100,120,136
"Mtif2",599,1372,1151,1369,1241,836,1702,1444
"Mtif3",339,587,753,659,579,370,589,723
"Mtl5",13,35,40,38,30,13,42,45
"Mtm1",63,204,131,162,228,90,209,174
"Mtmr1",737,1473,1371,1568,1286,863,2031,1573
"Mtmr10",716,1380,1390,1526,1468,763,1620,1543
"Mtmr11",548,1032,973,1037,1129,470,933,986
"Mtmr12",642,1194,1057,1255,1071,569,1264,1170
"Mtmr14",605,1212,1254,1138,1123,527,1035,1167
"Mtmr2",1643,2804,3147,3337,3082,1536,3204,3354
"Mtmr3",2006,4191,4012,3892,4348,1829,3748,3843
"Mtmr4",1341,2455,2766,2669,2396,1112,2427,2617
"Mtmr6",2481,4747,4811,5069,4986,2521,5410,5194
"Mtmr7",22,45,56,38,28,30,58,35
"Mtmr9",874,1717,1786,1698,1642,803,1774,1712
"Mto1",444,698,911,797,806,360,733,799
"Mtor",1797,3696,3870,3498,3704,1602,3563,3605
"Mtpap",803,1544,1587,1742,1632,827,1837,1805
"Mtpn",5382,12685,9900,12288,11861,6693,14329,12082
"Mtr",566,951,1052,1194,851,547,1191,1170
"Mtrf1",41,67,72,69,68,23,44,57
"Mtrf1l",127,287,305,289,237,189,336,322
"Mtrr",644,1124,1107,1157,1192,659,1191,1072
"Mtss1",3159,6770,5566,6512,6417,3158,6844,6274
"Mtss1l",6017,10147,12299,11376,8550,5863,11610,11662
"Mttp",468,799,1047,920,756,417,918,1017
"Mturn",539,1614,1097,1147,1587,484,1026,1068
"Mtus1",757,1490,1211,1510,1284,937,1892,1380
"Mtus2",1,8,13,6,5,5,15,10
"Mtx1",717,1319,1320,1290,1342,663,1231,1356
"Mtx2",1003,1874,1989,1995,1986,1074,1952,2122
"Mtx3",332,808,660,830,750,373,1074,819
"Muc1",8,15,13,10,27,3,20,10
"Muc13",4,10,5,7,18,1,4,3
"Muc2",0,2,5,0,1,2,4,1
"Muc20",2,0,0,3,1,1,0,3
"Muc4",5,9,6,6,4,10,9,3
"Muc5b",1,1,1,1,1,0,1,1
"Mug1",0,2,2,0,1,0,2,1
"Mul1",711,1483,1369,1306,1454,693,1187,1348
"Mum1",1226,1996,2471,2345,2111,1182,2065,2242
"Mum1l1",261,765,509,621,370,296,953,611
"Munc",8,25,31,15,20,21,23,28
"Mup10",0,1,3,0,3,0,3,0
"Mup13",1,1,1,1,1,0,1,0
"Mup14",0,1,0,1,2,1,0,2
"Mup20",1,1,1,2,1,0,2,2
"Mup3",0,2,4,4,3,1,5,2
"Mup7",2,0,0,1,1,0,5,0
"Murc",5035,9374,12133,9784,8220,5957,12070,11689
"Mus81",579,1085,1091,1019,1016,530,953,967
"Musk",566,1504,1331,1258,1098,637,1809,1382
"Mustn1",1441,3208,3272,2541,2972,1668,2901,3029
"Mut",970,2131,1773,2160,1936,1118,2383,2149
"Mutyh",49,112,100,92,88,51,91,92
"Mvb12a",646,1341,1230,1217,1404,588,1120,1178
"Mvb12b",753,1684,1344,1374,1730,570,1178,1216
"Mvd",495,1001,1003,865,1071,476,849,872
"Mvk",539,1022,961,962,949,438,831,887
"Mvp",3585,7411,7792,6864,7478,3345,6500,7133
"Mx1",8,11,4,7,24,19,8,1
"Mx2",23,50,22,37,69,56,33,22
"Mxd1",494,937,915,867,923,531,948,840
"Mxd3",369,390,395,578,308,247,474,458
"Mxd4",940,1824,2080,1982,1616,838,1829,1983
"Mxi1",1330,2720,2512,2634,3551,1161,2190,2489
"Mxra7",3031,5904,5782,5528,4799,2961,4839,5292
"Mxra8",7298,13814,14808,13714,13030,6633,11835,13913
"Myadm",12235,22047,23685,23565,23011,12150,21648,23810
"Myadml2",8,16,28,18,10,8,16,23
"Myb",13,13,13,22,10,12,29,16
"Mybbp1a",4940,9033,11437,10010,10803,4386,8919,10534
"Mybl1",77,232,137,174,144,126,295,183
"Mybl2",479,495,371,605,388,337,535,388
"Mybpc1",134,178,303,226,216,222,453,334
"Mybpc2",89,138,256,158,154,164,236,255
"Mybph",9569,15018,22180,15919,12500,11121,19793,19317
"Myc",1184,2018,1676,1996,2532,1213,1783,1664
"Mycbp",588,827,1123,1137,821,559,1073,1213
"Mycbp2",661,2123,1301,1612,1697,932,2348,1567
"Mycbpap",18,25,21,36,16,10,17,25
"Mycl",1258,2176,2062,2291,1441,1078,1895,2086
"Mycn",8,12,13,11,1,10,18,6
"Myd88",544,986,1193,1066,1375,511,865,1103
"Mydgf",1638,3127,3395,3124,3393,1696,2610,3107
"Myef2",991,2018,1395,1963,1642,1366,2653,2027
"Myeov2",992,2072,2594,2179,2403,1221,1896,2475
"Myf5",376,1034,734,960,1046,572,1123,1022
"Myf6",20,17,33,27,14,18,16,22
"Myg1",826,1528,1701,1535,1673,784,1363,1505
"Myh1",7407,12218,19028,13363,10894,8920,23077,18562
"Myh10",2853,5411,4651,5879,4337,2473,6025,5313
"Myh11",1,6,7,4,5,2,4,6
"Myh13",19,35,8,31,24,17,41,20
"Myh14",9,26,35,21,22,15,41,33
"Myh2",273,839,1255,862,782,380,1583,1183
"Myh3",15423,25165,35461,29797,21205,15241,37103,32836
"Myh4",557,669,1500,963,616,564,1821,1454
"Myh6",80,146,272,205,169,110,292,215
"Myh7",612,627,1101,894,802,725,1220,931
"Myh7b",62,121,138,125,110,99,200,160
"Myh8",875,1039,2205,1538,1222,1136,2600,1951
"Myh9",34834,63590,64325,66622,55995,30249,62680,62621
"Myl1",14117,24492,34467,24756,21454,16155,31904,30934
"Myl10",4,2,6,9,3,1,3,7
"Myl12a",22169,43084,48545,43696,39814,22219,39290,44338
"Myl12b",3359,9953,10520,9177,9745,3295,7796,9073
"Myl2",4,6,24,7,6,5,14,14
"Myl3",1,1,3,1,1,1,1,0
"Myl4",8190,11045,21259,13981,11726,11374,18323,18730
"Myl6",15931,26959,29590,29891,26086,16310,26164,29211
"Myl6b",1777,2569,3900,3078,2154,1972,3362,3474
"Myl9",4117,5357,8803,8126,4396,4221,7107,7963
"Mylip",507,885,1504,1206,1020,644,1265,1457
"Mylk",965,2173,2078,2047,1864,1078,2288,2118
"Mylk2",328,762,694,561,455,327,725,654
"Mylk3",14,22,21,27,10,5,29,24
"Mylk4",703,1111,1640,1385,1088,849,1913,1521
"Mylpf",26598,51682,69311,49173,44157,34112,56910,61111
"Mynn",478,1233,872,1073,1029,606,1469,1046
"Myo10",6305,12385,13398,12871,11171,5941,13356,13150
"Myo15",2,3,2,3,3,2,2,2
"Myo16",0,2,0,1,0,0,2,1
"Myo18a",3688,7254,8153,7127,6173,3262,7556,7664
"Myo18b",179,250,290,266,189,170,387,253
"Myo19",340,593,546,620,525,328,675,603
"Myo1a",8,17,12,14,7,2,21,12
"Myo1b",837,1894,1191,1742,1552,916,2018,1557
"Myo1c",11333,20475,23168,21415,19517,10029,20873,21705
"Myo1d",1425,3140,3044,2847,2947,1265,2491,2757
"Myo1e",2773,5122,5177,5212,4425,2373,5035,5067
"Myo1g",6,3,7,7,6,2,4,3
"Myo1h",30,61,58,63,86,38,55,65
"Myo3b",1,2,3,2,2,1,2,1
"Myo5a",1196,4151,2224,2865,3053,1729,4750,2965
"Myo5b",0,2,0,2,1,2,3,3
"Myo5c",0,5,2,2,2,0,2,3
"Myo6",335,838,725,754,892,388,869,765
"Myo7a",27,30,21,46,38,22,34,31
"Myo7b",2,7,7,4,12,2,8,14
"Myo9a",337,1206,600,793,736,396,1327,786
"Myo9b",2882,5653,5054,5306,5240,2675,5096,4884
"Myoc",1,1,4,3,1,0,1,3
"Myocd",1,5,0,3,0,1,3,2
"Myod1",4376,7076,7338,7441,5094,4108,7004,7116
"Myof",8963,16279,15919,17467,15463,7892,18200,16399
"Myog",15942,24952,36334,29670,21458,17468,29692,32110
"Myom1",1139,1742,2940,2232,1629,1224,2811,2740
"Myom2",7735,15857,19793,14723,12154,7880,19050,17874
"Myom3",1235,1963,3561,2480,1897,1365,3369,3314
"Myot",52,73,162,100,77,97,189,158
"Myoz1",12,23,20,25,17,13,22,41
"Myoz2",864,1349,2026,1486,1291,1130,1821,1780
"Myoz3",0,3,1,0,2,1,3,2
"Mypn",296,474,707,541,411,319,671,602
"Mypop",246,420,562,491,479,222,400,537
"Myrf",110,247,186,185,155,104,179,177
"Myrfl",1,2,0,2,4,3,7,1
"Myrip",5,9,23,9,15,10,26,16
"Mysm1",191,650,368,442,430,272,766,454
"Myt1",0,0,0,1,3,0,1,1
"Myzap",251,396,495,584,338,220,525,585
"Mzb1",0,0,0,0,1,0,1,1
"Mzf1",8,25,17,14,13,8,24,17
"Mzt1",1225,2638,1963,2770,2390,1617,3275,2693
"Mzt2",340,774,837,725,875,396,644,812
"N4bp1",2187,4281,4179,4559,4718,2239,4664,4719
"N4bp2",102,304,173,233,217,136,390,234
"N4bp2l1",13,84,63,33,198,35,54,44
"N4bp2l2",875,2030,1562,1892,1665,1083,2523,1870
"N4bp3",252,361,484,415,339,278,446,435
"N6amt1",278,530,600,637,648,293,643,664
"N6amt2",543,968,1040,1035,897,552,902,1049
"Naa10",712,1203,1410,1344,1131,634,1170,1329
"Naa11",2,4,0,3,1,4,1,4
"Naa15",1118,3299,2161,2633,2261,1522,4132,2836
"Naa16",109,333,238,268,291,219,421,295
"Naa20",1096,1934,2443,2149,2315,1234,2231,2370
"Naa25",817,1722,1664,1844,1837,931,2159,1956
"Naa30",786,1732,1595,1767,1543,960,2295,1924
"Naa35",1266,2227,2328,2346,2355,1232,2177,2299
"Naa38",359,537,552,546,526,381,485,569
"Naa40",888,1459,1618,1620,1619,822,1490,1619
"Naa50",3609,8383,7157,8732,6963,4612,12054,9300
"Naa60",1270,2248,2530,2419,2271,1168,2274,2382
"Naaa",507,789,887,953,984,439,747,915
"Naalad2",215,425,377,455,366,225,461,404
"Naaladl1",12,5,20,18,22,11,18,18
"Nab1",966,2278,1699,2236,2200,1186,2853,2272
"Nab2",2312,4219,3970,3987,4006,1948,3609,3592
"Nabp1",382,1052,878,921,1017,538,1158,980
"Nabp2",934,1995,2004,1829,2073,942,1701,1916
"Naca",13909,27439,30195,27759,28664,14230,27502,29302
"Nacad",127,238,202,219,224,115,201,201
"Nacc1",5745,9097,10332,10288,9230,4759,9464,9776
"Nacc2",1710,3344,3646,3628,3282,1680,3490,3633
"Nadk",3470,6984,7057,6834,8408,3205,6176,6909
"Nadk2",713,1528,1245,1614,1464,683,1640,1493
"Nadsyn1",166,379,419,341,445,165,365,364
"Nae1",825,1794,1534,1805,1720,977,2034,1859
"Naf1",375,820,737,812,991,486,870,840
"Naga",1158,2770,2568,2278,2996,1138,2110,2444
"Nagk",787,1604,1450,1483,1534,689,1245,1378
"Naglu",891,2435,1953,1791,2875,841,1581,1824
"Nagpa",323,770,727,672,888,265,563,693
"Nags",2,2,1,2,4,1,2,0
"Naif1",118,226,213,188,222,112,193,191
"Naip1",1,2,0,1,2,1,2,0
"Naip2",44,101,60,78,91,69,102,57
"Naip5",8,12,8,17,18,8,14,11
"Naip6",14,15,14,26,14,12,18,20
"Nalcn",8,18,19,16,20,14,36,17
"Nampt",1045,2882,1643,2083,3110,1221,2349,1920
"Nanog",12,13,12,17,5,10,19,8
"Nanos1",28,61,43,52,40,30,82,47
"Nanos3",8,11,15,10,16,10,16,15
"Nanp",56,64,45,64,50,43,59,73
"Nans",1973,3475,3904,3549,3276,1864,3184,3484
"Nap1l1",8597,16059,14019,17084,15392,8815,17618,15857
"Nap1l2",21,30,20,37,33,22,32,39
"Nap1l3",4,10,9,14,12,3,12,17
"Nap1l4",3474,5750,6690,6729,6045,3199,5853,6638
"Nap1l5",3,1,2,4,2,1,1,3
"Napa",2410,4946,5189,4617,5221,2291,4270,4912
"Napb",135,323,311,368,346,197,575,435
"Napepld",159,297,291,326,383,167,386,336
"Napg",920,1894,1997,2064,2040,1075,2234,2164
"Naprt",18,21,33,29,32,16,23,22
"Napsa",0,2,5,3,0,0,1,5
"Narf",2013,3758,4126,3730,3964,1846,3699,3685
"Narfl",604,1183,1308,1134,1206,576,1077,1233
"Nars",6264,12156,13895,13002,14192,6331,12996,13926
"Nars2",546,965,1174,1013,1012,613,1106,1079
"Nasp",1260,1973,1959,2282,1841,1400,2469,2098
"Nat1",0,3,3,2,4,3,3,5
"Nat10",823,1519,1938,1798,1990,842,1669,1949
"Nat14",40,75,62,73,82,51,63,63
"Nat2",117,291,267,262,282,157,311,292
"Nat6",339,708,690,649,740,340,618,658
"Nat8",0,1,1,0,3,0,0,0
"Nat8l",1,1,0,1,0,1,1,0
"Nat9",246,511,529,449,545,236,436,464
"Natd1",857,1843,1861,1620,1732,891,1651,1674
"Nav1",2741,4958,4164,4951,4410,2917,5312,4329
"Nav2",723,1338,1660,1374,1446,856,1809,1550
"Nav3",437,802,762,935,755,455,1153,866
"Nbas",1105,2118,1970,2018,2141,953,1985,1820
"Nbea",365,935,589,768,667,411,1122,708
"Nbeal1",126,434,253,257,267,148,499,266
"Nbeal2",155,327,341,287,349,160,318,307
"Nbl1",4291,11040,11498,9406,13797,4017,7701,10663
"Nbn",419,1107,776,987,966,546,1253,1017
"Nbr1",4221,8905,8859,8658,8969,4094,9349,8949
"Ncald",73,144,158,160,127,70,137,145
"Ncam1",9820,15903,20253,18331,13864,11117,20773,19924
"Ncapd2",2188,2848,3030,3718,2251,1647,3272,3048
"Ncapd3",699,1050,922,1257,996,579,1369,1073
"Ncapg",400,832,521,786,542,487,1102,731
"Ncapg2",727,1571,787,1351,872,723,1972,1089
"Ncaph",1357,1814,1778,2319,1471,1160,2164,1878
"Ncaph2",4265,7112,7379,7584,6876,3664,6557,7121
"Ncbp1",2699,4834,5600,5117,5017,2372,4985,5241
"Ncbp2",1705,2804,3293,3280,3047,1571,2993,3300
"Nccrp1",1,0,0,1,0,0,0,1
"Ncdn",1045,1885,1932,1894,1840,947,1718,1819
"Nceh1",416,1009,804,945,1044,544,1025,960
"Ncf1",26,68,50,47,50,21,53,57
"Ncf2",4,11,5,9,9,5,9,8
"Ncf4",6,13,19,14,28,3,13,12
"Nck1",869,1686,1771,1749,1655,1027,1945,1815
"Nck2",968,1814,1926,1886,1885,1007,1843,1922
"Nckap1",3532,8893,6967,8303,7989,4241,10651,8669
"Nckap1l",22,39,64,41,50,31,54,43
"Nckap5",8,41,28,27,28,11,39,33
"Nckap5l",1719,3194,2953,3142,2591,1721,2966,3014
"Nckipsd",235,436,501,506,524,204,384,567
"Ncl",5433,15121,11045,15291,13661,8904,21945,16491
"Ncln",2815,4836,5104,5112,5031,2600,4615,4884
"Ncmap",3,1,1,5,2,0,5,6
"Ncoa1",459,1108,864,1051,939,615,1329,1031
"Ncoa2",669,1914,1344,1654,1502,852,2293,1680
"Ncoa3",586,1114,967,1069,1238,526,1074,974
"Ncoa4",1379,2297,2118,2227,2348,1342,2450,2101
"Ncoa5",1307,2343,2044,2162,2320,1268,2063,1940
"Ncoa6",1220,2445,2015,2401,2299,1317,2577,2213
"Ncoa7",312,885,550,658,588,424,977,600
"Ncor1",2166,5659,3845,4804,4542,2725,6983,4764
"Ncor2",4763,8923,7409,8336,7851,4376,7975,7337
"Ncs1",2480,4153,4962,4703,4289,2312,4236,4858
"Ncstn",3039,5863,6140,5791,6325,2676,5052,6001
"Nctc1",9,12,32,18,10,13,24,31
"Ndc1",649,1013,952,1134,1023,479,1052,1000
"Ndc80",449,943,552,871,511,594,1258,745
"Nde1",2294,3650,4175,4348,3522,1947,3835,4225
"Ndel1",1899,3828,3684,3646,4310,1862,3496,3572
"Ndfip1",3799,6811,7278,7006,7567,3677,6494,7049
"Ndfip2",1602,2857,3214,3350,3204,1792,3370,3410
"Ndn",182,310,420,379,342,158,292,396
"Ndnf",6,10,2,8,4,4,7,4
"Ndnl2",693,1337,1451,1361,1301,736,1296,1415
"Ndor1",503,1054,1263,1076,1305,512,1074,1166
"Ndrg1",5832,15932,7666,9687,22091,5628,8291,7359
"Ndrg2",1005,2353,2086,1907,2565,1095,1734,1878
"Ndrg3",2503,4493,4964,4814,4386,2108,4376,4564
"Ndrg4",3865,6525,8755,7005,5962,3909,8042,8057
"Ndst1",2491,5353,4663,4655,5117,2021,4716,4296
"Ndst2",717,1422,1503,1436,1338,727,1329,1473
"Ndst3",62,117,98,111,85,81,139,85
"Ndst4",24,59,40,44,59,28,57,52
"Ndufa1",623,1279,1418,1291,1362,625,996,1372
"Ndufa10",2596,4642,5592,4781,4743,2608,4404,5169
"Ndufa11",940,1807,2156,1906,1798,910,1785,2045
"Ndufa12",1057,2013,2431,2101,1999,1105,2017,2164
"Ndufa13",1549,3024,3479,3033,2966,1669,2820,3367
"Ndufa2",926,1867,2165,1852,1989,1088,1776,1958
"Ndufa3",420,793,935,826,780,444,784,885
"Ndufa4",2626,4541,5256,4837,4218,2614,4811,5054
"Ndufa4l2",4,11,6,6,23,4,2,3
"Ndufa5",491,978,1362,1073,1066,594,1062,1233
"Ndufa6",1212,2621,2649,2388,2777,1235,2229,2582
"Ndufa7",1726,3563,4070,3474,3767,1883,3219,3832
"Ndufa8",1887,3392,4030,3614,3461,1807,3097,3655
"Ndufa9",2201,4062,4710,4354,3989,2193,4040,4655
"Ndufab1",1196,2107,2800,2309,2311,1311,2170,2474
"Ndufaf1",677,1171,1364,1256,1164,689,1223,1253
"Ndufaf2",194,386,433,411,445,244,444,433
"Ndufaf3",217,429,437,429,404,229,401,443
"Ndufaf4",409,1005,1058,949,1050,609,1312,1051
"Ndufaf5",271,460,522,502,489,259,451,500
"Ndufaf6",92,195,202,188,187,126,187,222
"Ndufaf7",512,983,1048,1023,935,528,1022,1058
"Ndufb10",1890,3438,4185,3450,3312,1972,3271,3720
"Ndufb11",1529,2742,3174,2829,2758,1509,2531,3085
"Ndufb2",452,797,954,855,797,419,775,869
"Ndufb3",793,1516,1888,1674,1570,815,1516,1856
"Ndufb4",1163,1685,2179,1688,1762,1297,1584,1919
"Ndufb5",1562,2925,3195,2948,2962,1472,2705,3073
"Ndufb6",968,1866,2217,1927,1856,1033,1841,2165
"Ndufb7",1960,3690,4199,3764,3656,2129,3534,4102
"Ndufb8",1871,3640,4358,3665,3528,2013,3456,3952
"Ndufb9",2863,5186,6340,5492,5152,2946,5008,5910
"Ndufc1",662,1197,1594,1335,1289,716,1230,1458
"Ndufc2",1267,2409,2627,2388,2444,1232,2150,2581
"Ndufs1",2930,5005,5723,5526,4801,2799,5640,5837
"Ndufs2",6875,12995,15240,13289,12645,6520,12168,14018
"Ndufs3",1945,3423,4334,3568,3458,1945,3457,4019
"Ndufs4",1334,2618,3120,2653,2449,1540,2809,3012
"Ndufs6",749,1450,1638,1537,1513,762,1324,1630
"Ndufs7",996,1834,1931,1868,1831,922,1614,1906
"Ndufs8",1372,2570,3069,2662,2454,1405,2443,2855
"Ndufv1",2953,5350,6624,5683,5275,2791,5289,6266
"Ndufv2",2315,4146,4783,4518,4097,2302,4141,4719
"Ndufv3",1186,2485,2519,2305,2596,1115,2083,2281
"Neat1",1473,5157,8340,7346,7613,2886,9857,10289
"Neb",1091,3565,2996,2754,2148,1943,5941,3741
"Nebl",9,19,5,12,12,2,20,10
"Necab1",7,19,13,13,12,10,24,16
"Necab2",0,0,0,1,0,2,0,1
"Necab3",7,19,17,18,12,15,18,23
"Necap1",1097,2055,2274,2217,2258,1152,2172,2263
"Necap2",1296,2694,2773,2552,3149,1200,2264,2599
"Nedd1",770,1726,1182,1659,1477,888,2052,1553
"Nedd4",24466,55253,43346,57347,47073,28235,65922,55286
"Nedd4l",833,1805,1469,1598,2052,841,1537,1551
"Nedd8",1830,3497,4037,3665,3824,1942,3304,3824
"Nedd9",2379,4451,3238,4284,4173,2215,3941,3406
"Nefh",1,10,12,15,7,4,11,21
"Nefl",579,925,559,812,820,512,709,499
"Nefm",80,161,95,145,158,125,138,118
"Negr1",8,38,10,25,15,8,24,23
"Neil1",244,425,462,416,378,218,360,394
"Neil2",0,2,1,2,2,2,3,3
"Neil3",305,420,361,533,302,302,588,437
"Nek1",332,1185,594,782,705,482,1446,806
"Nek10",1,3,1,9,3,5,3,7
"Nek11",6,10,6,8,5,6,4,4
"Nek2",1238,1494,1653,1951,1279,1002,1696,1603
"Nek3",143,270,216,259,296,135,216,227
"Nek4",315,696,611,688,645,382,770,706
"Nek6",1229,2494,2412,2398,3334,1194,2131,2371
"Nek7",2244,5664,4362,5594,4521,2942,7431,5881
"Nek8",274,494,513,543,454,251,462,540
"Nek9",3880,7657,8588,7769,7248,3453,7553,8017
"Nelfa",665,1261,1339,1305,1323,636,1224,1320
"Nelfb",1541,2869,2926,2829,2950,1323,2580,2677
"Nelfcd",968,1682,2017,1808,1611,870,1729,1770
"Nelfe",933,1705,1690,1660,1678,842,1496,1670
"Nell2",8,20,11,14,10,14,22,12
"Nemf",382,1139,820,827,829,529,1400,1021
"Nenf",878,1991,2156,1838,2116,873,1552,1966
"Neo1",2269,5708,4647,4506,6751,2036,4382,4543
"Nepn",0,3,6,3,2,0,2,5
"Nes",27543,49890,53801,54309,42549,31531,65269,56761
"Nespas",8,16,18,11,13,12,18,14
"Net1",3039,5261,5861,6409,4945,2779,5725,5980
"Neto2",17,33,31,33,38,23,57,28
"Neu1",685,1698,1585,1269,1886,619,1191,1367
"Neu2",27,55,64,58,55,32,62,62
"Neu3",79,172,169,165,176,85,182,161
"Neurl1a",2249,3854,4152,3788,3032,2365,3986,3943
"Neurl1b",254,274,319,394,232,217,395,315
"Neurl2",116,154,140,149,140,104,124,121
"Neurl3",62,149,101,102,152,64,96,90
"Neurl4",1275,2371,2274,2265,2235,1111,2190,2126
"Nexn",459,1229,1175,1157,883,742,1556,1436
"Nf1",1020,2574,1628,2296,2133,1309,2942,2199
"Nf2",3084,5663,5471,5527,5250,2801,5284,5166
"Nfat5",1676,5684,3007,4152,4113,2544,6715,4131
"Nfatc1",914,1445,1597,1686,1390,866,1566,1529
"Nfatc2",29,49,40,43,40,42,70,55
"Nfatc2ip",315,491,473,566,468,285,546,484
"Nfatc3",1376,2902,2354,2840,2616,1560,3329,2724
"Nfatc4",772,1485,1593,1543,1505,700,1359,1509
"Nfe2",3,7,10,7,6,1,3,7
"Nfe2l1",11073,24976,28944,23635,28798,11085,24898,27194
"Nfe2l2",3211,7475,7286,7399,8582,3148,7062,7876
"Nfe2l3",4,7,5,11,5,6,6,8
"Nfia",20,39,26,36,36,26,32,32
"Nfib",1012,2524,1349,2063,1705,1285,2814,1864
"Nfic",7792,13874,14709,15293,12403,7401,14792,14762
"Nfil3",1037,2453,1726,1829,3791,1079,1613,1747
"Nfix",10123,16516,17993,19233,15195,8637,17345,17902
"Nfkb1",3087,5416,5518,6170,5980,2903,5501,5769
"Nfkb2",2180,3865,4229,4152,3727,1990,3690,3952
"Nfkbia",1015,1835,1586,1751,1970,968,1517,1578
"Nfkbib",368,672,731,694,758,340,653,666
"Nfkbid",8,13,8,14,16,9,13,13
"Nfkbie",613,1001,1412,1257,991,552,1064,1242
"Nfkbil1",363,665,686,640,709,300,546,615
"Nfkbiz",1014,2530,1801,2064,3737,960,1847,1931
"Nfrkb",664,1159,1222,1257,1167,568,1216,1208
"Nfs1",991,1983,2343,1927,2157,1079,1956,2187
"Nfu1",879,1664,1953,1790,1733,877,1729,1900
"Nfx1",2169,3930,3818,4132,4175,1978,3943,3861
"Nfxl1",455,991,768,959,945,515,1103,890
"Nfya",1116,2002,2303,2281,2205,990,2110,2286
"Nfyb",684,1153,1163,1454,1295,751,1413,1411
"Nfyc",995,1571,1585,1591,1503,956,1453,1538
"Ngb",1,3,1,2,7,1,3,2
"Ngdn",721,1284,1408,1328,1540,712,1247,1258
"Ngef",733,1097,1588,1386,1173,624,1323,1463
"Ngf",72,130,107,135,216,89,117,123
"Ngfr",9,17,11,14,20,6,11,7
"Ngfrap1",1107,2024,2383,2157,2283,1147,1800,2222
"Ngly1",657,1248,1155,1317,1165,711,1387,1303
"Ngrn",677,1206,1543,1286,1304,669,1209,1307
"Nhej1",53,129,101,80,111,68,94,83
"Nhlh2",0,5,0,0,1,1,3,0
"Nhlrc1",33,68,52,54,56,34,75,45
"Nhlrc2",538,1094,1169,1063,1054,481,1154,1059
"Nhlrc3",159,334,349,293,397,103,305,281
"Nhlrc4",23,55,50,58,49,24,33,62
"Nhp2",916,1463,1967,1675,1710,873,1547,1806
"Nhp2l1",3016,4168,4806,4412,4515,2914,4146,4466
"Nhs",19,61,34,33,41,17,72,30
"Nhsl1",1387,2415,1967,2450,2087,1197,2341,2029
"Nhsl2",27,45,34,63,31,30,65,54
"Nicn1",778,1495,1491,1466,1438,650,1229,1353
"Nid1",10017,18887,16358,19622,37311,9090,18006,17615
"Nid2",13170,25512,25203,26411,19078,11128,23645,25150
"Nif3l1",826,1520,1749,1572,1593,815,1522,1647
"Nifk",1763,3109,3562,3336,3299,1764,3142,3387
"Nim1k",17,23,35,31,37,11,30,33
"Nin",659,1538,926,1317,1181,814,2021,1175
"Ninj1",535,1173,1074,984,1307,545,923,994
"Ninj2",2,4,1,3,2,1,0,4
"Ninl",327,625,547,689,672,356,701,658
"Nip7",1140,1930,2381,2130,2220,1108,1938,2183
"Nipa1",177,349,324,320,345,180,376,334
"Nipa2",615,1271,1301,1240,1270,670,1358,1343
"Nipal1",26,94,54,80,74,36,106,93
"Nipal2",1,2,1,1,1,0,2,1
"Nipal3",119,292,254,221,263,120,241,234
"Nipal4",10,25,25,28,10,11,28,35
"Nipbl",561,1850,1414,1381,1504,718,2009,1638
"Nipsnap1",249,503,439,444,484,259,376,405
"Nipsnap3b",560,1122,1047,1053,1406,624,1015,1047
"Nisch",13129,26362,24852,24672,23646,11873,23823,23410
"Nit1",450,812,846,765,779,445,698,806
"Nit2",430,875,981,904,938,415,809,1003
"Nkain1",1609,3072,3380,2920,3156,1727,2855,3043
"Nkain2",13,18,8,23,13,7,13,23
"Nkain3",1,0,4,0,0,0,1,0
"Nkain4",0,2,0,0,0,0,2,1
"Nkap",323,874,696,840,701,488,1100,908
"Nkapl",1,10,4,10,5,6,10,10
"Nkd1",2,4,8,4,1,3,6,6
"Nkd2",934,1824,2093,1863,1079,713,1630,1870
"Nkg7",0,1,1,0,0,0,1,0
"Nkiras1",347,581,651,624,592,373,622,652
"Nkiras2",312,577,630,545,562,318,510,553
"Nkpd1",0,0,3,1,1,1,0,1
"Nkrf",298,613,398,601,524,354,765,581
"Nktr",905,3109,1818,2349,2214,1561,3767,2369
"Nkx2-3",5,7,4,6,9,3,7,8
"Nkx2-5",7,16,20,16,11,6,14,18
"Nkx3-2",10,16,17,12,9,9,18,9
"Nkx6-3",4,3,6,8,8,1,4,6
"Nle1",396,642,720,745,778,340,624,733
"Nlgn2",1553,3478,2636,2939,3154,1611,2777,2677
"Nlgn3",7,7,8,14,11,8,10,10
"Nlk",330,722,670,743,702,383,808,765
"Nln",741,1525,1653,1585,1881,826,1716,1724
"Nlrc3",63,138,137,115,114,71,164,119
"Nlrc4",2,0,0,2,2,0,0,1
"Nlrc5",52,95,55,78,87,31,64,44
"Nlrp10",9,22,11,14,16,8,14,12
"Nlrp12",0,0,1,0,1,0,2,0
"Nlrp2",0,0,0,1,4,0,0,1
"Nlrp3",6,4,3,8,5,0,5,3
"Nlrp4e",7,8,10,8,13,10,20,7
"Nlrp5",1,0,1,1,0,0,0,1
"Nlrx1",373,675,709,681,670,336,656,652
"Nmb",19,40,39,31,35,20,45,30
"Nmbr",1,3,0,0,0,0,3,1
"Nmd3",1107,2144,2013,2378,2209,1313,2591,2360
"Nme1",2403,3707,4806,4442,3682,2251,4015,4657
"Nme2",7388,13568,15102,13389,14699,7230,12395,13891
"Nme3",143,328,251,255,328,112,212,251
"Nme4",205,381,403,365,399,210,348,351
"Nme5",32,90,64,66,89,40,82,89
"Nme6",227,480,468,422,568,194,379,396
"Nme7",486,782,909,921,865,446,769,888
"Nmi",66,112,101,127,145,94,144,120
"Nmnat1",171,366,330,303,290,175,327,298
"Nmnat2",479,715,900,874,745,424,863,879
"Nmnat3",55,135,130,103,184,35,76,89
"Nmral1",298,467,507,513,427,237,451,477
"Nmrk1",94,201,213,197,222,97,179,202
"Nmrk2",236,348,513,399,242,264,441,446
"Nmt1",3291,6214,7279,6396,6061,3245,6244,6832
"Nmt2",932,1905,1625,1981,1695,1038,2262,1985
"Nmu",0,0,1,0,1,1,0,0
"Nnat",7,13,18,13,10,7,23,15
"Nnmt",219,392,355,356,372,194,335,290
"Nnt",1873,3520,3372,3319,2961,1646,3224,3172
"Noa1",578,940,938,984,1035,574,909,928
"Nob1",744,1299,1623,1497,1613,745,1287,1569
"Nobox",1,2,1,4,2,1,3,3
"Noc2l",1471,2415,2792,2627,2744,1377,2391,2581
"Noc3l",471,1061,882,1020,966,581,1333,1040
"Noc4l",881,1522,1770,1662,1669,858,1537,1699
"Nod1",651,1305,1307,1304,1387,560,1162,1270
"Nod2",354,588,788,800,555,276,663,825
"Nog",12,29,41,25,32,20,24,27
"Nol10",989,1585,1967,2010,1953,1006,1905,2060
"Nol11",1319,2353,2365,2554,2263,1305,2652,2452
"Nol12",1027,1828,2039,1854,1900,952,1687,1851
"Nol3",747,1457,1448,1358,1315,719,1164,1317
"Nol4",99,228,151,178,179,79,275,169
"Nol4l",60,97,158,126,95,60,136,149
"Nol6",1154,2358,2933,2467,2679,1150,2363,2724
"Nol7",865,1612,1690,1808,1646,935,1900,1792
"Nol8",151,505,380,385,428,200,559,468
"Nol9",1476,2464,2932,2727,2481,1403,2599,2758
"Nolc1",2073,3610,4405,4243,4089,2129,4232,4660
"Nom1",929,1697,2051,1915,1960,991,1900,2019
"Nomo1",2900,5967,6095,5593,6381,2721,5166,5620
"Nono",9703,15855,17552,17590,16256,8867,15718,16942
"Nop10",721,1535,1669,1556,1607,718,1369,1645
"Nop14",814,1854,1796,1932,2084,1048,2279,2071
"Nop16",959,1678,2284,1909,1967,950,1741,2060
"Nop2",1763,3194,4023,3547,3492,1641,3406,3647
"Nop56",2675,4089,4692,4641,4574,2802,4462,4600
"Nop58",1040,2539,1746,2453,2099,1583,3365,2446
"Nop9",936,1772,2063,1914,2063,934,1706,1988
"Nos1",70,141,194,130,141,89,178,169
"Nos1ap",4,2,4,6,7,3,4,5
"Nos2",61,439,65,110,1944,96,118,84
"Nos3",15,26,22,22,28,18,26,27
"Nosip",798,1466,1688,1577,1652,768,1415,1609
"Nostrin",3,9,4,7,3,6,11,5
"Notch1",1388,2264,2204,2568,1762,1117,2356,2214
"Notch2",4877,10332,8263,9336,9687,4346,9533,8393
"Notch3",3971,7375,5788,6860,5373,3298,6660,5691
"Notch4",16,29,23,24,35,20,36,17
"Notum",46,42,85,75,99,35,54,65
"Nov",463,1769,513,831,616,324,599,608
"Nova2",7,5,6,10,11,1,10,9
"Nox1",0,2,4,1,3,5,0,1
"Nox4",197,479,283,397,334,273,615,380
"Noxo1",46,98,79,90,93,52,74,71
"Noxred1",1,12,11,6,14,5,9,10
"Npas1",6,8,5,9,8,5,2,8
"Npas2",23,104,51,58,136,30,63,56
"Npas3",14,19,11,23,17,22,40,18
"Npas4",24,38,36,61,38,37,61,75
"Npat",350,1007,703,786,753,404,1229,806
"Npb",1,7,3,1,4,2,7,1
"Npc1",1229,3294,2662,2324,4057,1132,2274,2339
"Npc1l1",2,5,3,7,11,4,5,9
"Npc2",9639,23304,21605,19158,25638,9961,16969,20127
"Npdc1",2760,5915,5614,5239,6385,2551,4425,5223
"Npepl1",1017,1874,2067,2010,1940,1001,1798,2026
"Npepps",3467,7674,6892,7328,8051,4058,7804,7380
"Npff",8,22,25,33,42,11,37,43
"Nphp1",854,1572,1703,1699,1657,891,1697,1744
"Nphp3",286,583,483,629,501,299,607,551
"Nphp4",120,176,218,233,191,91,188,226
"Nphs2",8,7,8,15,9,10,6,11
"Npl",1,2,2,3,2,1,4,2
"Nploc4",3338,6708,7386,6412,6946,3163,6333,6766
"Npm1",9352,16609,15629,18690,19072,10304,19292,18100
"Npm2",5,7,9,5,12,9,8,7
"Npm3",760,1157,1470,1467,1336,661,1272,1478
"Npm3-ps1",6,17,17,28,18,9,18,19
"Npnt",3134,5341,8054,5973,4779,3509,7811,7095
"Nppa",0,2,1,0,2,0,4,0
"Nppb",8,24,12,14,12,9,7,18
"Nppc",4,3,7,13,5,1,14,14
"Npr1",2,12,9,6,12,6,12,5
"Npr2",1206,2716,2495,2426,2602,1130,2364,2420
"Npr3",73,139,55,131,114,79,158,86
"Nprl2",294,699,709,610,753,331,593,690
"Nprl3",563,1133,1265,1083,1114,536,1131,1165
"Nps",0,3,1,2,1,1,4,2
"Npsr1",0,0,1,2,0,0,0,2
"Nptn",8319,15787,15985,16748,17294,8013,15514,16166
"Nptx1",971,1578,1458,1570,1242,926,1712,1407
"Nptxr",38,46,24,45,34,24,48,32
"Npw",3,1,7,4,2,0,1,2
"Npy",0,0,2,1,0,0,1,3
"Npy1r",29,130,67,57,420,27,62,67
"Npy4r",4,11,4,8,30,4,5,4
"Npy5r",0,5,2,0,1,0,2,2
"Nqo1",323,780,920,769,2032,243,534,791
"Nqo2",780,1599,1683,1614,1847,913,1805,1697
"Nr1d1",1448,2361,3920,3252,2368,1403,2828,3877
"Nr1d2",697,2031,1602,1881,1448,989,2797,2118
"Nr1h2",1146,2516,2172,2123,2587,1089,1985,2089
"Nr1h3",56,139,85,99,145,55,80,76
"Nr1h4",1,1,2,1,1,1,1,0
"Nr1h5",16,22,24,22,18,15,31,24
"Nr1i2",0,3,0,0,1,0,4,1
"Nr1i3",2,5,8,4,5,2,9,4
"Nr2c1",641,1342,1235,1289,1235,644,1226,1304
"Nr2c2",475,1087,824,1020,1111,449,1264,909
"Nr2c2ap",24,29,33,46,46,27,31,44
"Nr2f1",200,306,252,320,356,236,319,296
"Nr2f2",502,930,837,1084,974,638,1158,1044
"Nr2f6",1250,2025,2053,2070,1773,968,1854,1783
"Nr3c1",1532,4662,2661,3656,3400,1874,5255,3563
"Nr3c2",4,17,31,17,17,10,23,24
"Nr4a1",358,619,692,632,596,368,654,590
"Nr4a2",119,229,180,223,241,160,260,206
"Nr4a3",22,44,50,39,34,29,84,51
"Nr5a1",1,3,2,3,0,1,6,3
"Nr6a1",121,305,291,320,325,160,369,347
"Nradd",911,1907,1944,1710,2029,896,1539,1774
"Nrap",1060,1931,2488,1939,1520,907,2107,2173
"Nrarp",42,53,75,67,40,30,68,56
"Nras",2372,4614,4606,4776,4563,2540,5272,4926
"Nrbf2",624,1090,1157,1037,1152,648,1059,1139
"Nrbp1",2975,5204,6045,5777,5535,2753,5222,5901
"Nrbp2",296,674,583,614,708,377,669,643
"Nrcam",5,19,22,11,24,4,17,16
"Nrd1",3179,6596,6250,6543,6675,3258,6662,6615
"Nrde2",495,956,881,865,915,416,841,796
"Nrep",2141,3485,4376,4030,3148,2444,4226,4161
"Nrf1",828,1510,1337,1453,1419,788,1384,1309
"Nrg1",319,534,439,539,537,308,561,496
"Nrg2",1,0,1,1,0,0,0,0
"Nrg4",6,15,8,13,12,17,21,15
"Nrgn",0,1,0,1,0,0,1,1
"Nrip1",208,493,216,344,318,183,513,257
"Nrip2",16,50,32,34,44,22,40,41
"Nrip3",4,8,8,5,10,1,8,4
"Nrk",0,4,4,1,1,1,7,3
"Nrm",363,538,542,607,447,336,517,543
"Nrn1",277,795,734,630,1799,309,591,680
"Nrn1l",2,3,3,5,8,2,7,5
"Nrp",9,12,10,15,5,5,11,12
"Nrp1",1552,3881,2448,3478,3411,1885,4315,3287
"Nrp2",4278,8630,8001,8175,8887,3505,8306,7455
"Nrros",1,3,0,1,3,0,3,0
"Nrsn1",1,0,1,1,0,2,0,0
"Nrtn",7,7,3,15,7,1,6,15
"Nrxn1",0,1,1,0,1,1,1,1
"Nrxn3",37,87,89,71,56,42,117,99
"Nsa2",3077,5524,5875,5708,6132,3396,5547,5906
"Nsd1",1874,4453,3869,4536,4109,2374,6027,4648
"Nsdhl",1879,3477,3291,3190,3247,1697,2920,3035
"Nsf",1170,2265,2273,2258,2484,1089,2190,2132
"Nsfl1c",2128,3683,4386,4007,3777,2174,3755,4249
"Nsg1",3708,6820,6902,7233,8573,3005,5748,6659
"Nsg2",1,2,0,1,0,0,0,0
"Nsl1",315,401,425,541,337,283,485,491
"Nsmaf",964,1822,1942,1942,1941,874,1840,1925
"Nsmce1",598,1159,1121,1091,1123,555,968,1056
"Nsmce2",1244,2497,2378,2364,2576,1197,2267,2492
"Nsmce4a",898,1558,1717,1718,1891,785,1395,1730
"Nsmf",1231,2379,2430,2334,2225,1133,2243,2309
"Nsun2",3112,5765,6540,6285,6389,3021,5795,6518
"Nsun3",57,136,120,121,142,84,153,119
"Nsun4",631,1259,1381,1217,1344,637,1292,1342
"Nsun5",279,570,604,522,576,312,508,579
"Nsun6",136,241,247,272,253,119,248,261
"Nsun7",4,10,6,8,6,6,9,5
"Nt5c",633,1172,1203,1103,1307,645,1043,1120
"Nt5c2",1426,2854,3027,2777,2987,1399,2795,2859
"Nt5c3",592,981,1008,1155,1089,601,989,1135
"Nt5c3b",789,1368,1483,1492,1445,696,1273,1479
"Nt5dc1",341,801,668,808,804,396,914,812
"Nt5dc2",4452,6067,7018,7578,5375,3997,6528,7111
"Nt5dc3",1292,2659,2792,2449,2330,1165,2563,2432
"Nt5e",377,1082,901,915,1584,545,1078,1036
"Nt5m",343,644,687,637,736,364,600,630
"Ntan1",716,929,1085,1082,1064,654,939,1046
"Ntf5",24,28,40,31,18,20,34,19
"Nthl1",169,316,329,328,310,152,275,325
"Ntmt1",656,1127,1409,1227,1248,625,1093,1274
"Ntn1",3675,7006,4596,5842,5221,3083,5006,4359
"Ntn3",15,18,16,25,15,6,17,13
"Ntn4",455,804,908,825,669,508,962,851
"Ntn5",28,53,66,58,55,37,62,73
"Ntng2",19,67,36,34,76,30,36,33
"Ntpcr",214,357,428,378,384,182,336,387
"Ntrk3",11,15,13,17,9,10,11,11
"Ntsr2",6,2,1,6,9,6,2,4
"Nuak1",2529,4431,4461,4380,3838,2486,4860,4035
"Nuak2",344,549,722,661,503,336,704,641
"Nub1",1973,3913,4139,4071,4318,1891,3823,4209
"Nubp1",575,801,868,882,921,525,761,895
"Nubp2",758,1421,1663,1420,1712,721,1273,1464
"Nubpl",312,584,594,618,618,320,507,581
"Nucb1",5057,11202,10313,9816,11938,4519,7991,9588
"Nucb2",907,1774,1520,1795,1902,921,1820,1696
"Nucks1",4549,9334,7186,10214,7885,5634,12640,9791
"Nudc",2087,4012,4326,4077,4192,2028,3840,4249
"Nudcd1",1011,2179,1675,2104,1954,1238,2611,1968
"Nudcd2",1533,2685,3299,3274,3171,1542,3370,3528
"Nudcd3",3736,6928,7813,7128,6929,3392,6611,7237
"Nudt1",160,275,203,244,213,141,217,193
"Nudt10",0,1,1,0,0,0,1,0
"Nudt12",28,77,53,61,75,43,98,73
"Nudt13",242,414,495,510,509,226,456,557
"Nudt14",474,826,922,865,712,417,777,896
"Nudt15",60,56,34,46,46,45,26,38
"Nudt16",175,375,393,334,401,179,356,343
"Nudt16l1",453,766,895,830,873,436,698,911
"Nudt17",107,160,148,172,124,89,153,138
"Nudt18",568,1118,1125,1006,1145,571,878,961
"Nudt19",487,927,995,971,1017,444,854,1014
"Nudt2",517,985,1047,959,1017,517,916,1006
"Nudt21",2253,3411,3766,3834,3769,1967,3432,3608
"Nudt22",186,372,496,358,387,209,390,407
"Nudt3",2058,3834,4248,3956,4071,1981,3566,3926
"Nudt4",7468,13138,12649,14544,13501,7275,14222,13595
"Nudt5",746,1362,1317,1286,1364,678,1254,1162
"Nudt6",174,371,301,310,369,149,298,264
"Nudt7",2,3,1,2,4,3,4,1
"Nudt8",169,366,453,323,343,224,395,401
"Nudt9",1510,2913,3300,2892,3891,1453,2580,3083
"Nuf2",1333,1733,1550,2167,1367,1127,2161,1734
"Nufip1",582,1023,1017,1045,1132,559,1052,1006
"Nufip2",1268,3685,2521,2991,2866,2006,4710,3156
"Nuggc",1,1,0,1,1,1,2,1
"Numa1",4219,8574,7664,7925,8103,3614,7557,7350
"Numb",679,1274,1356,1284,1369,682,1302,1224
"Numbl",1181,2188,2453,2390,2298,1104,2140,2436
"Nup107",1545,2344,2602,2851,2310,1443,2649,2649
"Nup133",1053,1780,2013,1985,1750,932,1718,1891
"Nup153",1667,3392,2853,3594,3128,1942,4233,3572
"Nup155",1748,3074,2954,3559,2883,1681,3794,3301
"Nup160",817,1481,1232,1638,1349,803,1803,1501
"Nup188",1932,3625,3513,3607,3719,1525,3315,3304
"Nup205",2232,3997,3991,4309,3926,1931,4110,4001
"Nup210",27,20,41,44,24,25,45,32
"Nup210l",14,42,28,24,37,26,47,23
"Nup214",1404,2815,2503,2684,2609,1238,2547,2537
"Nup35",819,1373,1397,1404,1294,717,1330,1314
"Nup37",612,930,1091,1178,1060,545,953,1132
"Nup43",477,771,940,890,787,439,834,888
"Nup50",1976,3387,3756,3808,3421,1889,3547,3730
"Nup54",663,1161,1108,1308,1236,744,1381,1263
"Nup62",1570,2771,2633,2626,2496,1545,2428,2537
"Nup62-il4i1",2,3,2,2,4,3,3,4
"Nup85",1385,2088,2248,2444,2119,1199,2194,2231
"Nup88",1909,3366,3829,3732,3528,1922,3750,3767
"Nup93",2634,4355,6137,5460,5161,2360,4995,5842
"Nup98",1737,3192,2857,3274,3241,1691,3495,3052
"Nupl1",1043,1659,1525,1860,1662,1023,1871,1740
"Nupl2",286,590,569,534,579,309,543,549
"Nupr1",1097,2441,3018,2341,3572,1361,2400,2833
"Nupr1l",1,7,5,7,11,2,4,7
"Nus1",1815,4426,3298,3934,4354,2214,4860,3948
"Nusap1",1305,1949,1433,2281,1304,1277,2486,1823
"Nutf2",321,570,572,534,523,297,523,505
"Nutm1",1,0,0,1,1,1,0,0
"Nvl",862,1909,1548,1953,1683,1008,2374,1886
"Nwd1",21,12,10,21,6,6,15,3
"Nxf1",1458,2971,2908,3059,2888,1653,3190,3014
"Nxf3",94,240,164,204,256,129,292,197
"Nxf7",71,121,130,123,80,40,64,104
"Nxn",3856,7004,7705,7515,7232,3445,6253,7443
"Nxnl1",0,2,2,0,3,0,2,3
"Nxpe2",1,0,0,2,0,0,1,1
"Nxpe3",112,232,270,251,261,129,255,282
"Nxpe4",15,23,28,32,32,8,20,33
"Nxph2",4,14,3,9,8,5,12,9
"Nxph3",14,47,58,44,44,13,24,45
"Nxph4",8,31,17,12,31,13,21,13
"Nxt1",428,724,800,799,837,463,699,799
"Nxt2",230,554,454,584,559,284,632,602
"Nyap1",167,374,423,378,428,149,391,409
"Nynrin",1302,2341,2645,2604,2199,974,2207,2490
"Nyx",0,4,3,0,4,1,11,0
"Oacyl",5,6,3,10,0,1,8,8
"Oaf",1210,2211,2558,2431,2356,985,1904,2441
"Oard1",369,672,792,732,698,348,696,744
"Oas1a",1,6,0,2,2,3,3,1
"Oas1b",3,9,2,4,21,5,5,2
"Oas1c",0,1,1,1,5,2,1,2
"Oas1g",1,1,0,1,0,0,0,0
"Oas2",1,6,0,2,2,6,7,2
"Oas3",3,3,0,4,6,2,2,2
"Oasl1",13,32,13,17,32,18,11,4
"Oasl2",136,196,110,197,284,165,146,132
"Oat",4230,7967,8081,8049,7850,3878,6881,7653
"Oaz2",2680,4079,4920,4248,4124,2674,3939,4442
"Oaz3",38,57,32,48,22,37,54,32
"Obfc1",973,1576,1653,1598,1588,901,1428,1524
"Obscn",733,1526,1436,1221,1094,689,1753,1300
"Obsl1",3720,5576,7367,6416,4556,3589,7352,6824
"Oc90",0,2,0,1,0,0,1,2
"Ocel1",209,428,419,355,455,198,348,343
"Ociad1",4445,8565,9117,8433,9007,4459,8408,8733
"Ociad2",370,788,613,670,716,319,605,653
"Ocln",10,29,42,27,33,15,25,35
"Ocrl",764,1530,1342,1532,1536,744,1605,1376
"Ocstamp",2,0,1,2,0,0,1,0
"Odc1",3852,6155,7174,6411,6538,3741,6204,6799
"Odf2",1391,2487,2584,2786,2679,1350,2396,2708
"Odf2l",193,567,387,400,416,262,621,427
"Odf3",1,1,0,1,1,0,1,0
"Odf3l1",16,33,19,20,20,9,24,23
"Odf3l2",0,1,0,0,3,0,1,0
"Ofd1",189,462,305,400,339,206,492,379
"Ogdh",4884,8945,9856,9153,8826,4221,8570,9183
"Ogdhl",42,74,46,59,64,46,59,61
"Ogfod1",1525,2912,3331,3136,2933,1466,3456,3346
"Ogfod2",194,423,473,396,482,217,387,470
"Ogfod3",280,492,546,547,562,267,428,565
"Ogfr",1277,2473,2533,2396,2542,1328,2251,2375
"Ogfrl1",88,240,141,182,180,110,241,179
"Ogg1",234,410,486,412,521,225,355,419
"Ogn",3574,10160,9044,11435,4165,3916,13800,12655
"Ogt",2571,6097,6242,6523,5973,3020,8372,7188
"Oip5",193,249,259,311,193,188,281,269
"Oit1",2,2,0,1,0,4,3,1
"Oit3",2,22,11,7,28,7,14,8
"Ola1",2300,4129,4563,4842,4155,2410,4935,4951
"Olfm1",4287,10067,9781,8735,9096,4034,8010,9285
"Olfm2",7,3,8,9,11,6,6,6
"Olfml2a",93,180,215,265,120,70,183,252
"Olfml2b",6368,9025,9432,11062,6682,5200,9395,9571
"Olfml3",7096,12040,13563,13707,10473,6274,11228,13225
"Olfr1250",0,1,3,2,1,1,1,7
"Olfr1251",0,4,5,3,10,3,6,8
"Olfr1257",1,2,0,1,0,0,2,0
"Olfr1264",0,0,1,1,1,0,1,0
"Olfr1372-ps1",6,7,13,7,12,4,10,6
"Olfr1420",0,0,1,0,1,0,1,0
"Olfr18",1,0,1,3,1,0,0,1
"Olfr212",0,1,1,0,0,0,1,0
"Olfr215",1,1,2,1,2,1,6,5
"Olfr222",1,0,0,1,1,0,0,0
"Olfr31",0,2,3,2,1,2,2,1
"Olfr455",0,0,0,3,2,0,0,2
"Olfr456",3,6,11,6,8,5,5,6
"Olfr543",0,1,3,2,2,0,1,2
"Olfr545",1,1,0,1,0,0,1,0
"Olfr722",1,0,1,1,0,0,0,0
"Olfr805",88,120,133,127,119,144,172,135
"Olfr809",0,1,0,0,1,0,1,0
"Olfr810",24,32,22,26,44,30,27,16
"Olfr856-ps1",0,0,1,1,0,0,0,1
"Olfr901",0,2,0,0,0,1,1,0
"Olfr920",2,9,5,5,5,5,3,5
"Olfr99",0,2,1,0,4,2,0,1
"Olr1",5,7,10,6,10,5,15,4
"Oma1",306,573,626,573,542,251,460,562
"Omd",166,621,714,913,192,146,673,998
"Omg",0,0,0,0,2,0,4,3
"Omp",5,15,9,11,9,9,16,10
"Onecut2",17,26,18,29,19,17,33,25
"Ooep",8,7,7,15,3,5,4,12
"Opa1",1391,3349,2768,3209,3050,1674,4070,3405
"Opa3",556,963,1013,971,978,449,966,989
"Ophn1",472,1008,978,1018,763,499,1099,1015
"Oplah",383,942,753,749,1072,294,591,709
"Opn1mw",1,1,0,1,0,0,0,0
"Opn1sw",10,9,11,9,7,3,10,6
"Opn3",205,433,397,363,395,197,345,361
"Opn4",0,4,10,0,1,2,4,2
"Optc",47,37,59,84,52,35,46,65
"Optn",486,988,1122,1033,1172,464,959,1096
"Orai1",367,757,930,711,816,405,745,825
"Orai2",1053,1981,2234,2086,2205,967,1890,2241
"Orai3",414,820,919,831,962,364,682,809
"Oraov1",281,606,915,674,728,313,713,783
"Orc1",176,248,210,307,212,165,258,257
"Orc2",914,1822,1773,2084,1870,1071,2352,2153
"Orc3",1272,2685,2353,2783,2408,1375,3224,2810
"Orc4",744,1671,1488,1587,1400,790,1963,1688
"Orc5",443,838,1043,946,993,464,888,1006
"Orc6",1020,1529,1681,1892,1623,969,1807,1821
"Orm1",76,239,188,156,444,83,136,204
"Orm2",16,51,37,37,62,17,28,39
"Orm3",25,52,60,48,69,20,33,62
"Ormdl1",431,866,801,782,991,344,765,772
"Ormdl2",211,302,355,324,366,206,290,332
"Ormdl3",1525,3472,3904,3243,3812,1550,3017,3674
"Os9",4248,10250,9444,8667,11176,3831,7714,8956
"Osbp",2486,4818,5324,5018,5017,2491,4993,5115
"Osbp2",500,946,601,766,717,395,650,525
"Osbpl10",74,115,90,114,123,65,107,93
"Osbpl11",899,1904,1749,1895,1918,941,2095,1934
"Osbpl1a",467,968,935,1014,1103,419,975,986
"Osbpl2",1310,2492,2746,2569,2454,1180,2366,2590
"Osbpl3",1055,1968,2120,2096,1665,994,2301,2175
"Osbpl5",2321,4415,4599,4331,4511,2005,4082,4204
"Osbpl6",76,180,92,139,124,85,160,112
"Osbpl7",127,242,227,257,272,123,225,256
"Osbpl8",415,1698,837,968,1212,608,1731,1020
"Osbpl9",3276,6897,7078,7171,8402,3511,7441,7710
"Oscar",0,0,0,1,1,1,1,2
"Oscp1",174,340,290,314,313,160,276,293
"Oser1",619,967,938,913,1088,611,781,862
"Osgep",846,1436,1624,1507,1424,787,1324,1462
"Osgepl1",309,523,544,575,527,347,615,590
"Osgin1",265,577,864,623,628,286,592,738
"Osgin2",392,732,695,796,817,454,936,849
"Osmr",2104,6345,3977,4871,7680,2379,5534,4841
"Osr1",177,238,265,288,327,147,241,226
"Osr2",3,10,4,4,3,2,8,4
"Ost4",1721,2581,2730,2548,2803,1786,2040,2535
"Ostc",3317,6512,5994,6007,6609,3188,5243,5802
"Ostf1",1636,3018,2531,2773,3187,1564,2390,2410
"Ostm1",1155,2446,2637,2297,2737,1198,2610,2551
"Otc",0,1,0,1,1,0,1,2
"Otoa",10,19,53,45,13,8,26,49
"Otof",1,2,1,1,1,0,2,0
"Otog",532,847,1140,986,647,686,1102,1075
"Otogl",3,4,2,3,1,2,6,0
"Otop1",0,6,3,0,10,1,2,1
"Otop2",6,10,9,14,9,5,8,11
"Otor",0,0,1,0,2,0,1,0
"Otos",2,12,12,5,13,8,14,13
"Otp",0,1,0,0,2,0,1,0
"Otub1",2008,3687,4179,3719,3849,1913,3421,3937
"Otub2",268,533,484,490,595,267,477,469
"Otud1",611,1162,1044,1113,1096,625,1051,1107
"Otud3",200,417,386,349,370,156,376,326
"Otud4",1859,5122,3687,4839,4097,2917,7506,5071
"Otud5",2083,3980,4029,3980,3999,1985,3649,3908
"Otud6b",1299,2842,2534,2776,2594,1484,3358,2977
"Otud7a",35,41,87,53,49,44,66,55
"Otud7b",2240,4566,4461,4557,4338,2365,4969,4569
"Otulin",850,1765,1761,1601,1749,892,1552,1657
"Otx1",51,90,72,94,77,53,78,83
"Ovca2",251,457,572,464,503,284,463,492
"Ovgp1",14,36,47,38,46,31,66,49
"Ovol1",7,8,7,12,12,4,9,11
"Oxa1l",1535,3209,3383,3001,3237,1479,2836,3230
"Oxct1",4307,7199,8193,8511,7432,3071,7245,8060
"Oxct2a",0,2,2,1,4,0,3,1
"Oxld1",59,114,140,124,141,46,94,133
"Oxnad1",466,937,1010,933,961,444,904,954
"Oxr1",2065,4872,3908,4760,4607,2265,5644,4763
"Oxsm",282,564,547,621,633,320,670,641
"Oxsr1",1561,3059,2763,3085,3082,1611,3122,2836
"Oxtr",3,4,15,8,10,6,20,13
"P2rx1",1,6,3,3,4,5,7,6
"P2rx2",10,13,8,15,9,7,11,12
"P2rx3",5,18,8,9,79,8,16,11
"P2rx4",1303,4477,3247,2664,5572,1283,2473,2822
"P2rx5",212,382,494,414,259,250,455,479
"P2rx6",309,846,780,704,1143,306,559,752
"P2rx7",765,2085,1656,1708,2319,693,1532,1743
"P2ry1",9,20,8,16,8,7,24,16
"P2ry10",0,1,2,0,1,0,1,0
"P2ry14",23,20,24,31,11,19,22,25
"P2ry2",381,673,672,629,851,324,641,653
"P2ry6",1,10,7,6,12,3,12,14
"P3h1",2542,5025,4862,4769,4906,2308,4280,4599
"P3h2",70,164,143,162,148,69,181,168
"P3h3",1488,2892,2905,2868,3260,1483,2473,2749
"P3h4",4062,7136,7928,7665,6928,3792,6350,7434
"P4ha1",12411,22446,14875,20149,21286,11737,18544,15249
"P4ha2",3540,8236,4206,5422,9443,3745,4971,3988
"P4ha3",1371,1758,2545,2664,1576,1145,2373,2565
"P4hb",33218,72059,60415,60902,79400,32962,54117,57272
"P4htm",54,113,124,114,122,49,104,127
"Pa2g4",4724,8069,10292,9284,8816,4555,8713,9547
"Pabpc1",16153,33239,28300,33011,37874,17906,33041,32259
"Pabpc1l",7,7,10,15,4,9,11,8
"Pabpc4",3545,6081,6359,6398,6327,3550,6098,6242
"Pabpc4l",0,1,0,1,1,1,0,1
"Pabpn1",1578,2740,3229,3232,3037,1873,3318,3334
"Pabpn1l",1,4,3,1,1,3,3,2
"Pacrg",7,12,18,17,13,10,10,17
"Pacrgl",256,501,469,484,520,251,437,463
"Pacs1",1029,1886,1585,1873,1784,814,1612,1683
"Pacs2",6249,12364,11993,11869,10770,5724,11241,11554
"Pacsin1",39,54,95,55,84,59,92,83
"Pacsin2",6435,13007,13789,12597,12729,6156,12372,13000
"Pacsin3",1492,2864,3898,2897,3012,1617,3131,3414
"Padi1",0,0,0,1,1,3,0,2
"Padi2",499,665,1016,795,505,521,1004,845
"Padi3",102,132,169,155,79,102,202,141
"Padi4",23,36,50,36,22,15,59,43
"Padi6",0,2,4,0,1,1,4,1
"Paf1",1071,2016,2374,2090,2103,1084,1997,2153
"Pafah1b1",4064,10740,7342,9422,8520,5552,13060,9459
"Pafah1b2",3979,7209,8624,8182,7539,3873,8030,8470
"Pafah1b3",456,867,662,746,916,448,616,621
"Pafah2",306,631,635,568,691,313,539,571
"Pag1",33,72,47,51,46,37,74,38
"Pagr1a",527,958,996,955,1009,520,929,986
"Paics",5766,10255,11858,11756,11628,5495,10372,11681
"Paip1",1842,3204,3352,3556,3584,1825,3587,3539
"Paip2",3393,6585,6753,7088,7102,3377,6720,7340
"Paip2b",956,1748,1960,1852,1749,882,1786,1925
"Pak1",4216,6651,6802,7682,6305,4180,6486,6659
"Pak1ip1",1812,3199,4041,3584,3724,1740,3401,3799
"Pak2",2310,4773,4408,5065,4452,2617,5620,5063
"Pak3",344,1100,683,891,640,439,1294,967
"Pak4",718,1242,1143,1241,1094,635,1112,1080
"Pak6",3,4,2,5,2,2,6,5
"Pakap",26,2,2,0,2,23,0,1
"Palb2",74,112,106,137,120,60,137,114
"Pald1",1132,1942,2384,2209,1686,1002,2088,2286
"Palld",8552,13406,16346,17690,12421,9855,18644,18019
"Palm",2603,5563,5307,4880,5621,2333,4378,4924
"Palm2",340,768,600,731,542,379,1055,724
"Palm3",219,325,311,325,245,270,411,300
"Palmd",18,42,25,34,22,28,41,38
"Pam",6492,13831,11979,12102,12982,5515,10680,11087
"Pam16",496,810,947,839,820,470,799,833
"Pan2",536,1103,1097,1103,1034,536,1100,1108
"Pan3",589,1255,1013,1224,1235,668,1398,1167
"Pank1",336,595,622,655,738,286,661,636
"Pank2",1190,2071,2062,2252,2215,1174,2180,2134
"Pank3",1190,4698,2008,2822,2944,1844,5207,2784
"Pank4",596,1060,1176,1135,1110,574,1053,1102
"Panx1",539,1093,1190,1010,1204,550,1016,1073
"Panx2",0,0,0,1,2,0,0,1
"Panx3",0,1,1,1,1,0,0,0
"Paox",271,375,414,404,387,264,346,379
"Papd4",745,1360,1158,1477,1324,848,1542,1421
"Papd5",1094,2252,1917,2328,2147,1314,2738,2263
"Papd7",1280,2182,2048,2233,2137,1156,2083,1985
"Papln",0,3,0,2,0,0,1,1
"Papola",2729,6911,4767,6021,5897,3624,8073,5956
"Papolb",0,4,1,2,2,2,4,2
"Papolg",327,827,592,742,670,457,990,711
"Pappa",67,173,105,149,127,94,224,137
"Pappa2",84,307,137,177,252,70,175,137
"Papss1",2859,4773,4511,5021,4709,2209,4020,4262
"Papss2",99,138,69,141,94,81,138,88
"Paqr3",76,165,128,139,173,88,160,135
"Paqr4",267,383,453,492,326,216,433,501
"Paqr5",0,3,2,0,3,2,4,0
"Paqr6",1,1,2,1,3,3,2,1
"Paqr7",460,913,892,819,934,382,716,811
"Paqr8",197,404,390,387,361,188,411,379
"Paqr9",1,0,1,1,0,0,0,1
"Pard3",1162,2198,2132,2237,2065,1168,2308,2202
"Pard3b",33,60,25,62,63,26,46,56
"Pard6a",160,300,275,272,277,134,262,274
"Pard6b",15,23,30,24,10,8,24,18
"Pard6g",580,834,1026,1125,885,497,1041,1095
"Parg",1004,2151,1813,2173,1999,1158,2447,2119
"Park2",3,7,13,8,13,5,14,13
"Park7",2752,5544,6049,5449,5868,2678,4767,5638
"Parl",1189,2092,2830,2421,2330,1155,2242,2694
"Parm1",198,243,463,525,183,150,416,588
"Parn",928,1732,1897,1965,1789,852,1767,1972
"Parp1",2084,3265,3845,3850,3280,1715,3324,3736
"Parp10",694,1254,974,1195,1240,614,942,969
"Parp11",235,431,448,442,440,233,464,422
"Parp12",832,1436,1305,1489,1468,760,1281,1265
"Parp14",114,308,188,248,275,190,364,251
"Parp16",329,551,675,668,546,267,588,672
"Parp2",705,1338,1219,1396,1295,740,1450,1282
"Parp3",1920,3679,4501,3832,3561,1897,3902,4224
"Parp4",959,1977,1652,1807,1873,986,1919,1686
"Parp6",442,868,850,838,934,457,820,811
"Parp8",577,1138,991,1107,1167,590,1199,1036
"Parp9",490,806,605,807,783,552,892,696
"Parpbp",283,441,347,486,367,329,579,432
"Pars2",165,301,289,289,313,155,279,273
"Particl",40,70,77,84,87,41,53,88
"Parva",5949,10371,11134,11680,10195,5232,10198,11222
"Parvb",2082,4491,4484,3868,4431,2102,3985,4066
"Parvg",1,5,7,1,8,4,5,1
"Pask",422,562,552,716,497,310,636,576
"Pate2",1,2,2,4,0,0,3,3
"Pate4",0,1,1,1,0,2,0,3
"Patl1",1104,2108,2083,2235,2311,1154,2338,2190
"Patl2",1,5,5,2,5,3,11,4
"Patz1",623,1279,1110,1118,1258,533,1140,1035
"Pawr",24,99,53,57,63,38,91,72
"Pax3",3,1,1,6,4,2,2,3
"Pax5",1,3,3,2,2,0,2,1
"Pax6",20,31,39,30,27,22,40,31
"Pax7",834,1290,1745,1671,1201,684,1621,1701
"Pax8",2,14,3,2,7,2,3,2
"Paxbp1",382,1053,766,989,934,676,1413,1025
"Paxip1",749,1273,1187,1310,1213,652,1331,1153
"Pbdc1",1353,2248,2394,2555,2492,1229,2329,2401
"Pbk",1341,1629,1736,2302,1398,1119,2004,1907
"Pbld1",2,0,1,2,0,0,1,2
"Pbld2",9,18,24,14,11,6,14,16
"Pbp2",3,5,2,6,2,2,6,5
"Pbrm1",1135,3698,2108,2509,2549,1493,4106,2632
"Pbx1",1290,3388,2666,3149,3386,1597,3766,3301
"Pbx2",925,1870,2100,1855,1873,916,1861,1983
"Pbx3",506,746,1009,999,797,632,1113,1068
"Pbx4",28,33,37,41,29,17,29,35
"Pbxip1",6282,12197,13578,11919,11249,5832,12156,12456
"Pcbd1",73,125,198,140,100,59,149,166
"Pcbd2",100,236,239,239,265,135,175,275
"Pcbp1",8179,14421,16821,15557,14789,8119,13819,15971
"Pcbp2",8455,14046,15087,14711,15160,7790,12257,14304
"Pcbp3",250,474,368,409,463,226,406,332
"Pcbp4",3708,6399,8450,7578,6701,3404,6776,7979
"Pcca",669,1370,1454,1323,1320,588,1299,1357
"Pccb",1077,1874,2413,2283,1739,944,1971,2444
"Pcdh1",951,2071,1686,1564,1855,882,1544,1516
"Pcdh10",1,1,1,1,3,2,2,1
"Pcdh12",0,1,1,0,0,1,1,0
"Pcdh15",0,4,1,1,0,1,4,2
"Pcdh18",908,1698,1188,1783,1379,886,2021,1526
"Pcdh19",1279,3388,1833,2766,2189,1439,3391,2425
"Pcdh20",1,1,1,1,0,1,1,0
"Pcdh7",1927,4905,3723,3846,4708,1919,4215,3873
"Pcdh9",0,0,1,1,0,0,0,1
"Pcdha10",1,1,0,1,1,0,0,0
"Pcdha3",0,1,0,1,0,0,2,1
"Pcdha5",0,1,0,1,0,0,1,0
"Pcdha9",3,4,5,3,3,3,5,4
"Pcdhac2",3,8,1,6,6,1,3,5
"Pcdhb10",17,20,24,25,21,12,18,18
"Pcdhb11",38,63,52,82,59,29,75,80
"Pcdhb12",54,156,189,161,202,65,150,188
"Pcdhb13",21,45,58,51,60,24,50,58
"Pcdhb14",166,375,388,458,421,209,512,489
"Pcdhb15",52,140,110,112,117,53,127,120
"Pcdhb16",212,558,442,524,420,258,680,590
"Pcdhb17",381,711,557,708,659,354,681,580
"Pcdhb18",55,181,109,147,150,65,201,155
"Pcdhb19",67,154,116,142,148,63,141,157
"Pcdhb2",14,16,19,23,17,6,22,20
"Pcdhb20",285,595,555,669,679,339,609,690
"Pcdhb21",118,277,217,266,200,136,319,258
"Pcdhb22",157,415,244,357,287,181,486,341
"Pcdhb3",5,15,15,17,12,16,21,17
"Pcdhb4",11,15,14,16,16,7,11,6
"Pcdhb5",27,48,41,52,66,39,50,64
"Pcdhb6",0,2,3,1,0,0,0,3
"Pcdhb7",25,47,40,52,51,23,55,48
"Pcdhb8",3,23,15,12,14,8,16,13
"Pcdhb9",24,60,57,50,77,33,60,55
"Pcdhga1",60,165,120,124,173,65,120,125
"Pcdhga11",1,2,1,2,0,1,3,1
"Pcdhga12",4,5,3,5,4,2,3,3
"Pcdhga2",6,30,11,5,13,9,19,5
"Pcdhga3",6,33,25,18,30,15,22,24
"Pcdhga4",17,18,19,30,23,6,18,25
"Pcdhga5",1,3,8,2,4,4,4,4
"Pcdhga6",78,243,177,138,205,78,188,125
"Pcdhga7",6,16,24,12,16,7,16,7
"Pcdhga8",1,7,4,2,3,3,2,3
"Pcdhga9",31,85,61,67,59,15,65,60
"Pcdhgb1",138,311,264,241,273,107,277,244
"Pcdhgb2",17,34,13,26,28,15,23,17
"Pcdhgb5",3,1,2,4,1,0,0,1
"Pcdhgb6",24,48,33,41,36,11,28,33
"Pcdhgb7",7,7,2,5,5,2,7,5
"Pcdhgb8",3,4,1,3,4,1,2,0
"Pcdhgc3",7537,16756,14568,14256,14537,5753,13057,13580
"Pcdhgc4",6,20,23,16,16,7,26,17
"Pcdhgc5",103,206,186,196,155,116,172,178
"Pced1a",417,842,835,791,860,462,779,735
"Pced1b",47,143,111,103,161,84,116,103
"Pcf11",336,948,596,753,715,453,1045,788
"Pcgf1",108,236,262,222,327,123,227,251
"Pcgf2",524,1152,1112,1056,1254,546,988,1063
"Pcgf3",1939,3956,3620,3916,3590,2122,4764,3944
"Pcgf5",451,717,619,797,759,426,703,612
"Pcgf6",261,543,534,585,640,294,656,629
"Pcid2",756,1401,1278,1321,1506,676,1276,1307
"Pcif1",1028,1926,1917,1921,2011,854,1661,1802
"Pck1",0,1,1,1,3,3,3,1
"Pck2",1454,3474,2880,2719,4808,1274,2437,2713
"Pclo",33,114,48,61,45,34,85,53
"Pcm1",635,1965,1101,1303,1249,727,1879,1371
"Pcmt1",1726,3274,3645,3273,3404,1747,3261,3406
"Pcmtd1",575,1907,1033,1222,1305,886,2197,1360
"Pcmtd2",967,2697,2036,2339,2392,1204,2993,2442
"Pcna",2805,3892,3910,4686,4164,2613,4386,4143
"Pcnp",2216,3274,3797,3614,3599,2413,3728,3629
"Pcnt",865,1531,1323,1513,1380,891,1643,1351
"Pcnx",1437,3158,2663,2982,2996,1533,3287,2928
"Pcnxl3",1505,3099,2909,2854,3023,1307,2622,2746
"Pcnxl4",435,892,876,884,999,474,939,903
"Pcolce",18833,31586,40542,39187,30033,15633,30630,39184
"Pcolce2",633,846,1062,1070,870,673,1023,1020
"Pcp4l1",6,6,12,14,5,5,12,11
"Pcsk1",2,1,4,4,1,0,1,4
"Pcsk2",3,5,3,5,3,3,5,6
"Pcsk2os1",0,2,2,0,3,0,3,0
"Pcsk4",42,72,74,79,79,40,64,78
"Pcsk6",195,299,511,461,288,202,394,507
"Pcsk7",1052,1924,2170,2095,1959,1017,1947,2124
"Pcsk9",204,374,300,358,379,198,308,328
"Pctp",10,33,15,16,26,15,19,21
"Pcx",967,2114,2103,1751,1640,796,1717,1858
"Pcyox1",3962,7681,7618,7353,7660,3620,7052,7103
"Pcyox1l",381,562,648,669,557,354,595,616
"Pcyt1a",2039,4095,4034,3939,4061,2078,4238,3965
"Pcyt1b",289,489,340,516,398,262,511,410
"Pcyt2",677,1364,1114,1161,1329,666,1144,1069
"Pdap1",2903,4752,6067,5758,5420,3014,5342,6120
"Pdcd1",1,0,0,2,0,0,0,2
"Pdcd10",924,1897,1723,1941,1984,1161,2141,1981
"Pdcd11",1472,2873,3100,2986,2903,1328,2916,3007
"Pdcd2",326,663,684,671,809,334,598,683
"Pdcd2l",329,569,627,573,649,323,488,567
"Pdcd4",807,1386,1559,1677,1413,900,1810,1738
"Pdcd5",803,1515,1798,1697,1659,956,1557,1795
"Pdcd6",1591,3096,3571,3245,3712,1615,2951,3562
"Pdcd6ip",4571,8818,8440,9251,9390,4979,9706,9228
"Pdcd7",343,615,736,700,696,324,606,728
"Pdcl",1301,2621,2304,2695,2461,1461,3098,2623
"Pdcl3",2179,4042,4659,4492,4491,2341,4303,4524
"Pddc1",431,893,952,829,922,429,741,885
"Pde10a",193,475,323,374,325,195,433,333
"Pde12",570,1010,1081,1068,968,584,1096,1034
"Pde1a",33,85,163,132,198,34,117,181
"Pde1b",82,236,176,153,134,92,155,158
"Pde1c",2,7,7,4,3,4,7,7
"Pde2a",426,623,822,746,520,429,815,742
"Pde3a",20,35,19,23,20,11,36,9
"Pde3b",300,776,525,701,627,391,985,715
"Pde4a",415,734,710,767,610,374,726,677
"Pde4b",704,1219,1097,1419,1496,667,1370,1252
"Pde4c",4,2,1,3,1,3,3,1
"Pde4d",1021,2066,2175,2391,2088,1222,2575,2504
"Pde4dip",3479,6278,7094,6241,5862,3308,7463,6668
"Pde5a",394,1082,634,784,904,481,1053,751
"Pde6a",2,9,4,4,3,1,3,5
"Pde6b",0,2,2,0,2,0,2,0
"Pde6d",1201,2227,2329,2299,2623,1102,1902,2264
"Pde6g",2,2,5,2,1,1,2,5
"Pde6h",1,3,0,1,1,0,1,1
"Pde7a",671,1348,1301,1331,1148,795,1677,1394
"Pde7b",106,192,287,356,178,125,358,409
"Pde8a",146,397,292,279,404,129,289,274
"Pde8b",27,35,38,38,40,31,39,42
"Pde9a",0,0,0,1,0,0,1,2
"Pdf",422,873,988,863,880,502,828,973
"Pdgfa",588,1232,1106,1169,1405,705,1294,1223
"Pdgfb",621,766,775,959,731,729,939,770
"Pdgfc",2723,4406,4862,5307,3786,2583,4969,4982
"Pdgfd",115,385,209,238,252,161,296,219
"Pdgfra",1118,2726,2074,2447,2397,1008,2265,2256
"Pdgfrb",10954,19508,19622,20395,16894,9192,19002,18369
"Pdgfrl",4315,6588,7240,7446,5713,3816,6780,6708
"Pdha1",4264,7112,7803,7955,6994,4341,8727,8203
"Pdhb",2545,4455,5809,4955,4898,2504,4926,5420
"Pdhx",788,1337,1703,1522,1356,811,1619,1655
"Pdia2",1,3,2,3,1,4,4,5
"Pdia3",17598,36629,31465,34243,41174,16501,31253,32457
"Pdia4",5338,11853,9475,9635,12389,5113,8345,9472
"Pdia5",995,1993,1746,1769,2028,992,1624,1634
"Pdia6",9512,19682,16162,17428,21428,8631,15399,15810
"Pdik1l",155,431,342,380,391,244,512,400
"Pdk1",3952,8398,3661,5914,6963,3865,5906,3899
"Pdk2",762,1568,1759,1525,1502,678,1303,1657
"Pdk3",946,1530,1443,1719,1369,872,1480,1500
"Pdk4",856,1535,1458,1686,1253,729,1428,1516
"Pdlim1",1710,3361,2854,3006,2814,1574,2625,2740
"Pdlim2",3215,5646,6428,6220,5065,3076,5351,5946
"Pdlim3",2804,5420,6552,4915,4157,2886,5661,5839
"Pdlim4",3410,5566,6374,6144,4889,3253,5704,6271
"Pdlim5",3587,6734,6697,7913,5746,4030,8485,8073
"Pdlim7",3379,5454,6219,6142,4949,3350,5600,6046
"Pdp1",871,1850,1970,2029,1588,917,2145,2129
"Pdp2",79,176,184,177,187,77,173,177
"Pdpk1",1870,3667,3448,3893,3732,2023,4347,3884
"Pdpn",7152,16381,16147,14285,26929,7265,12386,14997
"Pdpr",236,425,417,463,387,150,527,401
"Pdrg1",1439,2504,3114,2722,2821,1423,2483,2938
"Pds5a",773,2255,1249,1808,1554,1122,2844,1691
"Pds5b",964,2626,1567,2152,1762,1260,3125,2029
"Pdss1",147,234,233,272,222,145,297,249
"Pdss2",233,449,465,433,411,231,459,472
"Pdxdc1",3163,5833,6089,6013,6093,2875,5765,5825
"Pdxk",863,1826,2137,1816,2047,752,1612,1894
"Pdxk-ps",2,3,4,2,4,4,3,3
"Pdxp",383,651,543,556,785,344,550,507
"Pdzd11",1099,2072,2511,2119,2139,1084,2054,2227
"Pdzd2",12,27,24,20,24,16,23,16
"Pdzd3",0,2,1,1,2,0,3,2
"Pdzd4",175,317,296,306,306,165,259,261
"Pdzd7",27,43,50,54,84,13,37,50
"Pdzd8",615,1561,978,1307,1350,729,1820,1231
"Pdzd9",0,2,1,1,2,2,5,2
"Pdzk1",163,256,231,264,233,162,299,228
"Pdzk1ip1",0,5,5,0,9,1,2,0
"Pdzrn3",2345,3882,4066,4539,3596,2307,4605,4335
"Pdzrn4",3,4,1,4,6,0,4,2
"Pea15a",6128,11157,12249,11388,10592,5935,10707,11324
"Peak1",2672,6181,4884,5643,5255,2623,6209,5236
"Pear1",213,379,288,362,374,153,368,315
"Pebp1",6850,11897,13071,11795,12493,6682,10188,12251
"Pebp4",1,2,6,3,0,5,3,5
"Pecam1",1,4,3,2,1,4,4,6
"Pecr",367,704,802,718,928,344,642,716
"Pef1",1486,2814,3048,2856,3047,1331,2538,2941
"Peg10",1106,1736,1268,1979,1194,892,2040,1476
"Peg12",42,52,76,91,56,32,72,86
"Peg13",569,1302,827,1014,1202,589,912,853
"Peg3",1042,3538,1776,2376,1901,1216,3759,2260
"Peli1",193,456,331,451,410,274,585,472
"Peli2",970,2010,1747,1992,2012,897,1945,1898
"Peli3",55,139,123,105,138,58,98,92
"Pelo",413,742,888,769,735,424,735,771
"Pelp1",1144,2153,2202,2103,2050,1029,2063,2130
"Pemt",84,166,160,144,146,78,119,144
"Penk",5,16,11,8,11,4,10,6
"Peo1",648,1325,1544,1303,1469,644,1305,1408
"Pepd",1081,2091,2067,1939,1989,897,1753,1850
"Per1",474,974,1117,1010,842,396,918,1045
"Per2",256,420,308,431,334,282,437,368
"Per3",323,621,532,687,478,302,730,668
"Perm1",26,67,56,51,60,43,69,42
"Perp",25,40,47,37,43,22,41,39
"Pes1",2746,5318,6335,5511,6011,2652,5133,5833
"Pet100",131,262,316,266,289,150,250,296
"Pet2",19,38,25,49,25,26,53,44
"Pex1",354,684,620,648,721,346,653,625
"Pex10",141,220,277,262,226,155,234,272
"Pex11a",69,154,134,119,127,65,137,123
"Pex11b",834,1532,1907,1708,1724,787,1402,1801
"Pex11g",87,211,181,162,199,103,163,176
"Pex12",328,640,767,662,642,342,667,745
"Pex13",976,1854,1758,1836,1776,1013,2044,1818
"Pex14",981,2110,2188,1871,2342,916,1790,1930
"Pex16",354,663,730,653,757,366,604,623
"Pex19",3758,6663,8343,7394,6247,3516,6847,7864
"Pex2",1186,2153,2256,2218,2172,1188,2157,2213
"Pex26",201,411,486,403,501,172,352,424
"Pex3",709,1284,1333,1370,1368,693,1273,1335
"Pex5",1515,3151,3325,3046,3284,1455,3051,3125
"Pex5l",28,41,24,41,39,16,40,32
"Pex6",1097,2182,1826,1968,1865,945,1713,1735
"Pex7",324,664,593,643,749,327,523,603
"Pf4",1,4,2,2,3,1,2,1
"Pfas",627,1212,1156,1185,1228,638,1182,1156
"Pfdn1",957,1698,2008,1832,1776,1026,1730,1859
"Pfdn2",928,1709,2152,1884,1989,902,1751,1966
"Pfdn4",517,805,854,864,855,574,838,888
"Pfdn5",2974,6494,7020,6184,7251,2961,5357,6610
"Pfdn6",735,1294,1578,1459,1603,736,1252,1555
"Pfkfb1",33,57,61,62,51,31,72,57
"Pfkfb2",372,835,721,779,916,404,977,756
"Pfkfb3",492,1132,776,881,1637,519,911,743
"Pfkfb4",265,469,519,499,459,257,432,498
"Pfkl",6340,13787,5403,8968,11569,5443,7831,5149
"Pfkm",4803,8841,11814,8881,7518,4807,10457,10410
"Pfkp",2353,5328,3654,3977,4857,2185,3494,3419
"Pfn1",14830,23720,27664,26757,23641,14001,22770,26288
"Pfn2",229,356,464,453,412,213,357,407
"Pfn4",1,4,5,2,3,3,2,3
"Pga5",0,2,1,1,1,0,2,1
"Pgam1",14683,19595,12376,15390,18866,12941,13687,11567
"Pgam2",514,875,1452,929,747,555,1160,1244
"Pgam5",1325,2375,2855,2534,2615,1276,2500,2701
"Pgap1",138,395,224,332,228,198,617,351
"Pgap2",640,1165,1162,1203,1160,590,1023,1109
"Pgap3",192,356,429,342,405,189,312,336
"Pgbd1",22,39,38,37,28,14,41,30
"Pgbd5",3,6,10,9,11,3,8,11
"Pgd",4111,11405,10964,8807,18260,3916,7872,9805
"Pgf",491,782,910,991,959,387,795,912
"Pggt1b",198,499,384,446,374,233,574,448
"Pgk1",31027,63890,45252,49342,68406,33155,46040,44190
"Pgls",995,1895,2053,1836,1970,967,1652,1922
"Pglyrp1",1,1,0,1,0,0,1,1
"Pgm1",870,1444,1596,1716,1726,864,1520,1646
"Pgm2",3828,8502,5417,6163,7738,3432,5614,4928
"Pgm2l1",58,145,92,112,120,55,141,93
"Pgm3",582,1071,988,1104,1044,553,1057,1050
"Pgm5",1965,2721,3928,3142,2389,2234,4154,3551
"Pgp",639,976,1133,1079,1058,559,942,1042
"Pgpep1",1052,2131,2520,2065,2310,1081,1889,2277
"Pgpep1l",3,4,3,8,2,2,5,7
"Pgr",0,0,2,1,0,0,1,2
"Pgrmc1",2593,5056,4986,5220,6002,2382,4701,4975
"Pgrmc2",2798,5591,6004,5490,5673,2724,5045,5778
"Pgs1",1420,2611,2718,2619,3116,1375,2364,2693
"Phactr1",2,4,1,3,6,4,3,2
"Phactr2",1,0,2,1,2,3,0,0
"Phactr3",0,0,0,1,0,1,0,1
"Phactr4",1442,2538,2607,2614,2697,1441,2475,2473
"Phax",906,1719,1745,1836,1948,1021,1794,1835
"Phb",1618,3208,3914,3386,3450,1548,2991,3483
"Phb2",2992,5674,6800,6077,6347,2908,5546,6563
"Phc1",757,1501,1233,1393,1324,696,1278,1297
"Phc2",3576,6134,6727,6503,6489,3222,5582,6181
"Phc3",791,2668,1449,2034,1976,1223,3363,2049
"Phex",31,253,139,168,230,41,169,191
"Phf1",483,1153,940,946,1169,496,912,916
"Phf10",1827,3317,3537,3534,4222,1912,3227,3568
"Phf11a",1,1,0,1,0,1,0,0
"Phf11b",13,15,11,17,17,16,16,9
"Phf11c",22,27,20,28,15,26,28,14
"Phf11d",60,89,57,87,120,81,68,66
"Phf12",1153,2241,2269,2395,2339,1273,2434,2337
"Phf13",1001,1885,2154,2007,2097,914,1744,2045
"Phf14",460,1210,877,1073,1013,649,1481,1154
"Phf19",311,393,409,478,341,264,487,353
"Phf2",1848,3856,3597,3575,3865,1886,3523,3507
"Phf20",1451,3331,2794,3167,2820,1581,3726,3122
"Phf20l1",425,1380,906,951,951,560,1604,1049
"Phf21a",804,1721,1673,1864,1767,841,1997,1908
"Phf21b",4,3,11,5,9,0,5,6
"Phf23",1894,3819,3677,3547,3929,1774,3321,3508
"Phf3",1042,3106,1990,2507,2371,1393,3580,2604
"Phf5a",1233,2169,2521,2277,2469,1285,2175,2362
"Phf6",655,1642,1096,1510,1105,817,2082,1489
"Phf7",158,274,294,308,319,131,272,320
"Phf8",614,1419,1391,1338,1542,642,1357,1364
"Phgdh",3126,7096,7453,5920,7604,3027,5698,6473
"Phip",232,824,541,552,561,284,703,643
"Phka1",524,1109,1115,1144,982,470,1162,1158
"Phka2",834,1672,1686,1621,1348,749,1583,1527
"Phkb",2087,4310,4025,4394,3437,2143,5392,4520
"Phkg1",9,14,19,18,18,18,12,19
"Phkg2",199,333,368,294,338,194,329,303
"Phlda1",1514,3093,2125,2386,2962,1515,2313,1895
"Phlda3",4722,6946,8519,7528,7177,4566,6980,7785
"Phldb1",2856,5511,5921,5718,4967,2547,5411,5664
"Phldb2",3588,9050,7504,9020,6665,4680,12617,9438
"Phldb3",170,299,345,280,260,186,297,285
"Phlpp1",534,866,837,935,796,434,960,795
"Phlpp2",290,578,554,654,524,295,655,654
"Phospho1",94,245,180,123,358,107,145,146
"Phospho2",619,1179,1322,1243,1372,639,1282,1344
"Phpt1",630,1075,1272,1208,1118,596,973,1179
"Phrf1",1771,3396,3331,3302,3200,1572,3137,3086
"Phtf1",1021,1747,1779,1987,1801,899,1712,1804
"Phtf1os",1,3,12,8,4,1,7,11
"Phtf2",281,703,529,599,530,371,866,653
"Phyh",431,880,921,841,1126,429,769,829
"Phyhd1",346,718,697,660,955,386,610,642
"Phyhip",3,11,8,11,7,3,11,10
"Phyhipl",0,2,2,2,2,0,0,2
"Phykpl",176,271,352,307,326,215,302,357
"Pi15",251,1242,667,693,1058,301,1030,773
"Pi16",50,67,94,92,89,46,95,92
"Pi4k2a",1559,3143,3545,3128,3533,1397,2838,3387
"Pi4k2b",720,1752,1434,1573,2005,986,1945,1634
"Pi4ka",1917,4042,3544,3758,4344,1634,3648,3545
"Pi4kb",1865,3778,3555,3486,3534,1668,3304,3443
"Pianp",72,201,148,144,292,75,123,156
"Pias1",643,1394,1120,1374,1159,732,1715,1346
"Pias2",1616,3622,2867,3686,3414,1858,4098,3659
"Pias3",1125,1955,2258,2167,1955,1043,1883,2105
"Pias4",615,1167,1296,1180,1227,566,1098,1273
"Pibf1",127,347,252,276,243,125,411,300
"Picalm",3050,7266,5784,7465,6201,4101,9287,7773
"Pick1",361,688,734,655,643,345,686,684
"Pid1",321,473,349,507,346,251,495,352
"Pidd1",103,174,202,210,164,118,225,220
"Piezo1",3415,7422,6047,6095,6901,2941,5886,5676
"Piezo2",548,992,892,1182,779,538,1181,1090
"Pif1",173,312,323,343,205,202,390,331
"Piga",268,584,522,566,852,288,551,545
"Pigb",73,165,158,142,151,82,172,151
"Pigc",750,1480,1510,1450,1693,754,1357,1442
"Pigf",274,479,511,490,549,303,455,525
"Pigg",225,565,613,559,530,280,710,591
"Pigh",160,302,313,295,317,157,268,286
"Pigk",1767,3544,3708,3727,3887,1671,3757,3784
"Pigl",102,182,161,199,179,70,171,178
"Pigm",538,1167,1055,1232,1218,688,1375,1334
"Pign",942,2354,1720,2257,2016,1180,2789,2173
"Pigo",199,426,435,406,406,240,386,430
"Pigp",768,1581,1550,1487,1490,848,1505,1539
"Pigq",1504,2944,2949,2854,2739,1383,2721,2871
"Pigr",0,1,3,0,1,1,1,0
"Pigs",2122,4157,3908,3901,3850,1978,3405,3813
"Pigt",2500,4267,4516,4451,4361,2252,3856,4211
"Pigu",763,1423,1453,1394,1375,719,1274,1355
"Pigv",296,572,607,560,628,279,523,557
"Pigw",124,264,317,308,263,172,327,389
"Pigx",394,803,873,775,853,381,702,809
"Pigyl",273,523,561,538,532,266,478,544
"Pigz",1,2,4,10,3,1,1,11
"Pih1d1",597,853,803,896,933,522,718,767
"Pih1d2",40,77,65,64,54,47,69,62
"Pik3c2a",422,1460,880,949,1026,488,1772,1094
"Pik3c2b",240,401,425,471,345,233,489,448
"Pik3c2g",5,7,7,5,5,3,11,3
"Pik3c3",846,1552,1609,1673,1726,716,1485,1590
"Pik3ca",1402,3364,2596,3128,2949,1592,3854,3150
"Pik3cb",329,627,624,567,601,382,788,539
"Pik3cd",49,72,67,98,70,53,66,87
"Pik3ip1",529,1404,1412,1254,1500,503,1085,1407
"Pik3r1",1713,5543,3357,4705,3996,2162,5913,4685
"Pik3r2",2718,5288,4992,5023,4526,2339,4635,4728
"Pik3r3",782,1743,1233,1678,1243,876,2355,1658
"Pik3r4",950,1950,1876,1889,1892,852,1744,1782
"Pik3r5",49,84,36,67,87,31,50,43
"Pik3r6",0,2,0,1,3,0,0,0
"Pikfyve",420,1265,750,1047,1110,665,1649,1054
"Pilra",1,1,1,2,1,2,0,4
"Pim1",448,998,731,745,1332,519,753,712
"Pim2",81,134,111,139,139,77,158,132
"Pim3",623,1257,1203,1184,1762,536,950,1130
"Pin1",1118,2061,2356,2057,2096,1113,1949,2066
"Pin4",261,480,548,538,583,325,531,545
"Pink1",2148,4570,5086,4341,4578,2014,3835,4731
"Pinlyp",1,2,0,1,2,1,2,0
"Pinx1",283,482,554,556,499,303,552,593
"Pip4k2a",935,1687,1718,2035,1576,1012,2056,2030
"Pip4k2b",1834,3531,3767,3491,3364,1629,3735,3449
"Pip4k2c",1246,2544,2202,2136,2840,1116,1929,2111
"Pip5k1a",2023,3991,4519,4203,4568,1991,3815,4333
"Pip5k1b",6,35,13,11,20,11,21,17
"Pip5k1c",1535,2900,2563,2682,2959,1386,2362,2397
"Pip5kl1",1,2,2,1,0,1,2,1
"Pipox",1,2,0,0,1,0,0,0
"Pir",376,851,759,733,933,312,581,698
"Pirb",0,1,1,0,0,1,0,0
"Pisd",1298,2590,2801,2481,3078,1273,2339,2671
"Pisd-ps1",126,248,252,240,286,126,302,285
"Pisd-ps2",19,44,25,35,36,25,49,34
"Pithd1",717,1481,1627,1400,1503,704,1282,1447
"Pitpna",5145,8627,10251,9941,9252,5084,9027,9868
"Pitpnb",2694,4767,5121,5528,5268,2759,5183,5517
"Pitpnc1",54,151,121,134,191,69,125,145
"Pitpnm1",1484,2944,3366,3036,3490,1267,2736,3145
"Pitpnm2",392,883,925,780,808,363,810,849
"Pitpnm3",0,0,4,0,1,0,1,0
"Pitrm1",2294,4096,4235,4468,4199,2196,4556,4356
"Pitx2",1782,3166,3903,3955,3045,1735,3677,4170
"Pitx3",82,174,157,171,113,85,149,198
"Piwil2",4,9,5,9,10,6,17,9
"Piwil4",10,18,23,18,23,9,14,18
"Pja1",1735,3276,3635,3680,3460,1593,3165,3736
"Pja2",3378,7892,6473,7750,6503,3997,9657,7876
"Pkd1",4557,9043,7323,7840,7496,3543,8321,6504
"Pkd1l2",2,2,1,2,1,2,1,0
"Pkd1l3",28,62,46,43,69,31,63,67
"Pkd2",2368,4175,3920,4664,4792,2414,5028,4366
"Pkd2l2",184,323,180,249,327,238,362,254
"Pkdcc",224,331,406,427,326,176,341,419
"Pkhd1",101,214,243,232,167,108,302,266
"Pkia",3490,6773,6298,7304,4577,3983,9324,7549
"Pkig",3750,6715,8173,6938,6279,3851,6671,7784
"Pkm",71765,142259,120135,122199,158481,68548,109164,112237
"Pkmyt1",269,313,266,384,234,233,333,257
"Pkn1",1776,3697,3356,3201,3757,1471,3211,3176
"Pkn2",1165,3260,2298,2631,2443,1469,3789,2721
"Pkn3",164,247,180,234,199,135,232,171
"Pknox1",880,1532,1364,1593,1495,739,1424,1352
"Pknox2",535,785,1105,1063,636,538,991,1101
"Pkp1",2523,3927,4024,4394,3687,2395,4138,3968
"Pkp2",668,1020,1564,1428,944,606,1334,1475
"Pkp3",15,32,34,23,29,11,24,22
"Pkp4",976,1593,1793,1839,1660,920,1903,1783
"Pla1a",655,1670,1659,1336,1490,746,1318,1532
"Pla2g12a",551,1217,1170,1062,1547,532,948,1121
"Pla2g12b",0,5,5,6,6,4,3,9
"Pla2g15",913,1690,2095,1875,1888,857,1618,1904
"Pla2g16",1906,3150,4140,3579,3012,2162,3834,3973
"Pla2g1b",1,2,2,1,2,2,0,1
"Pla2g2d",1,1,1,1,1,0,1,1
"Pla2g2e",15,39,40,26,41,20,25,37
"Pla2g3",3,1,5,4,6,7,3,3
"Pla2g4a",590,1119,1040,1238,1524,504,1082,1102
"Pla2g4b",0,2,4,2,2,0,6,2
"Pla2g4c",9,18,4,16,10,12,18,9
"Pla2g4f",0,1,2,0,4,0,0,0
"Pla2g5",0,3,4,2,0,5,5,4
"Pla2g6",605,1481,1482,1233,1547,671,1353,1469
"Pla2g7",140,265,273,287,218,136,257,266
"Pla2r1",336,877,767,865,761,349,860,880
"Plaa",2023,4183,3951,4522,4114,2278,5357,4726
"Plac1",5,6,6,9,4,5,7,5
"Plac8",7,44,32,17,39,15,29,19
"Plag1",14,49,28,34,35,23,56,35
"Plagl1",7,5,14,15,6,1,10,9
"Plagl2",327,639,673,730,699,391,825,725
"Plat",4498,6845,9401,9221,7237,4494,8210,9290
"Platr14",164,271,187,242,224,135,266,191
"Platr20",2,2,0,2,0,1,2,1
"Platr22",3,6,3,6,9,2,8,6
"Platr26",0,2,2,0,1,1,0,1
"Platr5",0,0,0,1,1,0,1,0
"Platr8",0,1,0,0,1,3,0,0
"Plau",3531,5923,5270,6093,4708,3629,5126,5249
"Plaur",384,752,710,695,963,334,539,686
"Plb1",28,68,57,58,55,27,56,53
"Plbd1",7,4,10,11,3,4,5,9
"Plbd2",3414,8616,7885,6969,9177,3401,6188,7579
"Plcb1",52,121,71,104,134,52,146,94
"Plcb2",1,0,1,3,2,1,1,4
"Plcb3",3242,6314,5528,5829,5573,2863,5437,5162
"Plcb4",339,883,713,838,573,475,1284,894
"Plcd1",891,1679,2012,1779,1658,717,1480,1875
"Plcd3",878,1653,1779,1663,1616,776,1519,1641
"Plcd4",9,21,11,15,21,19,31,22
"Plce1",0,1,3,1,1,2,0,1
"Plcg1",2084,3878,4361,3980,3770,1858,3936,4015
"Plcg2",71,162,112,124,123,87,125,123
"Plch1",0,2,2,2,0,1,2,2
"Plch2",3,14,14,7,11,3,4,6
"Plcl1",157,447,320,332,320,240,477,319
"Plcl2",230,439,394,448,500,245,465,441
"Plcxd1",17,30,31,24,26,16,25,19
"Plcxd2",50,152,164,138,139,74,198,167
"Pld1",554,1039,1032,1179,960,505,1198,1139
"Pld2",821,1523,1493,1528,1600,705,1389,1455
"Pld3",3817,9482,7893,7259,8636,3474,6501,7485
"Pld4",0,1,2,0,5,0,0,1
"Pld5",0,2,0,0,0,2,1,0
"Pld6",1,1,0,1,0,1,1,0
"Pldi",1,3,5,1,1,0,1,3
"Plec",14579,28901,24918,26495,23903,12892,26128,24812
"Plek",25,64,24,47,263,21,41,36
"Plek2",35,40,18,49,23,36,45,39
"Plekha1",1374,2540,2300,2729,2525,1866,3344,2712
"Plekha2",2587,4765,4987,5073,4606,2399,4733,4880
"Plekha3",1056,2153,2428,2299,3103,1070,2128,2470
"Plekha4",127,141,174,201,128,120,159,183
"Plekha5",609,1180,1091,1330,1206,545,1279,1229
"Plekha6",239,452,368,424,354,206,319,374
"Plekha7",173,301,317,278,252,173,350,277
"Plekha8",413,769,638,854,778,407,864,883
"Plekhb1",80,106,74,100,108,86,77,62
"Plekhb2",3745,7526,7817,7195,7904,3374,6389,7296
"Plekhf1",559,1045,1070,1043,880,474,858,1004
"Plekhf2",595,960,998,1047,1101,572,1084,978
"Plekhg1",11,42,26,29,15,8,48,28
"Plekhg2",1161,1922,2064,2208,1678,1059,1948,2061
"Plekhg3",738,1272,1384,1360,1279,709,1262,1238
"Plekhg4",343,376,408,548,299,241,501,420
"Plekhg5",3693,6139,6421,6484,5481,3591,6787,6135
"Plekhg6",26,43,43,60,52,25,35,67
"Plekhh1",189,368,483,357,283,195,477,405
"Plekhh2",1075,2141,2142,2406,1914,1176,2868,2423
"Plekhh3",545,933,1103,1081,893,468,994,1122
"Plekhj1",682,1325,1418,1314,1466,666,1204,1365
"Plekhm1",847,1906,1843,1635,2273,753,1590,1685
"Plekhm2",1166,2511,2420,2110,2639,1096,2026,2231
"Plekhm3",499,1130,1002,1056,1198,511,1158,1053
"Plekhn1",105,199,228,215,268,108,230,225
"Plekho1",1326,2949,3059,2578,3318,1303,2457,2850
"Plekho2",1449,2914,3409,3074,3057,1238,2587,3209
"Plekhs1",3,3,8,10,4,2,9,7
"Plet1",62,61,128,85,86,91,99,123
"Plet1os",1,10,8,2,2,2,5,3
"Plg",3,2,2,3,2,0,3,3
"Plgrkt",440,857,995,873,860,479,888,928
"Plin1",0,0,0,1,1,0,0,1
"Plin2",3699,8736,7458,6851,14999,3570,5797,6561
"Plin3",2487,5200,5090,4640,5265,2160,4219,4829
"Plin4",49,237,138,115,227,30,76,111
"Plin5",0,1,1,0,0,0,2,0
"Plk1",1695,2011,2177,2653,1721,1398,2147,2072
"Plk2",5753,10227,7711,9435,9775,5046,8460,7574
"Plk3",270,701,460,490,893,277,509,473
"Plk4",534,1280,698,1051,824,721,1706,959
"Plk5",0,0,6,1,2,0,1,3
"Pllp",8,14,7,11,18,8,10,13
"Pln",0,1,0,1,1,0,1,2
"Plod1",6698,13291,11146,11937,14746,6625,10396,10710
"Plod2",3994,10056,5927,8855,7884,6127,12304,8340
"Plod3",3536,6723,5962,6003,8133,3551,5258,5684
"Plp1",3,24,19,25,35,7,22,36
"Plp2",3133,4823,4422,4469,4991,2985,4167,4278
"Plrg1",1627,3125,3230,3058,3123,1542,2764,3090
"Pls1",2,10,2,5,3,1,8,3
"Pls3",7388,14463,13759,15601,13878,6841,14940,15367
"Plscr1",646,1227,1086,1154,1566,569,939,1084
"Plscr2",686,1020,1078,1343,831,719,1242,1280
"Plscr3",1481,2489,2911,2630,2522,1479,2263,2684
"Plscr4",686,1180,1105,1391,1150,627,1357,1319
"Pltp",1792,4493,3898,3292,4715,1719,2976,3451
"Plvap",11,39,21,20,27,13,23,16
"Plxdc1",130,396,314,233,226,151,278,274
"Plxdc2",259,582,381,495,554,214,382,431
"Plxna1",4379,8722,7979,8221,8324,3769,7909,7533
"Plxna2",862,1853,1693,1898,1456,916,2162,1822
"Plxna3",873,1854,1609,1702,1590,729,1678,1571
"Plxna4",23,53,47,49,71,21,66,57
"Plxna4os1",0,0,1,0,0,0,1,1
"Plxnb1",505,942,927,899,849,455,938,810
"Plxnb2",11064,22023,20308,20017,21192,9250,18823,18710
"Plxnb3",57,79,82,86,56,37,85,67
"Plxnc1",8,18,20,22,11,6,26,25
"Plxnd1",3103,5559,5168,5622,4743,2690,5267,5148
"Pm20d1",1,6,9,5,7,6,4,8
"Pm20d2",7,15,22,11,20,8,27,6
"Pmaip1",1072,2204,1813,2104,1923,1404,2677,2063
"Pmch",6,7,4,5,1,5,15,3
"Pmel",12,12,26,22,15,19,29,24
"Pmepa1",10800,16332,18169,18298,16276,12281,19574,17690
"Pmf1",550,907,906,974,708,447,848,851
"Pml",2008,3353,3561,3846,3232,1653,3398,3675
"Pmm1",912,1763,1906,1767,1811,872,1562,1922
"Pmm2",757,1476,1771,1546,1626,820,1542,1683
"Pmp22",4194,8379,9449,9179,10747,3806,7255,9560
"Pmpca",2745,4656,5661,5168,4658,2591,4959,5244
"Pmpcb",2145,3793,4474,4048,3989,2047,3698,4168
"Pms1",123,271,201,258,235,145,346,241
"Pms2",327,541,577,631,522,319,577,570
"Pmvk",391,773,647,648,741,365,564,581
"Pnck",6,4,7,8,2,2,6,7
"Pnisr",450,1371,947,1187,1170,734,1849,1359
"Pnkd",527,1079,1117,989,1012,529,935,1027
"Pnkp",562,989,1167,1112,1156,534,917,1125
"Pnldc1",5,11,6,12,4,1,11,8
"Pnliprp2",0,0,2,2,1,0,0,2
"Pnma1",28,50,48,53,42,43,62,49
"Pnma2",1,2,0,1,1,1,1,0
"Pnma5",1,1,0,2,1,0,2,1
"Pnmal1",1,1,3,2,2,0,2,4
"Pnmal2",1664,3289,3272,3040,2531,1603,2981,3091
"Pnmt",0,5,1,0,1,0,1,0
"Pnn",460,1639,1095,1461,1190,938,2467,1695
"Pno1",1155,2096,2729,2470,2634,1250,2657,2679
"Pnp",1118,2283,2565,2226,2785,1022,1958,2371
"Pnp2",12,138,155,133,138,13,94,135
"Pnpla1",1,0,0,2,0,0,1,1
"Pnpla2",649,1261,1830,1362,1654,631,1165,1638
"Pnpla3",0,1,2,1,1,0,0,2
"Pnpla6",480,1027,936,857,1085,469,904,823
"Pnpla7",268,672,617,577,647,275,527,622
"Pnpla8",677,2227,1439,1686,1799,986,2479,1830
"Pnpo",227,503,582,460,563,263,457,526
"Pnpt1",431,1039,856,1036,876,522,1263,1028
"Pnrc1",1535,3553,3089,3152,4943,1591,2679,3076
"Pnrc2",1950,3576,3741,4263,3685,2107,4596,4339
"Poc1a",143,185,223,227,165,106,176,190
"Poc1b",444,822,798,842,891,464,747,779
"Poc5",481,875,869,937,897,474,966,898
"Podn",20,65,39,40,37,24,46,41
"Podnl1",1092,1876,1658,1816,1699,1032,1686,1584
"Podxl",63,121,63,94,127,52,86,77
"Podxl2",412,755,743,744,644,323,616,664
"Pof1b",0,1,0,0,1,0,2,0
"Pofut1",1681,3207,2999,3095,3001,1392,2808,2761
"Pofut2",4256,7954,7846,8090,7619,3771,6626,7613
"Pogk",520,1232,1053,1072,1436,568,1106,1060
"Poglut1",1777,3537,3854,3611,4007,1692,3261,3752
"Pogz",1216,2282,2041,2303,2066,1128,2373,2043
"Pola1",332,879,380,705,422,343,1076,621
"Pola2",640,1012,990,1075,992,564,1027,927
"Polb",752,1557,1606,1531,1617,942,1618,1576
"Pold1",467,724,640,791,682,344,677,633
"Pold2",748,1182,1355,1348,1223,677,1082,1249
"Pold3",719,1124,1009,1242,1152,674,1164,1079
"Pold4",208,230,193,191,228,194,181,160
"Poldip2",2682,4957,5813,5298,5227,2404,4926,5521
"Poldip3",3751,7060,6989,7092,6915,3182,6192,6618
"Pole",668,912,776,1120,696,514,1027,837
"Pole2",354,523,487,602,515,329,552,523
"Pole3",822,1232,1396,1397,1227,803,1236,1340
"Pole4",1028,1695,1863,1881,1995,998,1689,1917
"Polg",1160,1966,1999,2001,1999,1013,1849,1803
"Polg2",94,153,195,189,163,62,149,188
"Polh",1149,1607,1939,1999,1592,952,1861,1866
"Poli",186,280,301,343,305,174,297,308
"Polk",304,773,702,774,713,421,1100,865
"Poll",330,608,578,584,502,323,480,548
"Polm",309,517,633,604,622,293,552,584
"Poln",4,8,11,3,5,5,8,7
"Polq",109,214,124,202,134,113,302,176
"Polr1a",1741,3259,3852,3444,3655,1689,3517,3710
"Polr1b",706,1203,1593,1366,1393,678,1379,1490
"Polr1c",1061,1973,2033,2000,2110,882,1668,1926
"Polr1d",1256,2038,2309,2186,2221,1163,1939,2214
"Polr1e",360,649,725,669,659,380,671,716
"Polr2a",4984,9457,8730,8920,9079,4445,8835,8283
"Polr2b",3281,5544,6212,6368,5665,2933,5970,6190
"Polr2c",1676,2900,3548,3158,3480,1764,2799,3263
"Polr2d",841,1470,1433,1489,1372,735,1332,1456
"Polr2e",1449,2834,3454,3061,3233,1377,2576,3375
"Polr2f",831,1592,1840,1576,1772,851,1543,1653
"Polr2g",480,1023,1203,959,1108,571,913,1066
"Polr2h",441,843,1071,883,972,453,815,987
"Polr2i",254,448,505,468,526,273,437,507
"Polr2j",687,1408,1562,1237,1578,734,1268,1346
"Polr2k",661,1222,1312,1296,1330,687,1183,1353
"Polr2l",518,599,785,650,677,530,614,733
"Polr2m",5668,9579,11142,11099,10400,5361,10124,11142
"Polr3a",706,1429,1479,1371,1505,694,1324,1387
"Polr3b",1055,2097,2380,2198,2231,1020,2258,2294
"Polr3c",931,1753,1793,1678,1759,862,1606,1666
"Polr3d",788,1541,1641,1544,1617,968,1472,1644
"Polr3e",571,943,1141,1117,1106,520,1004,1102
"Polr3f",549,1373,975,1256,1127,728,1613,1261
"Polr3g",137,297,290,305,339,164,340,337
"Polr3gl",481,979,1028,929,906,562,935,953
"Polr3h",817,1424,1721,1515,1548,751,1395,1608
"Polr3k",853,1674,1738,1809,1757,854,1980,1925
"Polrmt",859,1568,1677,1557,1591,729,1508,1524
"Pom121",1016,1753,1697,1756,1645,939,1733,1636
"Pomc",1,2,2,2,0,0,1,3
"Pomgnt1",2328,4876,5454,4732,5007,2320,4354,5128
"Pomgnt2",143,387,308,274,304,147,296,266
"Pomk",658,1380,1299,1207,1328,656,1121,1221
"Pomp",2131,4099,5106,4458,4283,2342,4301,4913
"Pomt1",547,1018,823,953,874,503,876,821
"Pomt2",922,1631,1833,1808,1759,773,1582,1744
"Pon1",0,0,1,2,0,0,0,2
"Pon2",1343,2426,2673,2555,2510,1267,2610,2609
"Pon3",520,1042,959,998,872,480,1131,946
"Pop1",309,452,603,623,497,262,545,575
"Pop4",412,576,630,695,604,329,578,645
"Pop5",290,426,561,551,483,269,457,532
"Pop7",230,424,437,421,438,197,368,427
"Popdc2",96,135,234,195,128,113,203,216
"Popdc3",3374,6656,6666,6415,6090,3577,6372,6582
"Por",2004,3987,4225,3802,4404,1778,3398,3809
"Porcn",1762,3280,4341,3248,3456,2226,3968,3981
"Postn",12286,32524,15630,20677,19288,19191,32253,18795
"Pot1a",488,884,1029,988,1013,422,898,987
"Pot1b",137,303,294,287,274,149,336,291
"Pou2af1",37,32,43,54,22,16,46,46
"Pou2f1",215,684,341,530,410,291,835,506
"Pou2f3",1,2,1,1,1,0,2,1
"Pou3f1",0,1,0,1,1,1,2,1
"Pou4f1",22,29,45,29,30,13,44,29
"Pou6f1",595,1243,1061,1140,1170,537,1086,1044
"Pp2d1",2,3,2,1,3,1,8,4
"Ppa1",1902,2926,3622,3467,3282,1674,3176,3469
"Ppa2",629,1045,1269,1252,1253,616,1085,1214
"Ppan",702,1187,1287,1271,1222,750,1247,1195
"Ppap2a",2246,4223,4982,4154,3928,2059,4045,4491
"Ppap2b",1240,2843,2709,2832,3636,1298,2629,2817
"Ppap2c",954,2341,1868,1778,2580,940,1516,1670
"Ppapdc1b",1088,1987,1751,1871,2152,1022,1811,1688
"Ppapdc2",57,131,112,91,145,51,125,85
"Ppapdc3",230,395,565,403,364,300,501,458
"Ppara",6,7,11,8,8,6,9,5
"Ppard",929,2054,1892,1808,2027,900,1724,1827
"Pparg",131,319,267,282,255,102,239,260
"Ppargc1a",18,55,38,35,41,22,70,38
"Ppargc1b",96,188,163,186,162,95,218,202
"Ppat",863,1393,1691,1789,1438,810,1897,1738
"Ppbp",12,33,27,36,66,17,13,34
"Ppcdc",237,460,494,514,559,255,478,548
"Ppcs",197,437,500,402,498,200,395,432
"Ppdpf",547,757,825,757,830,457,651,721
"Ppef1",7,14,9,13,17,9,18,13
"Ppef2",8,16,14,17,26,11,23,23
"Ppfia1",1219,2263,2211,2287,2720,1140,2224,2194
"Ppfia2",1,0,0,2,0,0,1,1
"Ppfia3",53,128,107,86,96,59,104,94
"Ppfia4",743,1220,1484,1301,900,771,1574,1334
"Ppfibp1",7207,13803,14478,16218,12703,7829,18727,16754
"Ppfibp2",13,34,72,20,37,30,77,54
"Pphln1",1401,2948,2513,3089,2846,1816,3725,3084
"Ppia",27503,42037,45919,44119,45528,26538,39000,43394
"Ppib",4117,5601,6484,6226,6096,3927,5191,6283
"Ppic",8247,13528,16873,16221,12889,7934,14702,16474
"Ppid",1819,3445,3330,3903,3315,2149,4406,3868
"Ppie",708,1363,1513,1430,1375,733,1274,1509
"Ppif",199,314,386,374,367,184,343,383
"Ppifos",19,37,47,43,39,21,41,46
"Ppig",504,1506,1107,1164,1215,653,1684,1369
"Ppih",258,550,595,601,574,264,505,571
"Ppil1",750,1084,1228,1230,1040,629,1136,1231
"Ppil2",1723,3128,3103,3160,3337,1571,2740,3094
"Ppil3",593,1060,1350,1254,1340,630,1012,1345
"Ppil4",579,1679,1211,1448,1421,897,2234,1503
"Ppil6",9,21,31,16,27,9,19,24
"Ppip5k1",424,785,775,749,767,378,728,686
"Ppip5k2",405,1235,820,1038,959,578,1571,1101
"Ppl",32,41,61,79,52,30,58,72
"Ppm1a",2746,5405,5346,5291,5812,2656,5060,5211
"Ppm1b",2264,3826,4304,4098,3783,2258,4100,4076
"Ppm1d",459,788,808,836,887,463,867,755
"Ppm1e",75,195,151,148,158,129,278,163
"Ppm1f",1549,3063,3532,3143,3153,1328,3057,3339
"Ppm1g",2773,5000,6376,5586,5523,2676,5020,5982
"Ppm1h",7,7,8,9,10,2,7,11
"Ppm1j",9,15,8,16,21,11,13,17
"Ppm1k",61,228,174,188,203,123,280,224
"Ppm1l",170,372,344,333,358,117,383,316
"Ppm1m",578,1121,1148,1131,1080,561,987,1032
"Ppm1n",2,2,3,2,2,2,3,3
"Ppme1",2014,3804,3226,3526,3618,1816,3109,3155
"Ppox",373,732,681,726,735,386,666,727
"Ppp1ca",9032,15047,17141,15963,15371,8352,14237,15856
"Ppp1cb",4936,10487,9010,10920,9591,5301,12485,10622
"Ppp1cc",3544,5294,5528,5259,5915,3129,4789,5310
"Ppp1r10",1433,2919,3224,2905,3050,1275,2854,3002
"Ppp1r11",1191,1777,1923,1859,1818,1223,1652,1902
"Ppp1r12a",686,1893,1133,1468,1292,1018,2385,1390
"Ppp1r12b",109,252,257,220,186,89,278,215
"Ppp1r12c",935,1548,1829,1795,1653,816,1524,1681
"Ppp1r13b",465,851,782,793,691,452,811,762
"Ppp1r13l",778,1233,1278,1288,1061,788,1262,1191
"Ppp1r14a",11,23,23,20,15,7,21,15
"Ppp1r14b",4820,7396,8929,8076,7784,4968,6850,8265
"Ppp1r14c",1060,2074,2360,2092,1901,1000,2171,2307
"Ppp1r15a",965,2022,1461,1609,2955,790,1385,1366
"Ppp1r15b",3155,6760,5905,6232,7190,2948,5787,5871
"Ppp1r16a",821,1682,1409,1412,1510,746,1274,1254
"Ppp1r16b",0,1,2,0,0,0,1,0
"Ppp1r18",2508,4587,4746,4690,4383,2444,4233,4520
"Ppp1r1a",1,2,4,3,2,3,2,3
"Ppp1r2",2697,4005,3980,4168,4022,2719,4397,4182
"Ppp1r21",738,1420,1205,1331,1409,710,1297,1175
"Ppp1r26",36,56,51,58,61,20,56,43
"Ppp1r27",2,37,29,6,57,12,25,24
"Ppp1r32",3,4,4,4,1,2,6,2
"Ppp1r35",327,639,729,625,677,348,580,654
"Ppp1r37",1235,2429,2433,2213,2323,1126,2134,2284
"Ppp1r3a",5,24,16,9,8,13,47,18
"Ppp1r3b",103,260,212,212,426,118,208,203
"Ppp1r3c",50,148,179,130,267,51,106,155
"Ppp1r3e",18,40,21,31,38,14,37,30
"Ppp1r3f",153,222,317,292,248,132,267,303
"Ppp1r3fos",7,5,6,12,5,5,6,8
"Ppp1r3g",1,3,2,1,5,0,2,1
"Ppp1r7",1115,1927,1977,2160,1888,1076,2164,2064
"Ppp1r8",1318,2474,2853,2549,2989,1286,2345,2664
"Ppp1r9a",20,54,63,49,66,48,86,55
"Ppp1r9b",3492,6939,7007,6657,6826,3273,6037,6345
"Ppp2ca",7873,14708,16352,15285,16609,8011,14394,16001
"Ppp2cb",1571,2945,2813,2885,3144,1507,2547,2773
"Ppp2r1a",6822,12435,14734,13493,12584,6155,11554,14025
"Ppp2r1b",1205,2010,2205,2363,2322,1108,2116,2305
"Ppp2r2a",2205,4226,4191,4483,4280,2453,4790,4563
"Ppp2r2b",63,139,84,110,96,66,99,87
"Ppp2r2c",0,0,2,0,2,1,1,1
"Ppp2r2d",1028,1670,1839,1957,1845,1040,1721,1936
"Ppp2r3a",665,1789,1283,1413,1174,869,2250,1475
"Ppp2r3c",772,1408,1393,1428,1395,809,1543,1420
"Ppp2r3d",114,210,185,175,204,126,218,210
"Ppp2r4",3956,7106,7881,7632,7086,3442,6638,7448
"Ppp2r5a",991,1653,1810,1930,1853,892,1712,1955
"Ppp2r5b",1263,2765,2442,2341,2680,1253,2197,2381
"Ppp2r5c",2456,4574,4207,4821,4309,2544,5027,4715
"Ppp2r5d",2545,4282,4880,4743,4015,2295,4202,4665
"Ppp2r5e",1493,2891,2542,3035,2878,1588,3214,2910
"Ppp3ca",1650,4484,3621,4128,4147,2096,5266,4588
"Ppp3cb",2731,5541,4892,5740,5174,3203,6784,5652
"Ppp3cc",432,803,876,867,982,441,805,906
"Ppp3r1",4170,7814,8389,8725,8188,4305,9058,8901
"Ppp3r2",0,1,1,0,1,0,0,0
"Ppp4c",1623,2829,2981,2978,2970,1570,2548,2873
"Ppp4r1",2019,3490,3392,3667,3754,1880,3334,3408
"Ppp4r1l-ps",111,219,210,229,193,120,256,257
"Ppp4r2",1857,3537,2943,3501,3135,2365,4305,3538
"Ppp4r4",2,43,17,14,26,19,36,19
"Ppp5c",1417,2424,2704,2571,2595,1310,2266,2575
"Ppp6c",1219,2277,2167,2277,2268,1220,2341,2255
"Ppp6r1",1909,3654,3852,3632,3838,1779,3331,3551
"Ppp6r2",689,1210,1260,1316,1235,588,1211,1237
"Ppp6r3",2654,5189,4455,5561,4875,2825,6382,5295
"Pprc1",1257,2392,2404,2376,2481,1321,2356,2341
"Ppt1",3600,7143,8108,7311,6921,3138,6423,7421
"Ppt2",748,1472,1477,1396,1594,718,1270,1351
"Pptc7",522,1163,941,1097,1203,514,1171,1095
"Ppwd1",431,804,813,927,773,506,1006,929
"Pqbp1",751,1385,1476,1435,1435,750,1312,1456
"Pqlc1",290,506,744,566,562,266,566,613
"Pqlc2",120,294,296,231,349,146,241,243
"Pqlc3",756,1336,1466,1483,1572,792,1406,1426
"Pradc1",209,300,284,320,263,164,315,280
"Praf2",1362,2666,2480,2493,2715,1331,2241,2438
"Pram1",9,22,22,21,13,14,31,30
"Pramef8",898,1692,1637,1616,1697,857,1529,1559
"Pramel1",1,0,0,1,1,0,0,0
"Prc1",3276,4727,3904,5688,3928,3236,5730,4726
"Prcc",1470,2885,2828,2674,2769,1380,2580,2669
"Prcp",1158,1994,2040,2102,1948,967,1969,1926
"Prdm1",41,127,100,111,244,60,109,108
"Prdm10",70,116,104,128,131,74,133,116
"Prdm11",20,26,16,24,21,11,22,19
"Prdm15",362,684,724,745,683,353,763,734
"Prdm2",1914,3748,3299,3688,3248,1883,4063,3410
"Prdm4",1112,2040,2113,2001,2144,950,1894,1894
"Prdm5",347,614,644,717,709,352,708,705
"Prdm8",20,64,51,46,60,38,36,37
"Prdm9",50,115,73,94,95,57,136,90
"Prdx1",11547,21023,21846,19594,27652,10909,18044,20211
"Prdx2",11454,20461,22463,21090,20692,10428,18099,21183
"Prdx3",2208,3960,4708,4178,4119,2046,3886,4465
"Prdx4",2806,6115,7582,6749,8187,2649,4860,7299
"Prdx5",3316,8010,7996,6802,11576,3723,5970,7231
"Prdx6",3529,7054,8176,6959,10780,3253,6246,7633
"Preb",2496,4665,5096,4576,4570,2503,4609,4784
"Prelid1",7802,12701,10521,11255,12219,7044,9855,9682
"Prelid2",292,675,350,459,603,370,492,375
"Prelp",7215,10962,9564,12455,7369,5378,10265,9817
"Prep",5106,8756,10390,9864,8687,4650,8819,10015
"Prepl",1803,3155,3869,3465,2947,1661,3639,3697
"Prex1",68,137,120,121,144,66,124,110
"Prex2",21,48,12,36,16,11,52,24
"Prf1",2,0,0,2,1,1,1,1
"Prg4",147,447,201,236,2848,248,283,228
"Prickle1",807,1386,1356,1473,1160,731,1307,1316
"Prickle2",43,108,95,99,96,56,108,93
"Prickle3",108,224,238,216,253,143,257,245
"Prickle4",0,4,4,4,3,1,6,3
"Prim1",594,906,723,1056,782,514,968,845
"Prim2",602,900,855,1007,835,498,875,806
"Primpol",103,203,164,210,194,132,222,202
"Prkaa1",1878,4858,3511,4398,4003,2411,5680,4460
"Prkaa2",184,605,473,435,407,308,896,490
"Prkab1",1046,1831,1923,1927,1877,967,1769,1881
"Prkab2",933,1577,2314,2156,1485,924,2257,2307
"Prkaca",9279,15454,18628,17742,14911,8777,15987,17888
"Prkacb",2385,4744,4479,5485,4697,2567,5737,5490
"Prkag1",2457,4727,5146,4739,4979,2334,4226,4703
"Prkag2",266,346,394,473,395,161,347,387
"Prkag2os1",2,1,1,2,0,0,0,0
"Prkag3",579,1133,1718,1134,944,866,1747,1540
"Prkar1a",25101,42261,52334,49770,41001,23645,47822,51035
"Prkar1b",24,56,72,51,103,22,44,52
"Prkar2a",1404,2634,2592,2969,2316,1464,3306,2874
"Prkar2b",1398,3375,2212,3199,2886,1426,3222,2796
"Prkca",1441,2672,2246,2927,2719,1511,2967,2694
"Prkcb",9,24,6,15,22,20,27,15
"Prkcd",838,1747,1867,1736,1848,814,1587,1788
"Prkcdbp",1724,3182,2975,3126,2779,1528,2626,2810
"Prkce",106,269,153,220,304,115,240,185
"Prkcg",19,25,48,38,35,10,42,33
"Prkch",26,43,29,42,51,32,38,27
"Prkci",1785,3398,3555,3831,3772,1620,3742,3729
"Prkcq",1,0,3,3,1,1,0,2
"Prkcsh",3376,6878,6681,6480,8174,3282,5804,6487
"Prkcz",6,14,7,9,16,8,16,7
"Prkd1",6,4,7,7,6,6,5,3
"Prkd2",302,600,692,632,635,300,557,660
"Prkd3",1836,4346,3307,4293,3838,2139,5320,4182
"Prkdc",259,1001,444,664,593,355,1065,642
"Prkg1",94,292,289,231,209,169,550,295
"Prkg2",1176,2973,2076,2748,2638,1845,4058,2864
"Prkra",751,1461,1430,1467,1397,685,1263,1422
"Prkrip1",491,795,1055,941,981,496,854,963
"Prkrir",1493,2937,3099,3493,3009,1719,3743,3691
"Prkx",586,1290,1080,1238,1279,668,1464,1187
"Prl2c2",70,184,124,143,1651,82,106,127
"Prl2c3",2,2,2,2,7,2,1,5
"Prl2c5",4,7,6,6,26,4,6,1
"Prl8a8",0,1,2,0,0,0,2,0
"Prmt1",4571,7802,9994,8807,7912,4383,7671,9134
"Prmt10",476,929,1126,967,1078,471,923,1053
"Prmt2",1069,2078,1936,1854,2061,965,1716,1779
"Prmt3",1024,1822,2169,2070,2256,1042,1911,2089
"Prmt5",1885,3300,4108,3630,3345,1725,3457,3796
"Prmt6",446,742,902,890,883,450,774,852
"Prmt7",831,1449,1920,1641,1492,757,1544,1704
"Prnp",5636,10267,12475,10950,11804,5405,10434,11998
"Prob1",130,264,270,243,214,158,267,262
"Proca1",4,6,3,8,2,8,9,8
"Procr",98,226,158,183,393,111,139,165
"Prodh",48,98,110,96,113,37,106,100
"Prok1",1,5,2,2,1,0,7,3
"Prokr1",20,60,53,64,68,25,64,72
"Prorsd1",205,378,463,455,478,248,474,525
"Pros1",1952,3721,3505,4024,4256,1844,3979,3752
"Prosc",1320,2379,2893,2652,2588,1256,2508,2760
"Proser1",544,951,1007,1052,961,535,1067,959
"Proser2",118,212,180,210,230,98,148,165
"Proser3",105,214,167,188,194,118,187,162
"Prox1",26,53,29,48,38,50,83,47
"Prox2",71,112,101,132,103,69,132,122
"Proz",30,45,52,52,35,23,42,37
"Prpf18",1262,2405,2407,2601,2544,1377,2924,2637
"Prpf19",4240,7612,9318,8247,8267,3817,7481,8445
"Prpf3",859,1398,1371,1641,1410,848,1589,1589
"Prpf31",997,1804,1962,1905,1887,935,1806,1875
"Prpf38a",981,1772,2041,1966,1895,1023,1969,2125
"Prpf38b",1056,2809,2129,2805,2361,1604,3665,2955
"Prpf39",326,1060,623,766,787,499,1235,807
"Prpf4",854,1453,1682,1672,1647,793,1635,1694
"Prpf40a",853,2353,1692,1917,1686,1028,2825,2051
"Prpf40b",746,1553,1715,1606,1497,833,1662,1677
"Prpf4b",597,1881,1230,1500,1410,837,2261,1612
"Prpf6",2690,4918,5737,5342,5116,2443,5103,5299
"Prpf8",8790,17005,17312,17148,16017,6752,16305,16498
"Prph",23,27,22,27,29,21,20,14
"Prps1",940,1509,2011,1815,1504,878,1668,1800
"Prps1l3",1144,2111,1950,2326,1900,1096,2336,2180
"Prps2",707,1302,1153,1460,1444,637,1414,1342
"Prpsap1",1625,3410,3095,2955,3493,1557,2729,2990
"Prpsap2",599,1069,1031,1147,1197,568,1009,1073
"Prr11",833,1304,990,1480,1070,922,1735,1180
"Prr12",774,1574,1391,1484,1595,851,1361,1375
"Prr13",1711,3806,3219,2959,3983,1721,2871,2907
"Prr14",936,1796,2128,1929,1965,945,1788,2045
"Prr14l",500,1285,763,1065,908,681,1609,955
"Prr15",11,9,20,19,6,5,9,10
"Prr15l",1,2,0,2,0,0,0,1
"Prr16",20,71,42,35,61,34,73,45
"Prr18",8,12,16,17,11,15,15,15
"Prr22",4,8,5,5,6,3,11,3
"Prr29",5,6,12,6,10,7,11,11
"Prr3",386,742,817,705,731,375,731,737
"Prr32",41,54,142,78,68,76,133,145
"Prr33",117,244,574,406,306,146,466,596
"Prr36",15,23,27,32,21,12,17,33
"Prr5",275,435,545,527,426,292,443,506
"Prr5l",24,57,41,46,36,14,55,41
"Prr7",86,96,163,173,129,100,134,182
"Prr9",23,39,2,27,28,19,30,9
"Prrc1",2429,4341,4436,4845,4392,2467,4522,4583
"Prrc2a",9583,18133,16691,17593,16175,8484,16885,15993
"Prrc2b",6619,12730,13114,13203,11564,6074,13535,12980
"Prrc2c",2964,7953,5687,7029,6432,3859,9318,7035
"Prrg1",73,235,162,172,130,79,271,198
"Prrg2",109,264,281,210,262,125,232,203
"Prrg4",87,258,145,157,157,113,239,164
"Prrt2",30,50,67,83,47,30,82,99
"Prrt3",14,31,31,27,26,18,27,27
"Prrt4",56,126,107,91,96,53,84,89
"Prrx1",3166,9340,6122,7967,7049,3314,8876,7789
"Prrx2",1192,1999,2598,2375,1870,957,1947,2356
"Prss12",67,83,93,117,64,64,83,97
"Prss16",11,17,11,20,9,5,14,13
"Prss2",0,5,0,0,7,2,1,1
"Prss22",6,7,4,5,7,10,5,0
"Prss23",5447,8327,11435,11651,8188,5242,10683,12061
"Prss27",1,4,6,0,5,2,8,5
"Prss30",0,1,0,1,0,0,1,2
"Prss32",1,4,2,3,4,4,2,3
"Prss35",45,97,100,106,107,84,140,116
"Prss36",106,235,222,191,199,111,214,210
"Prss38",0,0,0,0,1,0,1,1
"Prss41",3,2,2,4,3,2,0,3
"Prss45",6,1,5,10,6,0,3,6
"Prss46",92,191,143,141,169,141,186,145
"Prss50",2,2,4,5,3,4,2,7
"Prss53",45,64,92,86,74,39,92,81
"Prss56",2,5,3,5,5,3,4,4
"Prss57",0,3,0,0,1,2,0,2
"Prss8",0,4,0,0,1,2,3,0
"Prtg",26,82,88,91,105,49,84,99
"Prtn3",3,11,3,8,22,4,2,4
"Prune",1759,3448,4084,3333,3516,1741,3405,3638
"Prune2",4705,10157,7710,9387,7901,5145,11730,8880
"Prx",185,257,323,333,266,152,271,280
"Psap",34566,82297,69357,65064,88258,30582,58292,63226
"Psapl1",0,1,0,1,0,0,1,1
"Psat1",4175,9850,9718,7984,11570,3963,7725,8473
"Psca",1,1,1,1,2,0,2,3
"Psd",347,577,642,593,569,364,485,583
"Psd2",1,7,5,2,3,3,4,2
"Psd3",208,703,376,466,369,293,811,486
"Psd4",4,11,7,12,8,3,8,11
"Psen1",1912,4054,4065,3817,4221,1806,3577,3937
"Psen2",436,934,1072,849,1029,433,809,939
"Psenen",846,1514,1564,1376,1580,805,1207,1443
"Psg17",4,12,6,6,3,7,9,3
"Psg18",0,1,1,1,0,0,4,2
"Psg22",0,1,1,0,1,0,1,0
"Psg26",8,13,11,12,5,6,14,9
"Psg28",23,47,41,25,29,25,40,31
"Psip1",1309,3326,2357,3075,2406,1778,4322,3099
"Pskh1",797,1654,1485,1515,1651,744,1433,1479
"Psma1",2089,3697,4428,4037,3807,2115,3815,4202
"Psma2",3589,6544,8386,7102,7139,3684,6544,7651
"Psma3",3931,7197,8742,8235,7611,4142,7923,9150
"Psma4",2869,4403,5746,5196,4948,3013,4896,5725
"Psma5",3891,6934,8343,7316,7418,3838,6593,7838
"Psma6",3766,7136,8884,7416,7471,3904,6897,8175
"Psma7",2759,5259,6446,5702,5879,2869,5265,6299
"Psmb1",4474,8428,10016,8731,9005,4308,7974,9408
"Psmb10",298,442,473,494,430,234,418,435
"Psmb11",0,0,4,2,0,0,1,2
"Psmb2",2137,3881,4847,4218,4091,2162,3663,4546
"Psmb3",3315,5725,7689,6332,6127,3186,5796,7034
"Psmb4",4010,7484,9075,8074,7974,3973,7209,8533
"Psmb5",1609,2222,2742,2337,2385,1618,2175,2603
"Psmb6",2937,5272,6427,5894,5303,2822,5197,6274
"Psmb7",3218,5904,7687,6514,6145,3553,6041,7424
"Psmb8",37,63,79,62,55,47,71,63
"Psmb9",7,6,6,14,2,10,6,12
"Psmc1",4898,8671,10948,9730,9356,5096,9262,10587
"Psmc2",3900,6809,8785,7751,7505,3922,6944,8421
"Psmc3",8207,14708,19903,16523,14980,8346,16066,18121
"Psmc3ip",149,204,228,256,189,135,217,215
"Psmc4",2503,4475,5513,4811,4692,2487,4428,5173
"Psmc5",3373,6126,8133,6486,6171,3386,6358,7325
"Psmc6",3070,6900,6449,6879,6096,3700,8309,7497
"Psmd1",5686,10300,12767,12313,10633,5358,12349,12933
"Psmd10",1045,1822,2105,2082,2016,1078,1907,2146
"Psmd11",2502,4320,5180,4874,4717,2235,4736,5119
"Psmd12",3196,5548,6665,6332,5827,3237,6422,6613
"Psmd13",2671,4719,5798,5158,5000,2597,4706,5541
"Psmd14",2965,4980,6548,6149,5622,2958,5800,6670
"Psmd2",9965,19000,21616,19173,20672,9034,18196,19775
"Psmd3",4165,7480,8967,8026,7525,3949,7430,8458
"Psmd4",3893,7401,8916,7572,7911,3753,7053,8197
"Psmd5",1963,3364,4655,4172,3993,1841,3778,4588
"Psmd6",3340,5903,7627,6839,6324,3272,6383,7428
"Psmd7",3625,6933,7947,7119,6997,3647,6821,7529
"Psmd8",4465,11037,10744,8771,12819,4595,7971,9781
"Psmd9",795,1531,1684,1491,1597,784,1366,1561
"Psme1",1206,2196,2216,2244,2327,1067,1814,2174
"Psme2",1659,2750,3147,3237,2887,1519,2606,3079
"Psme2b",14,24,20,17,13,15,16,14
"Psme3",3382,6057,7335,6744,6774,3391,6389,6894
"Psme4",1923,5668,3970,4598,4230,2756,7246,4928
"Psmf1",869,1625,1825,1677,1849,812,1544,1714
"Psmg1",443,834,1031,930,955,491,886,994
"Psmg2",683,1177,1436,1373,1394,689,1273,1482
"Psmg3",343,626,747,662,640,365,668,732
"Psmg4",190,293,376,339,432,185,278,339
"Psors1c2",0,2,0,0,2,1,1,0
"Pspc1",820,1439,1685,1761,1768,748,1631,1808
"Psph",538,1288,1343,1038,1665,523,996,1139
"Pspn",4,8,16,5,8,7,12,9
"Psrc1",537,698,1098,1096,899,526,898,1060
"Pstk",288,526,528,566,543,266,462,550
"Pstpip1",256,346,576,385,327,329,560,464
"Pstpip2",778,1470,1328,1407,1188,896,1692,1432
"Ptafr",5,10,3,4,4,4,5,1
"Ptar1",60,144,94,108,111,75,146,99
"Ptbp1",5345,8132,8676,8679,8843,4685,7856,8107
"Ptbp2",731,1565,1611,1792,1513,805,2046,1895
"Ptbp3",1272,4182,2081,2873,2903,1988,5176,2884
"Ptcd1",527,933,1048,910,1031,490,870,984
"Ptcd2",863,1619,1762,1607,1662,846,1476,1649
"Ptcd3",1364,2358,2623,2609,2271,1375,2910,2779
"Ptch1",196,425,406,456,450,142,478,445
"Ptch2",10,14,21,17,27,6,17,16
"Ptchd1",2,3,0,2,4,0,1,0
"Ptchd2",0,2,2,3,8,1,3,3
"Ptchd4",6,12,2,6,3,2,8,0
"Ptcra",0,3,0,0,0,1,2,0
"Ptdss1",1679,3083,3108,2807,3124,1566,2622,2811
"Ptdss2",691,1393,1424,1290,1389,646,1177,1288
"Pten",1498,3706,2467,3328,2728,1924,4812,3361
"Pter",291,460,491,536,454,277,488,491
"Ptgdr2",2,5,3,1,3,2,5,3
"Ptgds",57,88,135,89,61,61,116,95
"Ptger1",1214,1889,1744,1749,1892,1088,1710,1689
"Ptger2",2,7,8,5,10,1,4,4
"Ptger3",5,7,2,7,3,2,9,2
"Ptger4",438,963,716,923,911,415,919,851
"Ptges",13,60,36,32,100,19,29,37
"Ptges2",619,1210,1417,1173,1368,619,1108,1253
"Ptges3",5405,8845,9552,9374,8879,4989,8813,9291
"Ptges3l",367,659,921,690,575,406,758,794
"Ptgfr",742,2121,1497,1952,2665,621,1667,1896
"Ptgfrn",18525,33695,37555,36440,31948,16265,33156,35049
"Ptgir",155,381,353,348,452,169,311,351
"Ptgis",3388,6543,6494,6325,4824,2794,5418,6296
"Ptgr1",2434,5037,4603,4661,5874,2135,4002,4379
"Ptgr2",1391,2594,2801,2842,2479,1412,2897,2903
"Ptgs1",3056,6725,8247,6882,9984,2756,6020,7622
"Ptgs2",526,1255,514,880,2879,552,1179,607
"Ptgs2os",14,17,9,28,17,4,19,34
"Ptgs2os2",20,39,28,33,68,15,38,30
"Pth1r",75,93,170,120,126,91,136,130
"Pthlh",15,25,27,30,16,19,24,32
"Ptk2",2200,4052,3845,4346,4121,2028,4150,4074
"Ptk2b",724,1323,1389,1406,1437,628,1288,1296
"Ptk7",2529,4268,5216,5063,4419,2116,4236,5098
"Ptma",15415,22443,21962,25061,26654,15280,22202,22171
"Ptms",9078,15350,16723,17192,15080,9161,14506,15910
"Ptn",259,259,204,401,178,125,296,257
"Ptov1",2460,4223,4612,4562,4228,2257,3729,4524
"Ptp4a1",175,382,305,379,378,282,486,410
"Ptp4a2",7854,16167,15315,16336,15031,8879,18439,17301
"Ptp4a3",1637,2954,2986,2941,2924,1574,2599,2743
"Ptpdc1",530,960,842,992,970,473,948,857
"Ptpmt1",554,1060,1183,1070,1138,561,1015,1161
"Ptpn1",2531,4984,4973,4985,4610,2244,4552,4935
"Ptpn11",5939,11068,12350,11574,11335,5546,11329,11635
"Ptpn12",1709,4046,3341,3845,3872,2138,4773,3954
"Ptpn13",982,2073,1811,2029,1854,846,1976,1843
"Ptpn14",2694,4898,4659,4994,4780,2377,5021,4435
"Ptpn18",3,0,1,3,1,2,0,0
"Ptpn2",662,1434,1077,1380,1629,824,1585,1322
"Ptpn21",1648,3185,3509,3241,3003,1789,3808,3398
"Ptpn22",128,255,226,280,282,98,187,249
"Ptpn23",1919,4231,3580,3611,4264,1852,3567,3576
"Ptpn3",421,958,983,921,1092,446,1045,1052
"Ptpn4",50,183,133,136,99,52,201,148
"Ptpn5",10,16,27,29,32,11,25,45
"Ptpn6",62,118,95,113,111,51,123,115
"Ptpn7",4,4,8,11,2,5,5,10
"Ptpn9",2026,3383,3436,3572,3832,1983,3325,3415
"Ptpra",3327,6052,5732,5659,6310,2991,5526,5485
"Ptprb",15,29,24,23,32,23,42,22
"Ptprc",0,1,1,0,1,0,3,0
"Ptprcap",5,10,10,8,7,8,14,6
"Ptprd",414,1076,710,912,685,510,1308,958
"Ptpre",250,414,368,477,411,230,470,405
"Ptprf",1806,3021,3235,3324,2919,1645,3167,3041
"Ptprg",882,2322,1652,1807,2147,1037,2291,1746
"Ptprj",387,678,611,785,663,312,767,659
"Ptprk",2043,4805,4025,4178,6229,1961,4238,4117
"Ptprm",468,1008,855,911,1477,424,858,853
"Ptprn",17,26,29,25,22,11,28,31
"Ptprn2",44,82,110,90,112,38,75,86
"Ptprq",9,22,11,20,10,14,21,25
"Ptprr",35,61,72,73,51,24,66,61
"Ptprs",5734,12195,9459,10492,11488,5310,10020,9421
"Ptprt",0,1,1,0,0,0,2,0
"Ptpru",4,9,8,8,19,8,6,10
"Ptprv",216,286,318,405,171,143,314,338
"Ptrf",12784,21354,24141,24521,19073,11172,19959,23474
"Ptrh1",277,695,635,488,1107,271,454,533
"Ptrh2",535,958,1072,1048,1044,527,946,1101
"Ptrhd1",155,214,230,238,244,158,236,199
"Pts",438,898,1016,928,955,443,827,985
"Pttg1",952,1247,1497,1648,1044,817,1440,1528
"Pttg1ip",7495,15321,16288,14675,16240,6954,13115,14922
"Ptx3",390,1094,399,638,2245,350,568,421
"Puf60",4274,7725,8518,7933,7865,3965,7229,7992
"Pum1",2410,4709,4555,4910,4672,2570,4968,4719
"Pum2",2050,6221,3996,5010,4813,3041,7462,5177
"Pura",94,241,182,204,205,108,263,218
"Purb",5176,14435,9717,11967,9539,6855,17444,12380
"Purg",108,244,241,217,250,152,275,228
"Pus1",683,1174,1319,1272,1375,676,1086,1230
"Pus10",401,949,778,966,856,495,1239,1076
"Pus3",181,417,441,441,416,261,543,506
"Pus7",1070,1781,2341,2336,2149,1024,2193,2502
"Pus7l",317,543,570,612,506,284,650,555
"Pusl1",193,319,404,378,401,188,343,386
"Pvalb",51,76,113,85,76,72,124,105
"Pvr",997,2159,1937,1880,2948,1087,2047,2012
"Pvrl1",345,653,575,629,807,325,563,589
"Pvrl2",779,1570,1594,1437,1928,717,1294,1439
"Pvrl3",534,1112,766,1009,997,612,1236,901
"Pvrl4",5,22,12,14,14,14,16,21
"Pvt1",214,412,516,534,611,238,498,557
"Pwp1",1530,2615,2977,2878,2781,1427,2669,2857
"Pwp2",855,1622,1802,1617,1854,754,1604,1693
"Pwwp2a",263,531,400,567,488,327,747,509
"Pwwp2b",345,594,587,602,578,287,484,566
"Pxdc1",541,1049,786,991,1085,507,748,829
"Pxdn",8889,13377,12792,14947,11588,8546,14865,12700
"Pxk",1153,2033,2197,2333,2241,1222,2231,2283
"Pxmp2",33,46,62,52,33,40,45,57
"Pxmp4",380,688,761,682,605,366,594,683
"Pxn",2424,4336,4496,4317,4148,2272,4201,4157
"Pxylp1",1606,2769,2972,3154,2899,1412,2731,2999
"Pycard",3,1,5,5,1,2,2,2
"Pycr1",381,612,544,628,543,323,544,529
"Pycr2",977,1752,2288,1953,1995,941,1756,2047
"Pycrl",553,973,1080,1038,904,487,851,1060
"Pygb",1908,3800,4009,3824,3786,1544,3306,3643
"Pygl",20,75,79,73,94,38,58,79
"Pygm",1395,2307,4159,2789,1906,1569,3346,3702
"Pygo1",45,90,82,92,89,39,106,83
"Pygo2",1965,3711,3966,3825,3444,1817,3444,3817
"Pyroxd1",237,390,344,399,393,286,438,376
"Pyroxd2",25,46,51,53,47,16,57,46
"Pyurf",172,420,490,432,524,225,442,503
"Pzp",1,2,3,3,9,4,5,4
"Qars",2676,5276,5701,5143,5655,2431,4635,5097
"Qdpr",679,1487,1445,1320,1401,631,1243,1364
"Qk",3896,11418,7560,9255,8044,5652,14957,9925
"Qpct",218,427,504,450,330,231,548,470
"Qpctl",378,633,748,683,754,360,635,727
"Qprt",0,9,6,2,2,2,7,4
"Qrfp",89,139,245,176,152,73,209,223
"Qrfpr",0,0,0,0,2,0,1,1
"Qrich1",2403,4372,4761,4708,4782,2370,4544,4656
"Qrich2",1,2,3,1,0,2,1,0
"Qrsl1",234,445,528,472,422,280,508,513
"Qser1",638,2098,1095,1429,1384,931,2380,1427
"Qsox1",6843,14414,15420,13943,15542,6459,12596,14175
"Qsox2",900,1596,1834,1761,1981,846,1572,1760
"Qtrt1",232,421,484,457,496,234,458,454
"Qtrtd1",450,743,787,932,964,444,945,888
"R3hcc1",861,1553,1668,1597,1712,826,1420,1579
"R3hcc1l",466,810,820,921,920,390,905,924
"R3hdm1",1135,2498,1860,2447,2195,1382,3051,2369
"R3hdm2",2619,5349,4336,4953,4937,2710,4782,4513
"R3hdm4",2126,4144,4411,4037,4053,2087,3584,3978
"R3hdml",1013,1411,1804,1533,996,1025,1768,1621
"R74862",51,98,85,110,106,58,84,121
"Rab1",5832,11292,11124,12005,10686,5993,12372,12162
"Rab10",4577,9840,8308,10050,8945,5698,12266,10406
"Rab10os",88,181,165,146,192,96,150,144
"Rab11a",2492,4700,4791,4811,5145,2526,4774,4771
"Rab11b",2980,4821,5360,4921,5189,2739,4436,5083
"Rab11fip1",239,504,452,401,528,277,499,389
"Rab11fip2",140,498,232,324,341,229,547,323
"Rab11fip3",1173,2229,2175,2236,2223,1085,2143,2208
"Rab11fip4",0,1,1,0,1,0,1,0
"Rab11fip5",2256,4637,4364,4176,5134,2084,3743,4142
"Rab12",2623,4907,5640,5350,5311,2669,4903,5638
"Rab13",675,1264,1237,1304,1222,617,1172,1205
"Rab14",5086,9309,10036,10411,9694,5351,10680,10673
"Rab15",11,23,32,28,31,18,31,25
"Rab17",1,1,0,2,0,0,1,1
"Rab18",4693,8751,9684,9945,9501,4647,9919,10150
"Rab1b",4101,7452,7829,7252,7001,3541,6674,6882
"Rab20",49,121,91,69,162,50,79,72
"Rab21",1977,3714,3956,4028,4077,2097,3980,4071
"Rab22a",916,1705,1842,1630,1774,932,1711,1765
"Rab23",1113,2086,1903,2231,2394,1232,2255,2171
"Rab24",967,2113,2006,1896,2220,1105,1897,1998
"Rab25",1,2,4,1,0,0,1,0
"Rab26",1,5,8,11,5,5,7,12
"Rab26os",10,19,50,38,31,4,28,63
"Rab27a",47,69,69,100,53,44,71,89
"Rab27b",153,448,305,345,342,198,594,356
"Rab28",1112,2234,2228,2098,2307,1055,2082,2054
"Rab29",148,265,253,247,300,131,228,227
"Rab2a",6167,10834,12191,12053,12142,5986,11433,12252
"Rab2b",673,1165,1192,1293,1271,678,1215,1222
"Rab30",87,190,245,223,153,108,202,242
"Rab31",6762,12516,13483,12740,12720,5798,11452,12757
"Rab32",557,1235,1013,1016,1429,458,840,865
"Rab33a",3,14,12,10,23,4,8,16
"Rab33b",793,1587,1405,1636,1583,886,1703,1589
"Rab34",2357,4430,4590,4439,4820,2118,3874,4243
"Rab35",1594,3151,3179,3076,3319,1575,2817,3053
"Rab36",71,189,191,153,164,93,159,149
"Rab37",1,2,2,1,2,1,3,2
"Rab38",222,280,328,348,243,227,349,275
"Rab39b",9,16,12,25,22,10,20,26
"Rab3a",387,790,867,721,702,370,698,791
"Rab3b",17,32,28,34,22,10,31,31
"Rab3c",2,0,0,2,0,0,1,1
"Rab3d",956,1861,1787,1722,1831,810,1485,1605
"Rab3gap1",1732,3382,3632,3560,3673,1665,3503,3758
"Rab3gap2",2175,4663,4515,4502,4751,2240,4694,4650
"Rab3il1",334,718,865,715,569,350,630,825
"Rab3ip",857,1431,1526,1482,1437,777,1366,1437
"Rab40b",419,656,838,735,722,461,777,838
"Rab40c",613,1226,1377,1251,1367,566,1167,1353
"Rab42",3,4,12,13,8,5,6,14
"Rab43",1124,2489,2306,2173,2718,1002,2060,2160
"Rab44",100,167,223,187,120,96,215,207
"Rab4a",341,615,723,631,618,291,549,641
"Rab4b",577,1298,1187,1138,1440,597,1087,1184
"Rab5a",1795,3605,3150,3645,3748,2339,4339,3829
"Rab5b",4305,7675,7708,7225,8157,4165,6739,7352
"Rab5c",3439,6576,6804,6657,6874,3191,5916,6579
"Rab6a",3414,6528,5412,6629,6201,3813,7315,6328
"Rab6b",64,115,79,108,141,76,112,84
"Rab7",8206,15264,17076,15992,17758,8283,15224,16944
"Rab7b",464,1009,1134,1012,1167,361,808,1043
"Rab8a",1901,3603,3902,3602,3881,1775,3268,3577
"Rab8b",623,1467,1061,1473,1327,794,1893,1474
"Rab9",902,1790,1878,1955,2297,929,1724,2074
"Rab9b",1,0,3,1,0,0,3,1
"Rabac1",1950,4544,4250,3684,5585,1902,3227,3822
"Rabep1",986,3202,2069,2434,2255,1492,4116,2660
"Rabep2",439,898,752,770,840,365,742,709
"Rabepk",463,771,939,888,831,404,803,960
"Rabgap1",1800,3576,3449,3829,3728,1860,4223,3780
"Rabgap1l",584,1408,1013,1217,1106,565,1531,1175
"Rabgef1",1198,2075,2382,2441,2183,1161,2354,2537
"Rabggta",527,1087,981,972,1162,490,892,910
"Rabggtb",1639,2966,3600,3389,3873,1792,3056,3666
"Rabif",707,1453,1344,1360,1490,674,1283,1319
"Rabl2",336,634,556,579,648,376,536,516
"Rabl3",327,526,639,591,586,315,578,585
"Rabl6",2713,4782,4940,5013,4691,2492,4765,4885
"Rac1",9533,16437,17772,18601,17349,9057,16566,17975
"Rac2",1,0,0,2,0,0,0,1
"Rac3",170,361,282,332,367,177,277,307
"Racgap1",4572,6275,6507,7812,5110,3604,6953,6702
"Rad1",457,834,894,893,917,439,831,900
"Rad17",493,1159,939,1127,990,649,1411,1173
"Rad18",279,455,394,514,391,268,595,430
"Rad21",7690,13567,12095,15454,12386,7937,16622,14366
"Rad23a",2761,4864,5575,5308,5533,2600,5042,5412
"Rad23b",7262,13492,14243,13570,13837,6946,13274,13556
"Rad50",336,952,661,733,742,361,1114,764
"Rad51",633,797,757,1033,645,497,876,821
"Rad51ap1",249,325,285,416,268,242,426,332
"Rad51b",94,146,127,157,132,96,126,146
"Rad51c",202,305,253,357,270,182,360,287
"Rad51d",428,832,814,785,756,371,755,748
"Rad52",347,705,664,634,744,367,695,683
"Rad54b",182,282,233,314,212,177,307,243
"Rad54l",241,285,265,346,223,209,310,252
"Rad54l2",1031,1974,1907,2026,1903,1021,2161,1986
"Rad9a",592,1012,1240,1112,1240,559,985,1092
"Rad9b",28,65,57,55,54,32,57,65
"Radil",124,222,205,234,198,97,192,192
"Rae1",1288,2500,2703,2553,2836,1367,2361,2704
"Raet1a",29,51,25,32,48,29,22,29
"Raet1d",31,48,41,43,42,26,29,28
"Raet1e",57,64,56,69,67,41,54,51
"Raf1",2816,5402,5943,5349,6081,2726,5190,5565
"Rai1",1206,2199,2138,2306,2046,1089,2253,2189
"Rai14",3081,6065,4491,5654,5982,2964,5517,4964
"Rai2",12,7,22,15,15,13,18,19
"Rala",1666,3349,2951,3510,3318,1985,3798,3328
"Ralb",2102,3867,4122,4018,3600,1916,3676,4048
"Ralbp1",1495,3341,2737,3315,3302,1798,3630,3209
"Ralgapa1",518,1676,937,1191,1060,730,2015,1200
"Ralgapa2",279,620,470,518,569,330,680,461
"Ralgapb",1774,3947,3076,3682,3847,1927,4315,3506
"Ralgds",1615,3581,3611,3384,3742,1339,2797,3390
"Ralgps1",119,220,146,194,232,127,204,176
"Ralgps2",421,990,763,920,723,483,1102,915
"Raly",5977,9980,11923,11437,9595,5324,9954,11793
"Ramp1",37,66,95,75,44,32,60,91
"Ramp2",80,93,123,126,81,67,100,116
"Ramp3",17,24,45,26,26,24,42,36
"Ran",9917,14913,17981,16828,15869,9350,15176,17431
"Ranbp1",2966,4690,5676,5608,5110,2730,4748,5544
"Ranbp10",1021,2111,2055,1898,1940,1069,2103,1946
"Ranbp2",1360,4536,2444,2865,2625,1547,5205,2976
"Ranbp3",1865,3417,3563,3446,3414,1697,3349,3382
"Ranbp3l",198,596,442,557,500,161,560,551
"Ranbp6",312,867,645,811,613,408,1164,862
"Ranbp9",1765,3530,3210,3510,3863,1836,3466,3568
"Rangap1",4207,6109,7257,7406,5731,3477,6583,6988
"Rangrf",271,399,465,388,426,242,405,421
"Rap1a",1359,2819,2443,2950,2624,1712,3555,3026
"Rap1b",5468,10421,10721,10735,11394,5305,10012,10785
"Rap1gap",84,158,182,141,216,85,144,140
"Rap1gap2",2119,3348,4832,3852,3198,2150,4435,4167
"Rap1gds1",2193,3936,4170,4441,4147,2252,4365,4421
"Rap2a",767,1523,1511,1577,1745,822,1546,1541
"Rap2b",1033,1966,1683,1915,1613,913,1795,1755
"Rap2c",826,2192,1312,1845,1706,1108,2691,1848
"Rapgef1",3963,8024,7752,7239,7674,3516,7280,7204
"Rapgef2",791,1591,1405,1596,1438,826,1811,1518
"Rapgef3",159,308,260,295,204,88,218,260
"Rapgef4",15,35,18,29,23,23,52,32
"Rapgef6",435,1387,707,992,909,600,1591,915
"Rapgefl1",162,284,313,312,233,144,302,318
"Raph1",1170,3156,2010,2402,2659,1542,3271,2438
"Rapsn",1979,3962,3966,3562,3239,1866,3430,3619
"Rara",1264,2331,2341,2397,2301,1173,2069,2279
"Rarb",17,15,22,29,20,8,17,23
"Rarg",2812,6012,6237,5839,7197,2423,5023,5946
"Rarres1",2,6,6,7,0,1,3,7
"Rarres2",82,162,183,150,239,130,145,204
"Rars",2903,5304,5940,5814,5811,2858,5739,6051
"Rars2",438,918,1019,984,921,574,1033,1113
"Rasa1",1397,4062,2125,2991,2638,1792,4852,2975
"Rasa2",233,632,440,553,601,317,898,581
"Rasa3",3689,8260,8298,7540,10305,3335,6861,7685
"Rasa4",1061,2023,2051,2018,1998,898,1799,1936
"Rasal2",858,2200,1325,1914,1608,1134,2716,1816
"Rasd1",5,2,3,7,7,0,2,3
"Rasgef1a",3,2,6,4,10,3,1,3
"Rasgef1b",5,6,4,7,9,8,3,7
"Rasgrf1",0,2,2,4,0,0,2,4
"Rasgrf2",2,5,4,4,3,1,5,3
"Rasgrp1",0,0,0,0,1,2,0,1
"Rasgrp2",7,5,6,11,3,6,6,6
"Rasgrp3",8,18,20,16,15,10,25,14
"Rasgrp4",20,27,34,24,21,13,28,17
"Rasip1",2,15,8,7,6,3,15,10
"Rasl10a",41,47,29,57,43,25,47,34
"Rasl10b",7,9,7,10,4,4,8,7
"Rasl11a",48,276,178,181,1163,42,84,201
"Rasl11b",41,124,132,94,71,42,107,121
"Rasl12",446,796,1228,966,1042,491,922,1097
"Rassf1",1230,2191,2790,2471,3125,1262,2215,2715
"Rassf2",365,677,869,803,668,265,669,813
"Rassf3",1637,2825,3416,3084,2598,1659,3203,3277
"Rassf4",186,331,295,301,294,145,257,243
"Rassf5",546,981,1035,1039,1381,451,875,904
"Rassf6",5,11,6,8,9,0,6,5
"Rassf7",451,769,929,793,716,437,784,799
"Rassf8",216,502,424,494,409,213,523,453
"Raver1",992,1604,1604,1712,1645,829,1415,1539
"Raver2",9,9,6,9,13,5,16,10
"Rax",4,6,3,5,2,1,4,2
"Rb1",1008,2730,1922,2373,2002,1503,3857,2505
"Rb1cc1",459,1420,926,948,1170,512,1145,1076
"Rbak",255,475,553,537,516,290,573,581
"Rbbp4",10948,18955,22199,20822,18655,10273,19008,20804
"Rbbp5",1118,2169,2339,2172,2066,1083,2075,2238
"Rbbp6",715,1922,1290,1603,1524,880,2277,1592
"Rbbp7",6245,9895,12524,12184,10381,5539,10899,12004
"Rbbp8",327,834,412,659,614,427,984,628
"Rbbp9",732,1422,1624,1580,1676,733,1552,1624
"Rbck1",1122,2240,2086,2104,2133,1033,1984,2028
"Rbfa",254,455,495,444,491,234,380,468
"Rbfox1",60,116,169,140,98,104,233,193
"Rbfox2",10267,18578,23029,22098,17163,9984,23485,23135
"Rbks",11,49,37,29,42,16,31,26
"Rbl1",712,1326,891,1394,1012,758,1638,1174
"Rbl2",2228,4444,4359,4613,4539,2299,4911,4705
"Rbm10",1478,2638,2748,2767,2587,1371,2693,2678
"Rbm11",6,7,5,8,8,5,3,4
"Rbm12",954,1671,1466,1845,1437,903,1840,1642
"Rbm12b1",48,108,66,127,90,50,121,115
"Rbm12b2",170,428,288,394,376,257,589,373
"Rbm14",864,1472,1755,1638,1344,760,1440,1658
"Rbm15",314,575,444,524,480,306,596,436
"Rbm15b",984,1852,1667,1745,1769,791,1542,1593
"Rbm17",1685,3071,3174,3211,3108,1684,3034,3261
"Rbm18",1388,2363,2629,2776,2433,1420,2900,2831
"Rbm19",539,1054,1067,944,1173,486,955,989
"Rbm20",2182,4257,4295,4303,4055,2191,4495,4317
"Rbm22",1363,2560,2340,2502,2463,1286,2326,2363
"Rbm24",2691,4399,6370,5559,3666,2801,6009,6150
"Rbm25",982,2753,2020,2312,2139,1553,3633,2551
"Rbm26",376,1000,690,814,685,461,1110,807
"Rbm27",403,1118,700,954,841,576,1481,993
"Rbm28",1396,2775,3216,3190,3095,1595,3501,3474
"Rbm3",5656,7054,10158,8870,9408,5079,8086,9651
"Rbm33",1200,2385,2217,2427,2407,1235,2802,2374
"Rbm34",409,921,722,844,876,496,1030,857
"Rbm38",585,997,1051,910,881,681,1098,955
"Rbm39",3229,7702,5289,7080,6853,4222,8972,6864
"Rbm3os",7,15,13,12,15,16,27,12
"Rbm4",38,43,48,54,47,37,49,60
"Rbm41",140,434,331,318,352,143,537,346
"Rbm42",1303,2439,2639,2481,2617,1234,2211,2497
"Rbm43",133,210,188,238,176,79,194,176
"Rbm44",1,3,0,1,0,2,3,1
"Rbm45",848,1460,1548,1554,1577,883,1382,1513
"Rbm47",31,58,49,70,74,27,47,58
"Rbm48",147,248,190,252,276,146,276,236
"Rbm4b",207,354,325,327,287,212,378,348
"Rbm5",2052,3835,3950,4200,3902,2228,4368,4153
"Rbm6",1105,2558,1939,2437,2209,1382,3056,2429
"Rbm7",1050,2029,2129,2387,2366,1185,2557,2472
"Rbm8a",1972,3432,4176,3806,3642,2073,3633,3969
"Rbms1",922,2410,1631,2032,1832,1162,2948,1965
"Rbms2",2747,5154,5264,5202,5327,2691,4859,5207
"Rbms3",464,1330,828,988,899,615,1424,988
"Rbmx",581,1028,1300,1298,934,644,1451,1454
"Rbmx2",199,297,324,360,300,213,351,326
"Rbmxl1",1612,1775,2258,2344,2093,1517,2128,2354
"Rbp1",332,603,634,652,493,207,474,578
"Rbp4",67,79,176,166,162,66,122,206
"Rbp7",1,1,2,1,1,0,2,3
"Rbpj",1146,2546,2027,2424,3118,1166,2324,2258
"Rbpjl",0,0,1,0,2,0,0,1
"Rbpms",211,449,374,437,600,224,366,402
"Rbpms2",550,857,1065,981,831,547,890,983
"Rbsn",1253,2382,2291,2356,2316,1193,2377,2188
"Rbx1",2862,5526,6757,5848,6186,3029,5253,6308
"Rc3h1",678,2045,1117,1563,1438,1058,2590,1552
"Rc3h2",673,2154,1157,1609,1439,1209,2849,1661
"Rcan1",698,1305,1559,1387,1392,634,1273,1521
"Rcan2",637,2089,1338,1408,1679,746,1495,1463
"Rcan3",898,1543,1616,1690,1601,787,1495,1581
"Rcbtb1",1043,1923,1902,2077,2007,978,2071,2103
"Rcbtb2",917,1666,1656,1699,1456,895,1591,1621
"Rcc1",1080,1756,1953,1953,1811,990,1735,1821
"Rcc2",5208,10643,11609,10688,12956,4600,9217,11079
"Rccd1",144,253,300,309,251,158,304,310
"Rce1",514,967,975,961,1144,478,819,957
"Rchy1",1014,1848,1952,1953,2021,1011,1767,1999
"Rcl1",629,1126,1396,1268,1480,583,1155,1317
"Rcn1",8701,15251,15131,16671,15940,7974,14488,15193
"Rcn2",3443,5948,6921,7087,6099,3385,6751,7218
"Rcn3",5831,9732,12107,11854,9336,5404,9846,11988
"Rcor1",470,1087,777,1042,903,519,1280,960
"Rcor2",559,1112,830,970,1110,448,906,851
"Rcor3",675,1500,1112,1485,1405,836,1705,1420
"Rcsd1",1,3,3,2,3,0,2,1
"Rd3",0,0,4,1,3,0,1,2
"Rdh1",1,1,6,1,1,3,2,0
"Rdh10",608,1135,1399,1357,1270,700,1224,1372
"Rdh11",740,1578,1433,1386,1850,663,1277,1360
"Rdh12",29,45,57,51,68,18,38,46
"Rdh13",546,959,1196,1052,1210,505,1009,1143
"Rdh14",461,1122,995,940,1197,502,948,1001
"Rdh16",0,1,0,0,1,0,1,0
"Rdh5",492,765,693,778,620,599,804,660
"Rdh8",2,1,1,3,2,1,3,2
"Rdh9",1,18,20,10,20,2,12,17
"Rdm1",151,294,263,278,279,138,231,255
"Rdx",2478,5771,4428,5687,4631,2991,7194,5688
"Rec114",35,56,64,58,60,39,56,72
"Reck",241,451,487,573,442,208,487,542
"Recql",421,726,707,821,735,431,832,763
"Recql4",182,321,255,294,244,180,342,244
"Recql5",553,1141,1071,1060,1092,528,1058,1076
"Reep1",492,818,1306,945,825,558,1167,1115
"Reep2",155,226,296,278,197,137,272,310
"Reep3",1607,3974,2797,3650,3429,2059,4377,3582
"Reep4",548,989,973,1047,1191,545,975,1022
"Reep5",5932,11086,12097,11291,11627,5980,11059,11472
"Reep6",91,153,168,158,135,93,136,158
"Rel",80,134,93,144,97,46,200,117
"Rela",2319,4584,4054,4106,4771,2049,3641,3847
"Relb",682,1273,1257,1279,1374,614,1044,1211
"Rell1",1495,3175,3038,3179,3010,1729,3733,3325
"Rell2",4,11,3,8,9,4,10,6
"Reln",0,0,1,2,1,1,4,4
"Relt",300,362,510,499,403,262,494,484
"Rem1",613,937,1173,1141,868,512,970,1127
"Rem2",0,3,1,2,3,2,6,4
"Renbp",815,2129,1949,1579,2431,806,1585,1737
"Rep15",45,85,86,98,70,61,146,98
"Repin1",482,949,1087,945,1181,497,867,1017
"Reps1",848,1608,1477,1521,1513,823,1398,1465
"Reps2",1,4,3,5,2,3,9,4
"Rer1",2867,5632,6068,5480,6194,2728,4988,5487
"Rere",2539,5862,5179,4908,6272,2307,4844,4818
"Rerg",453,914,971,1025,688,344,762,1066
"Rest",455,1051,834,1015,912,503,1372,937
"Ret",96,128,154,176,173,176,170,175
"Retsat",467,1016,921,888,1112,429,758,918
"Rev1",334,678,580,669,613,353,767,611
"Rev3l",231,837,529,539,688,333,885,597
"Rexo1",824,1628,1463,1509,1440,724,1480,1340
"Rexo2",1795,3257,3618,3541,3861,1769,3254,3545
"Rexo4",1018,1804,2119,1974,1870,928,1813,2084
"Rfc1",1056,2446,1817,2400,2048,1278,2959,2255
"Rfc2",943,1461,1424,1594,1311,784,1382,1379
"Rfc3",761,1032,1148,1293,991,691,1130,1139
"Rfc4",397,595,590,679,536,379,597,569
"Rfc5",775,992,968,1240,844,636,1011,995
"Rfesd",203,431,367,423,464,232,406,410
"Rffl",222,465,461,527,691,200,421,534
"Rfk",1541,2882,3112,2958,3026,1444,3018,3009
"Rfng",656,1161,1224,1233,1216,563,1026,1151
"Rft1",585,1396,1329,1259,1573,599,1193,1344
"Rftn1",340,924,677,639,1051,305,566,628
"Rftn2",2205,3852,5079,4387,3804,2192,4545,4995
"Rfwd2",2041,4131,4017,4261,4255,2094,4372,4217
"Rfwd3",1410,2028,2070,2339,2067,1147,2157,2059
"Rfx1",521,917,756,871,873,474,802,723
"Rfx2",105,225,176,193,201,99,188,178
"Rfx3",104,361,230,264,221,183,522,295
"Rfx4",5,12,21,16,9,9,16,18
"Rfx5",610,993,1124,1202,1010,533,1171,1134
"Rfx7",488,1474,974,1227,1054,711,1913,1333
"Rfx8",3,12,7,8,12,9,5,5
"Rfxank",256,384,465,405,401,241,380,418
"Rfxap",350,690,768,724,778,347,682,778
"Rgag1",93,111,123,130,110,69,147,89
"Rgag4",60,107,99,113,99,51,80,90
"Rgcc",110,198,109,183,234,109,149,128
"Rgl1",853,2034,1768,1715,2177,813,1598,1647
"Rgl2",547,1040,1004,1025,1068,510,964,998
"Rgl3",362,723,597,649,647,335,647,585
"Rgma",988,2159,2009,1828,1878,1122,1876,1908
"Rgmb",589,1246,1291,1165,1176,612,1206,1234
"Rgn",6,12,9,11,17,5,16,7
"Rgp1",1117,2070,2313,2149,2153,1045,2073,2211
"Rgr",1,0,2,3,0,0,0,4
"Rgs10",150,279,272,273,248,146,278,270
"Rgs11",44,107,30,63,72,43,76,37
"Rgs12",1534,2936,2982,2853,2691,1479,2728,2717
"Rgs14",20,29,16,29,19,19,38,30
"Rgs16",184,335,436,382,268,212,401,412
"Rgs17",3,10,4,7,8,4,6,6
"Rgs18",1,0,1,3,1,1,2,3
"Rgs19",523,869,1035,953,968,522,844,946
"Rgs2",45,99,89,88,122,40,94,94
"Rgs20",148,209,174,224,237,156,205,187
"Rgs3",709,1412,1413,1188,1526,766,1049,1359
"Rgs4",286,344,297,478,262,248,381,328
"Rgs5",4,2,6,8,4,3,1,4
"Rgs7",4,6,4,5,2,1,7,2
"Rgs8",2,3,4,5,2,0,4,6
"Rgs9",4,9,7,6,5,4,7,5
"Rgs9bp",4,6,6,5,7,1,5,4
"Rhbdd1",1110,2504,2385,2229,2821,1125,2157,2300
"Rhbdd2",650,1274,1383,1243,1323,641,1173,1307
"Rhbdd3",286,528,552,527,561,246,520,527
"Rhbdf1",2012,3655,3676,3697,3431,1873,3343,3462
"Rhbdf2",528,1200,1288,1122,1563,484,1001,1234
"Rhbdl1",14,33,28,30,42,23,43,41
"Rhbdl2",69,131,256,149,118,83,169,197
"Rhbdl3",10,21,23,21,14,10,26,15
"Rhd",7,23,38,12,20,12,26,21
"Rheb",2380,4333,5477,5039,5330,2494,4686,5326
"Rhebl1",103,222,287,233,325,113,215,273
"Rhno1",604,1136,1361,1164,1212,594,1145,1179
"Rho",0,4,10,5,6,2,4,10
"Rhoa",14497,26533,27994,26393,28214,13995,23319,26604
"Rhob",9536,19097,17684,17215,17607,9236,16261,16546
"Rhobtb1",741,1585,1803,1629,1582,780,1551,1714
"Rhobtb2",1345,2747,2568,2311,2559,1431,2493,2355
"Rhobtb3",1083,2512,1842,2518,1920,1423,3339,2579
"Rhoc",4832,9599,8833,8859,11503,4547,7600,8432
"Rhod",662,1264,1632,1297,1401,690,1248,1530
"Rhof",46,75,80,99,77,45,82,91
"Rhog",1054,1998,1875,1925,1919,1036,1654,1862
"Rhoh",3,14,11,6,9,5,8,10
"Rhoj",1258,1891,2130,2344,1680,1062,2100,2161
"Rhoq",3510,7451,6227,6945,7403,4348,8373,7180
"Rhot1",1734,3231,3301,3480,3354,1782,3818,3435
"Rhot2",948,1822,1970,1805,1761,881,1859,1862
"Rhou",665,1713,1109,1185,1549,606,1100,1068
"Rhov",11,32,30,27,53,6,26,33
"Rhox10",1,5,9,2,7,8,16,7
"Rhox5",4,3,4,5,3,2,1,3
"Rhpn1",8,19,15,11,12,15,9,4
"Rhpn2",43,91,78,67,103,35,81,50
"Ribc1",27,37,33,57,51,19,36,50
"Ric1",778,1494,1304,1557,1474,801,1820,1451
"Ric3",1,0,1,2,0,0,0,1
"Ric8",1665,3331,3582,3159,3375,1571,3003,3321
"Ric8b",776,1682,1525,1579,1608,892,1615,1616
"Rictor",471,1680,937,1303,1327,716,2078,1330
"Rif1",122,406,246,277,327,139,436,307
"Riiad1",4,5,2,4,6,2,7,0
"Rilp",40,95,94,90,128,53,87,125
"Rilpl1",965,1797,2106,1819,1776,1044,1823,2001
"Rilpl2",446,840,989,870,905,444,780,918
"Rimbp3",0,2,3,0,2,2,5,0
"Rimklb",0,2,2,0,1,1,2,5
"Rims2",7,10,5,7,5,4,8,3
"Rims3",0,0,4,0,3,0,0,1
"Rin1",1390,2770,3044,2665,3104,1492,2744,2948
"Rin2",2637,4805,4840,5466,4693,2591,5227,5241
"Rin3",1219,2081,1897,2067,1573,1120,1937,1916
"Ring1",628,1195,1106,1116,1273,638,1044,1055
"Rinl",1,3,7,10,18,4,3,13
"Rint1",559,1189,1007,1103,1176,561,1193,1066
"Riok1",651,1181,1106,1337,1190,689,1326,1277
"Riok2",1264,2326,2331,2328,2262,1223,2573,2355
"Riok3",3676,7219,8096,8061,8320,3989,8676,8852
"Ripk1",1132,2217,1920,2289,2561,1107,2112,2170
"Ripk2",658,1149,1270,1387,1560,677,1295,1371
"Ripk3",301,422,498,503,467,243,444,441
"Ripk4",0,2,0,0,1,1,3,0
"Ripply1",23,33,27,32,24,18,33,30
"Ripply3",34,29,34,50,25,21,24,40
"Rit1",1032,2066,2784,2230,2316,1049,1935,2496
"Rita1",190,381,389,369,413,156,291,363
"Rlbp1",1,3,2,4,2,5,4,5
"Rlf",811,2412,1361,1884,1775,1071,2711,1880
"Rlim",1268,4009,2369,3324,2685,2106,5488,3493
"Rln1",0,1,0,2,1,1,1,2
"Rln3",0,4,2,0,2,0,2,2
"Rltpr",10,23,11,20,17,13,25,15
"Rmdn1",208,435,439,408,374,228,422,412
"Rmdn2",197,383,294,399,319,183,446,370
"Rmdn3",913,1692,1863,1783,1976,941,1614,1725
"Rmi1",332,552,400,510,466,395,601,545
"Rmi2",52,60,45,78,42,30,63,53
"Rmnd1",2,2,3,3,3,0,1,1
"Rmnd5a",1292,2917,2264,2806,2813,1600,3547,2755
"Rmnd5b",871,1465,1649,1526,1607,773,1342,1576
"Rmrp",2,1,0,2,3,2,0,0
"Rn45s",11064,23340,27237,23884,22434,10350,22432,26781
"Rnase1",0,9,0,0,2,0,2,1
"Rnase10",42,62,62,66,60,34,60,50
"Rnase4",2929,4949,5032,5248,6625,2999,4483,5531
"Rnase6",0,2,5,2,3,0,4,3
"Rnaseh1",332,568,665,639,749,342,536,641
"Rnaseh2a",1095,1758,1999,1969,1973,980,1781,1895
"Rnaseh2b",366,612,665,723,569,373,670,740
"Rnaseh2c",404,700,774,735,691,371,620,725
"Rnasek",1386,2960,3343,2736,3473,1384,2560,3001
"Rnasel",55,129,68,110,96,41,120,89
"Rnaset2b",67,82,70,67,90,74,62,85
"Rnd1",112,214,199,197,310,101,174,195
"Rnd2",148,315,275,285,342,140,240,270
"Rnd3",2879,5262,4520,6081,4733,2834,6000,5718
"Rnf10",5862,11304,11322,10755,11508,5554,9998,10847
"Rnf103",753,1465,1364,1542,1481,777,1601,1565
"Rnf11",6966,12980,13905,13278,17210,7320,14705,14204
"Rnf111",837,1581,1585,1709,1730,1037,1819,1671
"Rnf112",0,0,1,0,0,1,0,1
"Rnf113a1",66,127,130,131,160,55,127,130
"Rnf113a2",144,276,266,285,282,159,285,285
"Rnf114",1003,1894,2122,1964,2333,975,1646,1985
"Rnf115",895,1760,1840,1857,1991,960,1833,1914
"Rnf121",626,1332,1479,1234,1336,698,1219,1311
"Rnf122",579,896,1087,992,888,565,982,988
"Rnf123",899,1814,1875,1659,1908,781,1627,1686
"Rnf125",9,22,14,16,21,11,27,14
"Rnf126",1418,2629,2263,2476,2810,1297,2185,2260
"Rnf128",180,604,468,443,522,214,691,573
"Rnf13",1276,3444,2478,3014,3928,1573,3706,3118
"Rnf130",3,1,1,3,4,2,1,0
"Rnf135",241,503,458,439,484,218,456,440
"Rnf138",436,911,709,835,738,502,969,755
"Rnf139",1888,3490,3546,3671,3220,1806,3621,3538
"Rnf14",2102,3797,4352,4092,4541,2234,4109,4229
"Rnf141",254,456,366,413,434,246,473,356
"Rnf144b",74,137,137,137,125,74,113,126
"Rnf145",3492,6871,5802,6192,7270,3131,5863,5448
"Rnf146",810,1543,1470,1517,1672,779,1720,1557
"Rnf149",1692,3080,2983,3131,4279,1556,2961,3003
"Rnf150",3777,8844,6369,8478,7158,4406,9468,8043
"Rnf151",6,22,19,15,10,10,24,13
"Rnf152",20,28,10,29,33,29,37,20
"Rnf157",657,1346,949,1093,1400,517,965,896
"Rnf165",31,49,26,55,55,27,51,49
"Rnf166",595,1215,1325,1185,1427,625,1107,1246
"Rnf167",514,1029,963,924,1094,509,880,889
"Rnf168",665,1391,1122,1398,1252,769,1656,1336
"Rnf169",449,923,1038,911,987,508,1001,958
"Rnf170",427,1112,611,834,779,612,1340,860
"Rnf181",2643,5151,5856,4990,5541,2830,5033,5366
"Rnf182",1,0,2,2,2,1,2,1
"Rnf183",0,4,1,1,6,2,0,2
"Rnf185",1333,2721,2729,2538,3003,1209,2385,2601
"Rnf187",4074,7128,7947,7637,7211,3612,6463,7471
"Rnf19a",1680,3180,2566,3299,3035,1801,3671,3017
"Rnf19b",2315,4723,3960,4072,4807,2179,3664,3762
"Rnf2",1290,2679,2181,2848,2463,1472,3295,2819
"Rnf20",1683,3439,3311,3630,3373,1964,4151,3730
"Rnf207",11,33,4,14,17,4,22,9
"Rnf208",3,11,9,5,6,2,6,8
"Rnf214",993,1866,1850,2027,1814,1054,2056,1991
"Rnf215",476,848,962,904,947,466,789,875
"Rnf216",1434,2670,2426,2660,2688,1439,2713,2487
"Rnf217",1486,2494,2419,2637,2279,1225,2320,2409
"Rnf219",314,554,500,659,568,359,708,631
"Rnf220",1371,2556,2666,2559,3007,1291,2139,2524
"Rnf223",6,12,11,9,11,5,10,10
"Rnf225",55,118,92,107,123,48,96,114
"Rnf24",627,1152,1068,1319,1048,532,1207,1182
"Rnf25",582,1196,1287,1153,1284,636,1136,1229
"Rnf26",1214,1644,1794,1925,1707,1118,1616,1721
"Rnf31",479,944,901,941,1028,433,773,861
"Rnf32",22,38,37,32,44,19,35,32
"Rnf34",871,1420,1687,1582,1621,852,1439,1546
"Rnf38",1091,2065,1888,2278,2087,1276,2483,2242
"Rnf39",2,2,2,5,3,0,3,7
"Rnf4",4104,7206,8286,7753,7678,4036,7386,7782
"Rnf40",1515,2994,3199,2886,2937,1393,2767,2929
"Rnf41",911,1859,1994,1719,2100,913,1690,1794
"Rnf43",0,1,0,1,1,0,0,1
"Rnf44",1906,3762,3617,3658,3838,1974,3645,3749
"Rnf5",662,1162,1188,1204,1233,637,1020,1112
"Rnf6",1248,3020,2263,2995,2800,1831,4008,2956
"Rnf7",2159,3742,4687,4238,4129,2230,3945,4632
"Rnf8",86,106,131,123,132,85,103,150
"Rnf8-cmtr1",4,7,7,6,8,8,10,11
"Rnft1",959,2304,1861,2061,2117,1180,2650,2180
"Rnft2",73,140,137,140,116,70,157,141
"Rngtt",437,1104,809,1040,948,553,1308,1049
"Rnh1",4151,8591,9238,7890,9632,3715,7105,8247
"Rnls",73,128,140,131,127,99,128,135
"Rnmt",976,1899,1981,2088,2057,1245,2374,2142
"Rnmtl1",226,452,565,452,505,274,488,506
"Rnpc3",142,356,295,337,320,170,468,367
"Rnpep",848,1505,1576,1545,1416,711,1378,1446
"Rnpepl1",1276,2243,2208,2243,2157,1126,1910,2156
"Rnps1",1242,2431,2573,2592,2649,1217,2368,2655
"Rnu11",2,0,0,1,0,1,0,0
"Rnu73b",5,0,1,4,1,4,10,6
"Robo1",851,1978,1295,1788,1450,925,2034,1624
"Robo2",74,192,90,121,144,68,153,98
"Robo3",0,3,1,2,6,4,2,2
"Rock1",264,754,630,568,687,311,769,666
"Rock2",1063,3658,2376,2393,2705,1281,3617,2852
"Rogdi",288,615,753,640,600,350,654,768
"Rom1",32,67,81,56,70,35,71,54
"Romo1",394,807,1044,851,910,468,753,936
"Ropn1l",65,189,131,130,151,89,102,153
"Ror1",135,246,323,335,215,130,392,363
"Ror2",170,306,338,324,276,151,332,343
"Rora",44,185,94,97,240,72,198,107
"Rorb",19,51,27,29,29,19,46,23
"Rorc",94,257,174,181,259,88,137,190
"Rp1l1",0,0,1,0,0,0,1,1
"Rp2h",307,981,510,679,696,407,1072,688
"Rp9",492,936,1002,921,1038,448,807,918
"Rpa1",3712,5357,6029,6549,5196,2935,5488,5792
"Rpa2",874,1268,1394,1556,1199,741,1291,1430
"Rpa3",534,812,861,979,942,559,796,847
"Rpain",188,382,351,351,386,195,309,342
"Rpap1",631,1418,1321,1176,1295,600,1238,1191
"Rpap2",492,846,887,919,941,440,982,919
"Rpap3",658,1258,1354,1413,1358,722,1431,1431
"Rpe",507,1253,999,1070,1145,682,1530,1095
"Rpf1",584,1065,1070,1199,1143,564,1154,1198
"Rpf2",734,1250,1463,1465,1314,853,1537,1587
"Rpgr",154,334,264,330,262,160,365,344
"Rpgrip1",6,5,1,3,4,2,1,0
"Rpgrip1l",367,1158,797,878,782,523,1342,886
"Rph3al",7,15,12,13,21,5,19,18
"Rpia",344,717,719,718,734,355,712,690
"Rpl10",25745,51812,50398,46448,58669,24899,39460,46006
"Rpl10a",11737,21628,21383,20903,23089,11699,18208,21119
"Rpl11",9269,18333,21503,20199,20607,9934,17153,20974
"Rpl12",18657,37506,40175,37730,45072,18122,32186,37966
"Rpl13",15375,29415,31324,29649,33678,14051,25278,29650
"Rpl13a",13884,21264,22381,20725,25217,13688,18067,20792
"Rpl14",12727,23883,28304,25829,27997,12001,22389,26997
"Rpl14-ps1",29,48,74,53,69,52,47,56
"Rpl15",11505,16718,18515,17569,18270,10818,15493,17829
"Rpl17",13924,29214,31924,29719,35600,14289,25586,30922
"Rpl18",9346,17232,19193,17377,19798,8991,15326,17377
"Rpl18a",17659,32085,35978,32850,38873,16767,28077,33786
"Rpl19",15890,30026,33377,29387,34571,15710,25633,30329
"Rpl21",6184,18030,19621,18082,21038,6103,16373,18820
"Rpl22",7000,14460,14702,14343,16445,6633,12224,14468
"Rpl22l1",3034,5327,5656,5804,5168,3212,5324,5654
"Rpl23",16269,35596,36532,34771,42650,18073,31440,36786
"Rpl23a",20824,34948,38700,36586,41836,21467,31600,38914
"Rpl24",9573,20123,23430,20270,23592,10266,18520,22038
"Rpl27",8120,13811,16154,14318,15126,8161,12774,14789
"Rpl27a",12627,25362,26139,24075,28242,13152,20466,24828
"Rpl28",9819,19534,20926,20076,22349,9714,16948,20086
"Rpl29",270,1438,1632,1505,1569,259,1315,1554
"Rpl3",18519,41642,43387,41979,42034,17185,35924,40434
"Rpl30",13,19,12,12,17,11,14,16
"Rpl31",11499,24057,26044,23899,29015,12025,20354,24935
"Rpl31-ps12",0,4,6,2,9,3,2,7
"Rpl32",9948,19618,21188,19651,23001,9986,16969,20823
"Rpl34",93,60,86,83,81,67,64,94
"Rpl35",10470,18881,21461,19344,21903,10651,17502,20313
"Rpl35a",6788,13236,15267,13958,15274,6892,12048,14527
"Rpl36",3811,8025,9166,7905,9087,4108,7061,8454
"Rpl36a",4790,10499,11640,10388,12577,5345,9207,11292
"Rpl36al",2243,3684,3736,2917,4095,2279,3038,3199
"Rpl37",8991,19608,20732,19208,22625,9250,17491,20294
"Rpl37a",8831,18283,20238,18221,21379,8930,15989,19408
"Rpl37rt",157,253,285,246,271,214,212,258
"Rpl38",1552,3703,4422,3472,4213,2007,3364,4196
"Rpl39",4775,9963,11723,10356,12283,5260,8850,10924
"Rpl3l",4,4,4,6,3,0,4,2
"Rpl4",28940,55256,62226,58665,63504,27062,51962,58420
"Rpl41",17143,32104,35820,33393,36518,16781,29029,34113
"Rpl5",17297,29496,33952,31771,36634,17186,27235,32537
"Rpl6",21889,34615,37919,34844,38585,21580,30302,36827
"Rpl7",25416,54220,56414,52928,56716,26787,46321,54285
"Rpl7a",16182,32775,34545,32885,35270,15720,28075,33696
"Rpl7l1",3700,6363,7948,7154,6753,3650,6411,7269
"Rpl8",21417,39391,43766,40786,43458,19960,35552,41088
"Rpl9",15197,30524,34372,31232,35434,15093,27091,31970
"Rplp0",43029,83998,86917,82279,104510,39539,67970,81879
"Rplp1",14989,27108,28923,27830,33034,14209,23043,27903
"Rplp2",5877,12373,13045,12257,15337,6130,10385,12732
"Rpn1",6477,14311,12549,12129,14761,5794,10843,11721
"Rpn2",7927,15779,14230,14459,16107,7088,12551,14010
"Rpp14",900,1433,1749,1621,1674,891,1515,1703
"Rpp21",178,389,418,345,407,186,385,358
"Rpp25",22,39,49,41,67,24,45,41
"Rpp25l",387,688,917,748,747,379,731,769
"Rpp30",488,818,921,1018,898,502,957,988
"Rpp38",158,302,341,353,306,172,370,385
"Rpp40",173,341,436,414,434,166,378,460
"Rpph1",2,1,3,1,2,0,0,0
"Rprd1a",663,1195,983,1201,1041,783,1375,1122
"Rprd1b",1079,1819,2113,2101,1860,999,1923,2068
"Rprd2",1056,2255,1717,2114,2064,1185,2562,2056
"Rprm",0,2,3,0,1,2,2,1
"Rps10",10784,20850,22633,20824,24180,10781,17860,21115
"Rps11",9548,18246,19408,18665,22208,9520,15386,19243
"Rps12",13447,27244,28592,27362,33208,13430,23223,27757
"Rps13",6174,11201,12365,11347,12583,6056,9599,11859
"Rps14",15009,30669,34057,31153,37174,15146,26626,31739
"Rps15",14410,29846,31737,28213,33137,14253,25115,29104
"Rps15a",7876,16112,17246,15808,18793,8456,14102,16624
"Rps15a-ps4",2,9,5,6,10,3,11,6
"Rps15a-ps6",6,24,32,19,29,5,20,29
"Rps16",8470,15569,16480,15659,18240,8830,13043,15809
"Rps17",8022,16578,17985,16533,19138,8052,13978,16956
"Rps18",1812,13082,14412,12679,15400,1757,11006,13044
"Rps19",8006,13902,15456,14635,17333,7575,11802,14485
"Rps19-ps3",30,54,26,38,44,42,53,43
"Rps19bp1",584,1117,1231,1124,1236,625,1059,1218
"Rps2",3112,11054,12151,11663,11924,2856,9739,11546
"Rps20",9008,19126,19542,17717,21806,8744,15452,18189
"Rps21",5116,11617,12407,11346,13864,5358,9889,11928
"Rps23",13008,23171,25971,24103,29265,13674,20472,25297
"Rps24",16521,29990,32712,30867,35993,17021,26964,32383
"Rps25",8263,17871,19636,17704,21253,9623,15656,19129
"Rps26",7639,16034,15727,15196,17405,7807,13483,16072
"Rps27",33,47,44,48,38,26,37,40
"Rps27a",12160,23353,26679,24715,26749,11758,21115,25677
"Rps27l",2151,3987,5008,4324,4741,2560,4027,4725
"Rps28",3878,8365,8684,8215,9577,3940,7185,8506
"Rps29",3471,7261,7732,7404,8441,3736,6624,7753
"Rps3",15988,32317,34831,31520,39373,15845,26024,32763
"Rps3a1",8358,25450,27430,25728,29792,8241,22780,26411
"Rps4x",28147,54275,58280,55080,63095,26193,45246,54767
"Rps5",11527,22901,23042,21775,26702,10775,18775,21523
"Rps6",21548,34570,38632,35317,38836,21304,30274,35882
"Rps6ka1",95,222,212,183,225,121,189,171
"Rps6ka2",897,1823,1737,1480,1479,820,1458,1517
"Rps6ka3",996,2990,1792,2283,2153,1401,3711,2375
"Rps6ka4",1697,3232,3152,3118,3658,1572,2628,3016
"Rps6ka5",126,255,218,265,224,131,270,237
"Rps6ka6",1,1,0,1,0,0,1,0
"Rps6kb1",872,2037,1572,1945,1561,1114,2699,2002
"Rps6kb2",571,1036,1139,1038,1013,582,1036,1058
"Rps6kc1",849,1703,1665,1538,1660,717,1408,1420
"Rps6kl1",11,6,6,13,14,12,10,13
"Rps7",13444,27259,30187,27656,32467,14262,24462,29330
"Rps8",17057,31828,35463,32851,37534,17841,27745,34461
"Rps9",15198,27108,28227,27159,30252,14526,22720,26876
"Rpsa",33432,60977,66170,63663,70547,30936,54193,62631
"Rptor",1933,3963,4227,3713,3563,1635,3799,3773
"Rptoros",1,1,1,1,2,0,1,2
"Rpusd1",382,681,801,724,609,319,671,725
"Rpusd2",158,291,366,312,293,174,343,340
"Rpusd3",86,158,184,172,192,75,177,186
"Rpusd4",264,474,641,541,572,259,518,607
"Rqcd1",1694,2716,3067,3098,2841,1528,2715,2857
"Rrad",751,1135,1417,1272,883,805,1359,1301
"Rraga",1603,3082,3501,3285,3361,1644,3101,3476
"Rragc",2616,5350,5725,5353,6595,2563,4964,5681
"Rragd",209,534,509,484,588,238,526,565
"Rras",1268,2444,2470,2344,2326,1275,2065,2271
"Rras2",2490,5198,4719,4632,4809,2371,4267,4483
"Rrbp1",6442,14888,11782,14026,14284,8136,15426,13754
"Rreb1",1133,2344,2159,2326,2159,1135,2623,2307
"Rrm1",5905,8543,10197,10652,7742,4936,9350,9673
"Rrm2",6701,8541,9236,10664,7096,5607,9529,9624
"Rrm2b",322,968,557,721,757,424,1099,719
"Rrn3",2448,4363,5328,4753,4595,2381,4761,5190
"Rrnad1",302,541,591,573,569,333,609,653
"Rrp1",3666,7038,7869,7280,7093,3477,6742,7425
"Rrp12",976,1571,2111,1860,1778,866,1872,1912
"Rrp15",499,833,1124,1064,1181,521,1054,1174
"Rrp1b",897,1530,1612,1691,1600,884,1671,1596
"Rrp36",588,1091,1295,1147,1253,603,1028,1201
"Rrp7a",1812,3073,3272,2933,3272,1672,2610,3010
"Rrp8",916,1646,2067,1827,1874,900,1682,1889
"Rrp9",486,862,1106,994,1003,478,867,1105
"Rrs1",1043,1831,2087,2052,2320,1111,1914,2102
"Rsad1",240,472,475,474,559,263,515,490
"Rsad2",9,19,3,11,23,13,17,14
"Rsbn1",169,514,291,408,417,230,605,394
"Rsbn1l",227,673,384,486,504,300,812,467
"Rsc1a1",0,2,0,1,1,1,0,3
"Rsf1",285,883,559,617,631,392,978,654
"Rsg1",7,23,24,16,14,14,39,21
"Rsl1",36,77,78,74,91,48,108,76
"Rsl1d1",2837,5470,5823,6279,5839,3450,6955,6738
"Rsl24d1",1289,2191,2656,2467,2400,1299,2257,2568
"Rslcan18",12,38,20,35,40,27,49,49
"Rsph1",7,15,29,27,24,16,21,30
"Rsph3a",448,478,464,493,543,358,432,472
"Rsph3b",130,168,121,146,163,112,128,156
"Rsph4a",2,0,2,3,2,1,0,1
"Rsph9",102,244,159,174,278,94,139,143
"Rspo1",5,8,8,7,13,3,7,3
"Rspo2",15,49,16,26,26,11,26,19
"Rspo3",4,9,9,10,7,7,10,11
"Rspo4",1,4,1,1,2,0,0,0
"Rspry1",1370,2537,2365,2780,2431,1324,2940,2693
"Rsrc1",1055,2268,2019,2361,2121,1215,2540,2406
"Rsrc2",673,2112,1384,1831,1672,1173,2950,2014
"Rsrp1",1963,4427,5375,5106,5474,2507,5367,6134
"Rsu1",2758,4503,5061,5589,4908,2687,5147,5390
"Rtbdn",1,3,0,3,1,1,6,3
"Rtca",1173,2040,2450,2306,2259,1118,1980,2387
"Rtcb",4200,8174,8523,8177,8343,3976,7162,8290
"Rtel1",647,1003,985,1120,896,553,1044,916
"Rtf1",844,2079,1613,1940,1867,1192,2439,1991
"Rtfdc1",1665,3515,3647,3125,3825,1692,3078,3358
"Rtkn",1221,2022,2212,2256,1960,1214,2048,2165
"Rtkn2",354,553,615,616,430,376,551,606
"Rtn2",2202,4500,4744,4251,3797,2209,3841,4426
"Rtn3",4689,8345,8362,9154,8984,4315,8260,8745
"Rtn4",12717,28122,23953,25558,23294,14346,31196,26355
"Rtn4ip1",299,573,705,599,652,296,582,596
"Rtn4r",74,92,121,133,57,52,118,111
"Rtn4rl1",12,15,17,21,11,13,16,15
"Rtn4rl2",20,31,32,35,70,14,17,46
"Rtp1",1,1,1,2,0,1,0,1
"Rtp3",1,0,1,1,0,0,0,0
"Rtp4",93,203,114,155,261,114,156,122
"Rttn",220,419,334,428,406,281,521,370
"Rubie",0,0,0,1,1,0,0,2
"Rufy1",731,1368,1439,1356,1449,687,1321,1384
"Rufy2",393,1011,724,959,948,519,1084,933
"Rufy3",410,752,836,901,806,440,963,938
"Rufy4",2,2,5,5,2,4,5,4
"Rundc1",627,1152,1186,1095,1169,609,1061,1077
"Rundc3a",111,226,287,205,197,148,229,279
"Runx1",5097,9706,7067,9636,8430,5968,11656,8711
"Runx1t1",5,19,4,6,12,8,11,9
"Runx2",1184,2216,1623,2218,2265,1391,2412,1941
"Runx3",849,1531,1283,1456,1399,833,1395,1311
"Rusc1",638,1226,1270,1200,1114,613,1095,1222
"Rusc2",878,2304,1831,1662,3021,812,1634,1659
"Ruvbl1",1263,2179,2712,2408,2281,1177,2190,2490
"Ruvbl2",1177,2143,2187,2141,2142,1186,1909,1995
"Rwdd1",1086,1927,2002,2080,2150,1165,2066,2132
"Rwdd2a",35,59,55,60,57,36,69,55
"Rwdd2b",159,298,302,296,293,143,269,289
"Rwdd3",97,224,215,239,214,143,268,266
"Rwdd4a",815,1429,1560,1705,1492,825,1800,1743
"Rxfp3",7,20,16,14,14,17,33,25
"Rxfp4",0,0,0,2,0,0,1,2
"Rxra",2645,5064,4829,4859,4737,2095,4293,4453
"Rxrb",1006,1915,1863,1860,1848,921,1608,1778
"Rxrg",1,2,3,1,1,2,1,0
"Rybp",323,652,455,594,541,369,734,562
"Ryk",4693,8327,8590,9263,8361,4533,8517,8885
"Ryr1",2513,5028,5951,4698,3921,2546,6200,5373
"Ryr2",0,0,4,1,3,0,1,1
"Ryr3",464,1038,878,1054,547,473,1451,1007
"S100a1",679,1304,1330,1331,1488,669,1113,1335
"S100a10",7714,13676,14741,14693,12503,7500,12421,13595
"S100a11",10511,18017,18777,18583,18171,10304,16047,18264
"S100a13",760,1454,1576,1386,1526,783,1300,1422
"S100a14",7,9,7,12,17,9,6,5
"S100a16",2598,4471,5188,4731,4438,2642,4098,4723
"S100a2",1,1,0,0,1,0,1,0
"S100a3",22,44,26,41,49,15,34,31
"S100a4",20588,38757,41960,39816,38350,20771,34386,39236
"S100a5",0,0,0,1,1,1,0,1
"S100a6",7665,15813,17478,14735,17201,7862,13332,15421
"S100a7a",5,19,11,11,19,5,17,13
"S100a8",1,6,2,4,78,1,2,4
"S100b",2,7,1,2,4,3,5,3
"S100g",2,3,2,5,0,1,3,3
"S100pbp",294,579,545,604,572,280,724,570
"S1pr1",471,971,1261,1190,1565,386,964,1312
"S1pr2",881,1654,2044,1841,1950,702,1560,1912
"S1pr3",610,1089,1266,1198,791,497,961,1092
"S1pr5",0,3,8,5,18,12,9,14
"Saa1",0,8,1,0,27,3,2,0
"Saa2",2,14,9,3,43,3,6,3
"Saa3",87,3987,706,321,35025,108,280,580
"Saal1",496,949,1037,959,927,458,873,939
"Sac3d1",255,475,618,492,504,299,462,512
"Sacm1l",1393,3548,2829,3484,2968,1849,4465,3580
"Sacs",4,31,13,9,18,4,31,13
"Sae1",2965,5388,5713,5558,5395,2826,4965,5630
"Safb",2145,3676,4395,4101,3787,2175,3921,4254
"Safb2",957,1973,1822,2002,1993,1010,2052,2064
"Sag",0,3,3,0,7,2,4,4
"Sall2",653,1174,1232,1223,1035,519,1086,1116
"Samd1",964,1512,1313,1566,1424,919,1372,1249
"Samd10",43,82,96,83,82,44,82,103
"Samd11",1,0,1,2,1,1,3,2
"Samd12",1,8,3,3,4,3,5,2
"Samd14",1027,1704,1618,1833,1717,855,1511,1616
"Samd15",10,15,7,15,13,11,12,13
"Samd4",1637,3752,2904,3426,3722,1961,4168,3406
"Samd4b",1281,2414,2186,2365,2240,1188,2268,2189
"Samd5",1,1,3,1,0,0,2,0
"Samd7",1,1,5,5,2,3,1,4
"Samd8",1482,4026,3009,3543,3352,2112,5132,3841
"Samd9l",106,269,182,206,172,107,247,222
"Samhd1",1964,3439,3301,3824,2898,1653,3256,3526
"Samm50",2821,4960,5637,5292,5018,2501,4592,5158
"Samsn1",2,6,1,7,3,3,6,7
"Sap130",1618,3231,2699,2940,2815,1471,2795,2664
"Sap18",632,930,1077,1128,1017,617,970,1090
"Sap30",631,1016,1295,1160,1100,627,1098,1280
"Sap30bp",1339,2515,2701,2535,2557,1172,2406,2536
"Sap30l",429,930,907,845,1018,426,755,877
"Sapcd1",7,2,7,8,7,4,3,11
"Sapcd2",235,226,258,345,194,151,288,264
"Sar1a",9796,18082,19346,19107,18724,8761,17098,19026
"Sar1b",1707,3086,3368,3319,3666,1683,3161,3379
"Saraf",3304,6999,6507,6179,7587,3256,5589,6351
"Sardh",1212,1808,2037,2213,1595,963,1835,1954
"Sarm1",19,17,19,32,27,9,19,22
"Sarnp",1638,2998,3513,3349,3062,1724,3137,3337
"Sars",4658,11750,11349,9161,13550,4650,8996,9949
"Sars2",155,291,359,297,300,142,263,293
"Sart1",1703,3050,3342,3266,3180,1619,2983,3258
"Sart3",1300,2392,2322,2397,2227,1090,2119,2279
"Sash1",809,1896,1628,1835,2166,699,1780,1752
"Sass6",145,259,143,242,176,142,333,183
"Sat1",2319,5475,5720,4366,8992,2325,4309,5120
"Sat2",131,205,282,261,209,115,221,286
"Satb1",19,39,35,39,46,18,54,41
"Satb2",226,485,344,439,432,247,514,419
"Satl1",1,1,2,1,4,3,2,2
"Sav1",2067,3807,3566,4097,4590,2016,4006,3834
"Saxo2",0,4,4,0,4,2,3,4
"Saysd1",164,307,318,311,358,168,288,318
"Sbds",1493,2727,3524,3315,3480,1714,3176,3738
"Sbf1",3840,7612,7983,7544,7839,3399,7101,7398
"Sbf2",988,2705,2055,2608,2523,1339,3121,2614
"Sbk1",613,1136,1239,1087,1064,593,1085,1058
"Sbk2",104,205,117,140,145,75,140,97
"Sbk3",27,28,31,35,28,25,38,24
"Sbno1",1144,3030,2162,2695,2639,1696,3825,2755
"Sbno2",2292,5694,4717,4517,8030,2209,4372,4546
"Sbsn",35,95,89,83,146,31,89,94
"Sbspon",5,5,17,16,4,5,18,15
"Sc5d",611,1163,981,1125,1241,696,1281,1030
"Scaf1",2382,4368,4149,4134,4118,2127,3881,3845
"Scaf11",2244,6595,3970,5175,4886,2953,7346,5218
"Scaf4",669,1461,1356,1371,1388,692,1492,1395
"Scaf8",1618,3287,2611,3200,3221,1716,3431,3027
"Scai",114,425,241,290,265,167,453,310
"Scamp1",1423,2739,2778,2889,2847,1427,2949,2791
"Scamp2",1523,2918,3240,2931,2994,1445,2720,3096
"Scamp3",79,110,114,86,109,97,98,113
"Scamp4",1483,3015,2667,2588,3013,1376,2244,2452
"Scamp5",582,1161,1170,1096,1069,562,1021,1118
"Scand1",365,554,622,528,616,355,493,568
"Scap",1395,3097,2762,2691,3416,1166,2355,2656
"Scaper",138,478,247,328,307,186,486,317
"Scara3",517,968,1003,986,810,448,863,984
"Scara5",520,1442,2162,1751,1614,380,1124,2063
"Scarb1",788,1466,1361,1373,1587,760,1245,1296
"Scarb2",2583,5650,6030,5406,5384,2389,5321,5879
"Scarf1",2,16,13,6,12,4,13,15
"Scarf2",1312,2234,2593,2631,2122,1016,2261,2582
"Scarletltr",7,9,20,11,6,7,4,18
"Scarna13",0,0,3,3,0,0,0,4
"Scarna17",0,0,0,1,1,0,1,1
"Scarna2",1,1,0,1,0,0,1,0
"Scarna6",0,2,1,0,5,2,2,0
"Sccpdh",1850,3229,3762,3583,3360,1874,3603,3795
"Scd1",9004,19447,16878,15793,17316,8797,17018,15337
"Scd2",34736,62363,59966,57563,56226,33121,61532,54077
"Scd3",0,10,4,3,7,3,7,5
"Scd4",17,16,17,28,33,25,20,22
"Scel",1,4,7,4,5,3,12,6
"Scfd1",1085,2441,1941,2588,2076,1367,3006,2556
"Scfd2",226,433,560,490,484,196,451,546
"Scg2",6,15,22,16,21,7,12,14
"Scg5",13,12,18,21,19,6,10,24
"Scgb1b30",0,0,1,0,2,1,0,0
"Scgb1c1",0,0,1,0,1,0,0,1
"Scgb2b7",1,1,0,1,0,0,0,0
"Schip1",7,6,17,6,8,10,9,6
"Scin",2,4,5,4,8,3,7,6
"Sclt1",73,180,130,164,144,71,194,156
"Scly",389,766,716,675,623,362,612,629
"Scmh1",902,1951,1749,1728,2180,895,1671,1686
"Scml2",5,8,1,7,5,3,8,5
"Scml4",204,305,365,340,274,240,477,364
"Scn10a",75,123,112,112,85,63,126,84
"Scn1b",234,528,504,458,478,259,489,507
"Scn2a1",4,7,6,5,5,3,8,8
"Scn3a",10,9,17,15,16,10,26,19
"Scn3b",4,5,7,6,3,7,11,8
"Scn4a",370,759,924,622,674,394,905,732
"Scn5a",2240,4140,3399,3510,2967,2163,4105,3135
"Scn7a",295,900,374,574,421,400,1100,511
"Scn9a",0,2,1,1,5,3,1,3
"Scnm1",297,679,650,564,701,328,630,611
"Scnn1a",14,28,26,28,39,8,32,22
"Scnn1b",0,1,1,0,1,0,1,1
"Sco1",439,793,946,833,929,480,858,896
"Scoc",378,836,579,713,675,578,1046,748
"Scp2",3403,6475,6068,6245,6619,3616,6534,6366
"Scpep1",5484,11477,10317,9982,15128,5047,8690,9994
"Scpep1os",1,1,5,1,7,1,4,1
"Scrib",2966,5139,5759,5388,4679,2816,5399,5293
"Scrn1",1094,2195,2764,2290,1932,922,2152,2448
"Scrn2",308,517,595,548,547,315,457,566
"Scrn3",448,907,768,966,768,498,1103,980
"Sct",1,7,6,3,4,1,5,3
"Sctr",27,55,45,44,36,33,51,49
"Scube1",2,1,0,2,0,1,1,1
"Scube2",4,5,5,5,5,6,5,8
"Scube3",10,9,14,17,15,11,11,12
"Scx",2098,3437,3580,3496,2891,2032,3231,3403
"Scyl1",2317,4607,4429,4184,4862,2085,3784,4126
"Scyl2",732,1888,1306,1633,1576,910,2189,1615
"Scyl3",464,933,875,1004,1078,503,1118,998
"Sdad1",708,1312,1327,1549,1513,817,1804,1531
"Sdc1",10663,19195,22250,20785,24289,9963,17902,20965
"Sdc2",15527,33488,31492,36693,30771,15821,36164,37410
"Sdc3",2953,5796,7788,6793,8324,2943,6043,7373
"Sdc4",5915,11583,10200,11330,14545,5317,8710,10286
"Sdcbp",4549,8229,8368,8952,8908,4142,8478,8592
"Sdcbp2",6,6,10,11,21,9,11,13
"Sdccag3",1263,2435,2441,2363,2688,1411,2377,2387
"Sdccag8",421,760,701,844,784,446,838,821
"Sde2",1378,2758,2999,2781,2992,1462,2765,2922
"Sdf2",1834,3776,3634,3474,3909,1741,3085,3389
"Sdf2l1",432,1323,937,806,1559,395,652,764
"Sdf4",4849,9420,11133,10007,10598,4621,8803,10557
"Sdha",5858,10850,12968,11613,10357,5312,10877,12036
"Sdhaf1",118,178,364,256,332,139,194,297
"Sdhaf2",1006,1992,2201,2060,2007,1051,2102,2167
"Sdhaf3",68,150,193,137,152,75,156,145
"Sdhaf4",397,791,796,774,773,375,694,806
"Sdhb",1926,3537,4128,3592,3485,1875,3261,3619
"Sdhc",3239,5536,6593,5970,5663,3198,5356,6208
"Sdhd",3021,5430,6409,5768,5455,2947,5187,6188
"Sdk1",2,3,4,2,2,0,11,1
"Sdpr",2264,6719,4069,5060,4016,2895,6106,4718
"Sdr39u1",470,845,825,831,934,496,731,820
"Sdr42e1",10,12,6,15,17,10,7,9
"Sdr9c7",4,7,2,8,2,2,8,6
"Sds",6,8,14,11,12,7,11,10
"Sdsl",18,47,20,36,43,14,22,30
"Sec1",20,22,20,22,20,6,25,16
"Sec11a",1478,2960,3119,2923,3159,1459,2547,3041
"Sec11c",446,964,981,863,1025,481,882,928
"Sec13",4388,7653,9764,8660,8496,4236,7711,8917
"Sec14l1",3774,7059,7793,7304,7575,3327,6672,7283
"Sec14l2",430,783,665,717,762,377,622,673
"Sec14l5",3,4,1,5,7,5,4,3
"Sec16a",3041,6035,5506,5871,5745,2664,5611,5402
"Sec16b",712,1388,814,1222,1030,681,1272,879
"Sec22a",671,1277,1255,1191,1208,597,1097,1126
"Sec22b",2273,4172,4250,4274,4084,2083,3993,4202
"Sec22c",455,829,873,887,805,379,850,901
"Sec23a",3447,6360,6400,7423,6423,3489,7640,7240
"Sec23b",1902,3671,3714,3593,3675,1693,3236,3421
"Sec23ip",1994,3810,4003,3967,3763,1988,3979,3938
"Sec24a",656,1659,1097,1451,1460,888,1904,1491
"Sec24b",1520,2779,2516,2863,2802,1437,2863,2640
"Sec24c",4032,8389,8320,7787,7660,3924,7341,7742
"Sec24d",5260,8989,9889,10096,9026,4754,8920,9654
"Sec31a",9429,17242,17310,17389,17101,8602,15694,16274
"Sec31b",10,28,23,21,21,7,23,25
"Sec61a1",7186,14817,13117,13256,13971,6357,11741,12532
"Sec61a2",1073,2203,2321,2104,2146,1073,2356,2271
"Sec61b",1488,3096,3486,3052,3469,1523,2702,3278
"Sec61g",1914,3877,3780,3757,4129,1987,3236,3749
"Sec62",1845,5402,3889,4540,4614,2765,6590,5090
"Sec63",2336,6616,4172,5432,5261,3015,7073,5368
"Secisbp2",489,984,1039,925,1077,562,1039,945
"Secisbp2l",995,3287,1871,2490,2746,1434,3780,2483
"Sectm1a",44,89,99,88,76,36,101,90
"Sectm1b",0,0,1,1,2,0,0,2
"Seh1l",1827,3092,2631,3224,3476,1724,3233,2960
"Sel1l",3167,7324,6090,6414,7573,2950,6348,6310
"Sel1l3",5,5,13,7,5,1,6,7
"Selenbp1",86,317,214,210,422,111,152,211
"Selenbp2",0,27,19,21,26,5,16,17
"Selk",2230,4929,4497,4146,5416,2320,3706,4063
"Selm",880,1667,1956,1810,1646,865,1608,1892
"Selo",431,863,1008,809,974,440,767,894
"Selp",4,15,7,7,26,0,6,9
"Selplg",1,1,0,0,1,0,1,0
"Selt",3129,7737,5785,7190,6305,4244,10128,7391
"Sema3a",942,2128,1351,1955,1205,1116,2697,1745
"Sema3b",1720,3822,3178,3207,3729,1500,2877,3060
"Sema3c",381,1504,692,811,1705,484,1087,710
"Sema3d",872,3428,2211,2055,2223,1026,3268,2464
"Sema3e",548,1225,835,1081,899,638,1542,939
"Sema3f",697,1246,1125,1207,1183,675,1136,1057
"Sema3g",159,161,228,305,147,114,207,233
"Sema4a",33,50,43,60,48,20,50,50
"Sema4b",757,1338,1531,1414,1420,700,1186,1427
"Sema4c",1770,3822,3260,3337,3377,1844,3096,3218
"Sema4d",255,432,508,416,414,279,507,410
"Sema4f",49,117,85,78,101,48,95,65
"Sema4g",38,89,78,76,89,64,77,69
"Sema5a",613,1966,1297,1529,2081,709,1752,1490
"Sema5b",6,6,11,17,10,12,10,16
"Sema6a",1627,3588,3109,3311,2717,1890,3936,3402
"Sema6b",62,119,78,106,157,42,99,86
"Sema6c",369,726,733,712,577,352,661,687
"Sema6d",141,306,266,317,275,166,357,294
"Sema7a",2085,3152,3455,3696,2900,2014,3249,3277
"Senp1",1039,1716,1657,1970,1634,953,1911,1766
"Senp2",1223,2443,2291,2452,2748,1262,2418,2391
"Senp3",2332,4228,4658,4383,4303,2261,4062,4419
"Senp5",1573,3538,2948,3494,3385,1819,4096,3579
"Senp6",818,2448,1544,1862,1912,1213,2969,1934
"Senp7",297,951,593,761,656,429,1181,801
"Senp8",156,382,304,347,286,209,464,355
"Sephs1",1737,2836,3074,3315,2893,1620,3083,3087
"Sephs2",708,1286,1311,1314,1500,725,1203,1360
"Sepn1",2703,5206,4791,5079,4976,2409,4254,4730
"Sepp1",2268,5010,4947,4796,4879,2168,4396,4992
"Sepsecs",167,400,319,359,344,162,407,347
"Sepw1",896,1884,2426,1952,2410,1007,1761,2235
"Serac1",337,868,807,791,917,447,1038,887
"Serbp1",9233,15716,18203,18829,16932,9779,19119,19406
"Serf1",331,559,579,612,513,329,554,591
"Serf2",4347,6926,6886,6211,6721,4650,5809,6429
"Sergef",142,307,262,256,289,159,244,249
"Serhl",378,703,746,685,750,419,599,706
"Serinc1",7717,18505,15819,17993,19304,9142,20735,18987
"Serinc2",1597,2736,2791,2734,2377,1516,2639,2694
"Serinc3",8385,18633,17701,16485,19463,8430,16857,17828
"Serinc4",53,75,68,78,74,53,96,61
"Serinc5",1787,3267,3200,3619,2984,1687,3535,3573
"Serp1",5744,11538,9308,11038,11867,5921,10675,10148
"Serp2",96,209,238,195,265,109,175,202
"Serpina11",1,2,0,1,2,0,2,1
"Serpina12",11,37,32,25,51,15,21,29
"Serpina1a",1,1,0,1,2,0,4,1
"Serpina1b",1,3,3,1,3,0,2,1
"Serpina1c",1,3,2,3,3,0,1,0
"Serpina1d",1,3,0,2,6,2,3,1
"Serpina1e",1,2,6,3,1,0,4,3
"Serpina3c",5,22,11,13,28,4,14,15
"Serpina3f",0,15,1,2,15,2,1,2
"Serpina3g",118,483,288,274,750,98,196,281
"Serpina3h",125,213,206,232,172,117,196,226
"Serpina3i",11,77,14,25,149,9,19,28
"Serpina3k",1,7,5,5,8,2,5,5
"Serpina3m",3,13,8,5,55,0,4,3
"Serpina3n",26,346,104,87,2175,40,62,130
"Serpina4-ps1",0,0,0,1,0,1,0,1
"Serpina6",39,105,113,104,83,43,88,103
"Serpina9",4,33,13,9,10,5,12,14
"Serpinb1a",2605,5631,7130,5452,8329,2646,5942,6916
"Serpinb1b",68,176,134,134,272,59,119,143
"Serpinb1c",11,20,18,22,16,14,27,22
"Serpinb2",5,40,24,29,425,11,27,41
"Serpinb6a",12392,25732,26656,23558,31688,12056,21369,24880
"Serpinb6b",317,846,966,854,1042,318,836,1024
"Serpinb6c",7,11,24,21,22,20,30,45
"Serpinb6d",0,3,1,0,3,0,2,0
"Serpinb7",64,149,252,128,143,92,238,215
"Serpinb8",137,284,206,240,223,138,263,220
"Serpinb9",1020,2406,2356,2311,3695,1042,2207,2469
"Serpinb9b",159,852,331,380,1713,152,341,403
"Serpinb9c",8,37,14,23,32,9,49,36
"Serpinb9d",23,54,72,44,63,22,78,62
"Serpinb9e",19,72,80,43,144,20,65,74
"Serpinb9f",3,7,8,6,9,3,7,8
"Serpinb9g",35,116,112,72,117,50,137,118
"Serpinc1",3,11,4,6,7,2,12,12
"Serpind1",32,40,55,55,48,20,31,44
"Serpine1",3034,5072,4662,5327,4755,2766,4441,4369
"Serpine2",2020,4362,2756,3363,3786,1532,2818,2666
"Serpine3",14,26,11,16,11,19,27,18
"Serpinf1",20897,34963,47833,44401,35436,18701,34214,45796
"Serpinf2",0,2,6,0,4,1,3,2
"Serping1",877,2355,3112,2339,4678,1001,2023,2902
"Serpinh1",38729,68966,62103,66452,61841,37639,58260,58698
"Serpini1",8,10,4,15,8,9,10,9
"Sertad1",578,1108,1113,1062,967,552,1005,1088
"Sertad2",1751,3474,2907,3584,3262,1810,3779,3362
"Sertad3",295,501,738,602,520,283,556,634
"Sertad4",6980,11625,11313,12844,9106,6627,12590,11689
"Sesn1",1454,2731,3142,3043,2252,1224,2708,3041
"Sesn2",439,943,811,786,1798,358,779,823
"Sesn3",415,985,733,858,652,322,1004,727
"Sestd1",1068,2707,2016,2445,2459,1304,2950,2471
"Set",6315,9913,11580,12070,11167,6347,11527,12230
"Setbp1",427,1400,637,965,1079,571,1345,876
"Setd1a",1095,2168,1885,2032,2114,1047,1929,1819
"Setd1b",563,1254,1224,1183,1194,559,1224,1132
"Setd2",814,2679,1521,1837,1638,1218,2991,1822
"Setd3",2477,4259,4722,4489,4536,2294,4217,4575
"Setd4",60,136,148,127,145,72,122,131
"Setd5",2718,5522,4997,5858,5118,2891,6404,5639
"Setd6",345,732,866,717,831,449,770,800
"Setd7",2616,6409,5185,6000,5260,3146,7924,6139
"Setd8",2107,3839,3788,4158,3872,2418,4810,4266
"Setdb1",1621,2999,3131,3213,3249,1636,3198,3249
"Setdb2",194,398,368,417,448,267,517,420
"Setmar",46,68,75,68,95,41,61,67
"Setx",787,2396,1462,1671,1611,994,2818,1688
"Sez6l2",2,5,3,2,8,3,9,1
"Sf1",5138,9012,9219,9604,8476,4938,8700,9137
"Sf3a1",2911,5156,5508,5410,4955,2776,4957,5223
"Sf3a2",1325,2384,2526,2445,2398,1203,2217,2405
"Sf3a3",1653,3144,3494,3335,3397,1640,3043,3385
"Sf3b1",5367,12092,10199,12311,10679,6389,15057,12433
"Sf3b2",6200,11923,12160,11799,11939,5563,10332,11512
"Sf3b3",4825,8509,9740,9321,9298,3929,8311,9281
"Sf3b4",1973,2990,3416,3197,3161,1954,2770,3269
"Sf3b5",727,1286,1343,1285,1403,671,1069,1205
"Sf3b6",1530,2821,3376,2992,3151,1599,2775,3237
"Sfi1",273,620,570,536,584,280,622,552
"Sfmbt1",460,901,828,920,999,510,1013,959
"Sfmbt2",43,67,39,71,60,40,61,69
"Sfn",34,48,39,45,60,26,25,32
"Sfpq",5491,9465,9866,10754,9594,5735,11127,10433
"Sfr1",3518,7124,6314,7242,6802,4357,7851,7367
"Sfrp1",297,527,776,694,793,282,641,753
"Sfrp2",6349,8336,7482,10661,5364,4228,8549,7755
"Sfrp4",56,78,82,89,125,62,82,58
"Sfrp5",1,1,0,1,0,0,1,0
"Sfswap",957,1871,1766,1851,1828,976,1902,1818
"Sft2d1",474,806,796,884,979,518,770,886
"Sft2d2",1797,4688,4253,4037,5336,1755,3922,4162
"Sft2d3",90,211,199,232,251,107,230,234
"Sftpb",0,1,0,0,3,1,0,0
"Sfxn1",919,1488,1636,1845,1640,939,1775,1818
"Sfxn2",101,122,130,169,137,92,164,138
"Sfxn3",3207,6770,6815,6515,6942,2918,5824,6463
"Sfxn4",100,188,132,159,144,100,175,143
"Sfxn5",54,88,82,79,114,49,83,57
"Sgca",979,1937,2026,1749,1426,1082,1881,1942
"Sgcb",3330,6850,7015,6874,6219,3725,7842,7292
"Sgcd",224,407,363,425,437,245,420,367
"Sgce",1082,2430,2318,2393,2432,1114,2009,2446
"Sgcg",1351,2173,2712,2187,1778,1448,2612,2593
"Sgcz",1,1,0,1,0,0,0,1
"Sgip1",6,28,10,8,22,19,22,11
"Sgk1",2567,4304,3101,4001,4509,2176,3587,3038
"Sgk3",103,175,156,206,137,96,216,180
"Sgms1",571,1040,995,1140,1050,693,1363,1056
"Sgms2",617,1415,927,1289,1371,646,1317,1182
"Sgol1",481,766,459,821,520,482,982,653
"Sgol2a",193,430,289,387,219,199,562,387
"Sgpl1",4349,10510,9465,8461,11492,3918,7963,8655
"Sgpp1",1597,3228,3144,3568,4447,1588,3377,3486
"Sgpp2",4,4,6,7,5,2,4,13
"Sgsh",273,657,563,496,710,214,481,494
"Sgsm1",122,250,192,216,251,136,186,192
"Sgsm2",736,1493,1308,1317,1367,640,1302,1159
"Sgsm3",785,1538,1559,1412,1656,718,1409,1450
"Sgta",2927,5665,5702,5347,5394,2611,4923,5383
"Sgtb",198,384,431,403,426,220,481,460
"Sh2b1",1888,3613,3651,3479,3123,1901,3555,3426
"Sh2b2",215,365,353,371,435,239,340,307
"Sh2b3",1121,2172,2210,2233,2069,1121,2071,2174
"Sh2d1b1",2,3,1,3,2,1,6,1
"Sh2d3c",42,71,78,82,85,34,64,67
"Sh2d4a",75,158,104,112,171,53,105,78
"Sh2d4b",2,3,3,3,1,4,5,3
"Sh2d5",6,9,6,12,14,2,8,11
"Sh2d7",23,33,40,41,48,26,41,49
"Sh3bgr",228,369,473,406,284,206,439,441
"Sh3bgrl",1603,5683,3218,3909,3360,2057,6803,4178
"Sh3bgrl2",159,218,238,242,280,155,297,210
"Sh3bgrl3",1614,3196,3368,3131,3052,1495,2626,3093
"Sh3bp1",572,937,1160,1126,903,459,972,1111
"Sh3bp2",494,1042,1041,932,1028,533,970,981
"Sh3bp4",1652,2779,2429,2895,2563,1578,2572,2574
"Sh3bp5",1127,2273,2814,2527,2343,978,2202,2739
"Sh3bp5l",1052,2069,1914,1845,2187,962,1752,1758
"Sh3d19",4762,8436,8547,9570,7357,4748,9405,8977
"Sh3d21",17,14,31,30,18,12,18,27
"Sh3gl1",2822,4908,5176,5268,4643,2576,4495,4921
"Sh3gl3",239,368,332,393,335,260,373,317
"Sh3glb1",16307,35263,29619,34150,28231,20358,42301,34420
"Sh3glb2",923,1768,1823,1724,1589,840,1648,1673
"Sh3kbp1",2539,4860,4152,5454,4147,2720,5967,5040
"Sh3pxd2a",8571,16476,17126,16650,14265,8312,18333,16565
"Sh3pxd2b",4302,8284,7675,8020,7413,3404,7225,7317
"Sh3rf1",607,1080,920,1061,1093,536,1094,970
"Sh3rf2",63,79,111,100,70,47,95,81
"Sh3rf3",155,308,218,281,249,155,322,256
"Sh3tc1",15,29,12,23,33,8,9,14
"Sh3tc2",11,18,23,14,22,8,19,12
"Sh3yl1",56,144,130,120,174,67,120,139
"Shank1",3,6,15,7,5,3,6,6
"Shank2",9,17,16,15,35,18,23,17
"Shank3",1,4,5,1,2,1,2,2
"Sharpin",682,1290,1480,1375,1434,662,1232,1443
"Shb",969,1893,1790,1680,1719,983,1563,1529
"Shbg",3,4,1,4,2,1,3,3
"Shc1",5103,10022,8959,9042,9774,4444,8291,8111
"Shc2",1144,2718,1943,2132,3075,1081,1890,1861
"Shc3",4,2,8,7,0,2,6,6
"Shc4",34,70,62,64,74,55,73,63
"Shcbp1",637,945,699,1137,640,595,1226,897
"Shcbp1l",0,4,0,2,3,0,2,1
"Shd",1,3,0,1,2,0,2,1
"She",4,16,21,14,18,10,11,15
"Shf",656,1110,1369,1232,1126,646,1117,1244
"Shfm1",1502,3000,3227,2950,3208,1611,2842,3118
"Shisa2",189,259,420,324,242,241,367,355
"Shisa4",1202,1968,2131,1986,1798,1206,1844,2053
"Shisa5",2352,5057,4579,4483,6401,2262,3660,4260
"Shisa6",0,1,0,0,0,0,1,1
"Shisa7",0,1,2,1,0,1,0,1
"Shisa8",3,5,4,4,1,5,2,4
"Shisa9",1,0,3,5,3,1,2,6
"Shkbp1",472,815,836,841,736,428,721,780
"Shmt1",280,430,444,493,399,238,458,418
"Shmt2",2250,5055,4896,4131,5691,2215,3878,4309
"Shoc2",928,2483,1550,2075,1846,1315,3078,2051
"Shox2",607,1364,1468,1604,1406,756,1790,1723
"Shpk",53,80,160,121,121,70,134,155
"Shprh",289,963,549,757,734,468,1153,766
"Shq1",204,412,477,418,512,195,363,463
"Shroom1",154,281,321,278,273,196,295,260
"Shroom2",9,13,38,15,18,16,25,31
"Shroom3",272,444,531,455,462,373,586,453
"Shroom4",77,146,130,155,131,59,175,123
"Shtn1",15,27,27,33,26,13,22,39
"Siae",94,220,255,220,266,108,228,236
"Siah1a",1158,2008,1868,2220,2292,1202,2134,2053
"Siah1b",195,287,283,341,306,198,292,273
"Siah2",767,1371,1332,1369,1430,804,1210,1259
"Sidt1",0,1,5,1,2,2,0,1
"Sidt2",3488,7433,7682,7122,7766,3156,6522,7234
"Sigirr",43,89,33,59,72,39,62,36
"Siglec1",0,0,1,0,3,2,1,2
"Siglec15",19,55,33,30,37,14,25,28
"Siglecf",21,36,27,37,25,20,34,30
"Siglecg",131,371,181,218,331,191,227,178
"Sigmar1",1420,2822,2501,2555,3139,1275,2109,2388
"Sik1",1423,2532,2625,2513,2179,1430,2685,2508
"Sik2",231,496,483,503,494,198,510,459
"Sik3",1242,2525,2246,2401,2382,1029,2209,2209
"Sike1",1051,2001,2203,1994,1819,1186,2343,2090
"Sil1",1368,2695,3137,2825,2895,1233,2450,2939
"Sim1",3,1,0,3,1,0,3,1
"Sim2",739,1542,1573,1496,1578,713,1453,1537
"Simc1",286,614,622,616,640,350,714,657
"Sin3a",1736,3091,3126,3457,3249,1432,3227,3339
"Sin3b",1655,3314,3786,3306,3518,1753,3273,3613
"Sipa1",793,1375,1259,1420,1320,672,1238,1250
"Sipa1l1",1662,3356,2525,3001,2987,1422,3020,2562
"Sipa1l2",649,1102,1133,1084,1122,541,1028,955
"Sipa1l3",683,1375,1102,1243,1408,528,1073,1046
"Sirpa",1396,4461,2649,2594,5667,1386,2287,2622
"Sirt1",271,926,453,633,643,485,1044,629
"Sirt2",1592,2763,2822,2707,2811,1493,2444,2822
"Sirt3",207,386,416,422,496,218,342,455
"Sirt4",190,395,395,409,432,235,438,433
"Sirt5",168,331,306,276,285,124,271,253
"Sirt6",432,844,732,745,847,419,734,684
"Sirt7",403,728,704,691,721,432,721,675
"Sit1",1,0,0,3,1,0,0,2
"Siva1",509,715,987,901,810,475,723,894
"Six1",5428,10075,9981,10602,9175,5167,10007,10234
"Six2",0,1,1,0,1,0,0,0
"Six4",923,2020,1703,2081,1640,1121,2575,2176
"Six5",205,408,360,405,334,181,318,400
"Six6",0,1,0,0,2,1,1,1
"Ska1",265,346,322,431,269,272,425,346
"Ska2",524,778,747,980,658,509,1007,926
"Ska3",471,591,498,737,437,398,750,586
"Skap1",38,50,38,47,29,47,51,30
"Skap2",1049,2089,2107,1939,2111,1108,2055,1987
"Ski",4429,8612,7931,8120,8033,4146,7586,7538
"Skida1",21,41,35,45,32,22,39,38
"Skil",1306,3419,1887,2711,2416,1854,4343,2485
"Skint6",0,0,1,0,0,1,0,1
"Skiv2l",1807,3602,3581,3429,3526,1672,3262,3295
"Skiv2l2",1480,2607,2361,2828,2482,1485,3127,2593
"Skor1",0,1,3,4,3,4,1,5
"Skp1a",7006,13130,14903,13682,13009,6446,12558,14255
"Skp2",632,926,1058,1276,908,655,1203,1229
"Sla",76,105,103,127,90,64,108,99
"Sla2",6,4,4,10,8,3,3,6
"Slain2",1569,3820,2767,3287,3372,1788,4302,3323
"Slamf8",2,11,6,9,12,4,6,9
"Slamf9",5,12,14,6,12,15,16,11
"Slbp",1178,1700,1682,2035,1740,1044,1884,1781
"Slc10a1",0,0,2,1,6,2,7,1
"Slc10a3",449,812,966,836,1041,416,746,913
"Slc10a4",3,8,19,8,13,9,12,15
"Slc10a6",22,49,62,61,240,18,29,62
"Slc10a7",666,1188,1121,1380,1179,630,1370,1335
"Slc11a1",68,157,101,114,188,60,98,106
"Slc11a2",2887,7071,7594,6220,8274,2567,5749,6799
"Slc12a1",1,4,5,5,9,3,6,5
"Slc12a2",1433,3752,2917,3333,2810,2068,5173,3551
"Slc12a3",1,2,0,1,0,0,0,0
"Slc12a4",2098,4458,4001,3757,4233,2121,3778,3599
"Slc12a5",15,18,11,23,18,17,14,20
"Slc12a6",1303,2542,2474,2660,2716,1189,2754,2652
"Slc12a7",1809,3376,3280,3314,2939,1669,3354,3091
"Slc12a8",7,10,15,8,4,5,12,12
"Slc12a9",368,802,857,733,906,347,716,749
"Slc13a1",1,3,7,3,0,0,2,5
"Slc13a2",2,1,0,4,1,1,3,3
"Slc13a3",2,2,2,3,1,0,4,2
"Slc13a4",2,3,7,4,5,2,3,9
"Slc13a5",12,48,45,37,58,28,45,43
"Slc14a1",86,151,76,127,116,80,118,79
"Slc14a2",4,5,4,4,4,3,7,1
"Slc15a2",1,1,0,1,0,0,1,1
"Slc15a3",0,5,1,0,2,1,2,4
"Slc15a4",797,1904,1675,1494,2018,738,1336,1513
"Slc16a1",3397,9064,7367,7377,16484,3251,6665,7648
"Slc16a10",54,146,124,126,170,74,155,133
"Slc16a11",200,404,640,505,646,187,415,543
"Slc16a12",6,11,9,16,8,14,18,20
"Slc16a13",198,352,465,407,501,176,340,413
"Slc16a14",2,3,1,2,1,0,3,2
"Slc16a2",875,2067,1190,1251,1499,1018,1405,1080
"Slc16a3",2369,4697,2067,3341,4292,1882,2772,1926
"Slc16a4",17,36,17,28,23,15,47,19
"Slc16a5",2,7,1,6,7,1,7,5
"Slc16a6",27,51,49,54,46,28,57,58
"Slc16a7",9,20,8,14,14,9,12,9
"Slc16a8",1,5,7,2,7,1,6,5
"Slc16a9",74,115,134,134,97,54,115,131
"Slc17a4",0,0,1,0,0,2,1,0
"Slc17a5",408,810,822,905,1111,450,900,944
"Slc17a7",4,11,11,7,10,8,16,11
"Slc17a8",0,0,1,0,2,1,0,1
"Slc17a9",4,3,8,7,6,1,3,8
"Slc18a1",0,3,4,1,9,1,1,2
"Slc18a2",25,64,37,52,53,24,70,48
"Slc18b1",545,1085,1073,1020,974,530,972,970
"Slc19a1",450,890,1012,903,1081,358,818,954
"Slc19a2",433,751,1129,989,1128,431,937,1126
"Slc1a1",5,1,2,5,0,0,0,0
"Slc1a2",1,4,5,1,4,2,5,5
"Slc1a3",3491,6134,6439,7654,5419,2454,6138,6924
"Slc1a4",2346,4613,4564,4489,5793,2113,4148,4345
"Slc1a5",357,750,656,614,943,282,582,580
"Slc1a6",121,193,202,195,148,106,171,155
"Slc20a1",2460,4718,4642,4585,5329,2668,4591,4515
"Slc20a2",1253,2380,2788,2375,3366,1216,2503,2657
"Slc22a13",0,3,1,0,0,0,3,1
"Slc22a13b-ps",5,7,6,10,12,3,16,8
"Slc22a15",211,429,450,419,386,212,443,454
"Slc22a17",135,292,306,262,215,150,336,285
"Slc22a18",20,31,28,35,57,9,20,28
"Slc22a21",114,210,164,229,244,120,238,229
"Slc22a23",188,556,483,420,683,196,410,446
"Slc22a4",58,202,163,136,455,43,138,149
"Slc22a5",354,697,778,733,664,347,708,743
"Slc23a1",11,14,12,25,20,10,38,36
"Slc23a2",1512,3041,2808,2953,3661,1440,3015,2756
"Slc23a3",2,12,8,6,5,2,9,8
"Slc24a3",387,866,951,851,1151,363,796,891
"Slc24a4",16,23,17,23,11,15,27,24
"Slc24a5",8,18,12,18,17,10,22,13
"Slc25a1",1392,2803,2450,2515,3084,1258,2120,2294
"Slc25a10",1085,1721,1906,1997,1594,871,1663,1856
"Slc25a11",2144,3960,4446,4079,3894,1951,3710,4134
"Slc25a12",1828,3045,3733,3484,2970,1490,3279,3541
"Slc25a13",56,88,83,96,82,32,95,71
"Slc25a14",208,367,323,333,373,198,311,286
"Slc25a15",229,440,536,482,493,252,458,516
"Slc25a16",660,1333,1229,1439,1393,644,1628,1487
"Slc25a17",3492,5932,6866,7113,6435,3071,6026,6979
"Slc25a18",1,4,3,2,3,3,3,4
"Slc25a19",246,520,540,471,544,234,452,503
"Slc25a2",1,1,3,2,3,1,3,1
"Slc25a20",818,1437,1479,1407,1383,697,1252,1330
"Slc25a22",291,542,731,629,680,329,600,687
"Slc25a23",153,372,303,272,295,162,273,268
"Slc25a24",3175,5771,5220,6270,5737,3101,6568,5933
"Slc25a25",429,768,765,796,796,365,726,727
"Slc25a26",109,189,193,200,247,90,182,188
"Slc25a27",139,272,290,358,377,139,379,371
"Slc25a28",308,630,663,600,655,298,574,612
"Slc25a29",425,996,936,820,1180,388,738,915
"Slc25a3",12188,22546,25443,22788,22352,11548,20893,23466
"Slc25a30",615,1233,1127,1232,1238,604,1178,1186
"Slc25a32",395,873,729,782,723,432,1013,782
"Slc25a33",150,438,396,289,588,167,330,323
"Slc25a34",2,4,6,7,4,6,6,8
"Slc25a35",56,127,149,148,119,65,122,156
"Slc25a36",646,1576,1130,1352,1282,839,1982,1351
"Slc25a37",2214,5160,4570,4879,7660,2673,5533,5155
"Slc25a38",226,414,444,432,488,258,391,447
"Slc25a39",2106,4059,4166,3897,4255,1811,3433,3834
"Slc25a4",8389,15348,17776,16148,15525,7899,14862,16631
"Slc25a40",328,693,582,700,716,414,864,714
"Slc25a42",178,308,335,361,259,165,302,368
"Slc25a43",61,87,105,114,81,48,91,92
"Slc25a44",936,1885,1881,1743,1957,907,1611,1718
"Slc25a45",161,320,292,317,319,144,292,298
"Slc25a46",1386,2873,2499,2901,2800,1587,3403,2914
"Slc25a47",37,57,66,51,88,35,50,51
"Slc25a5",8878,14308,18003,16161,15571,8010,14897,17057
"Slc25a51",2087,3797,4152,3841,3959,1990,3683,3767
"Slc25a53",27,64,60,54,81,34,75,73
"Slc25a54",1,4,1,5,2,1,4,7
"Slc26a1",5,5,9,10,3,5,2,10
"Slc26a10",10,31,23,20,22,16,18,20
"Slc26a11",94,242,229,189,270,104,224,212
"Slc26a2",205,573,393,466,345,205,645,440
"Slc26a4",2,11,4,5,4,3,2,4
"Slc26a6",98,151,166,155,187,90,149,151
"Slc26a7",1,4,11,1,1,2,9,7
"Slc26a8",3,3,4,6,5,1,6,5
"Slc26a9",1,2,3,1,0,0,1,0
"Slc27a1",1348,4059,3200,2423,5876,1460,2648,2732
"Slc27a2",1,2,0,2,1,0,4,1
"Slc27a3",322,706,365,540,522,269,444,396
"Slc27a4",1221,2573,2344,2255,2596,1043,2092,2155
"Slc27a5",1,1,0,2,1,1,1,2
"Slc28a1",1,1,1,2,2,0,0,1
"Slc28a2",0,1,0,0,0,1,0,1
"Slc29a1",11461,20605,23528,22690,18639,10438,20171,22774
"Slc29a2",164,332,408,341,341,173,355,405
"Slc29a3",652,1512,1204,1239,1555,627,1304,1163
"Slc29a4",0,1,1,1,1,0,0,1
"Slc2a1",2819,7065,4375,4927,11584,2181,3953,4073
"Slc2a10",128,237,232,256,220,135,237,252
"Slc2a12",4,16,15,8,16,9,17,9
"Slc2a13",112,262,153,231,210,158,301,199
"Slc2a3",62,148,140,134,237,59,113,142
"Slc2a4",22,31,62,36,30,6,59,48
"Slc2a4rg-ps",30,100,83,80,108,47,99,101
"Slc2a5",3,2,4,5,6,3,2,3
"Slc2a6",459,787,1325,922,760,469,1087,1254
"Slc2a7",1,1,0,1,0,0,1,0
"Slc2a8",274,616,592,571,646,266,497,593
"Slc2a9",55,90,68,86,107,41,85,75
"Slc30a1",304,607,468,548,631,313,637,501
"Slc30a2",2,7,4,4,3,2,6,13
"Slc30a3",10,19,23,22,21,27,25,25
"Slc30a4",1622,5420,2942,3681,4025,2208,5738,3757
"Slc30a5",1605,3243,3327,3284,3543,1518,3103,3300
"Slc30a6",526,993,1085,970,1115,461,943,998
"Slc30a7",1186,2710,2062,2768,2638,1409,3310,2659
"Slc30a9",2484,4961,4429,4749,5162,2524,4962,4668
"Slc31a1",2024,4046,3963,3950,4109,1949,4113,3909
"Slc31a2",334,681,799,703,894,288,715,767
"Slc33a1",1222,3014,2750,2807,2996,1308,3049,3001
"Slc34a1",1,1,0,1,1,0,3,0
"Slc35a1",1242,1951,2167,2265,2360,1139,2059,2268
"Slc35a2",879,1689,1743,1681,1676,819,1558,1679
"Slc35a3",454,1278,787,1024,1013,567,1558,1063
"Slc35a4",1964,3288,3845,3625,3342,1701,3247,3663
"Slc35a5",435,980,819,951,988,543,1186,987
"Slc35b1",1506,3351,3330,3021,3983,1499,2738,3129
"Slc35b2",1898,3512,3824,3565,3642,1766,3090,3518
"Slc35b3",313,538,586,615,636,336,553,581
"Slc35b4",1331,2768,2540,2579,2781,1226,2295,2507
"Slc35c1",432,801,761,790,823,397,735,733
"Slc35c2",797,1898,1722,1523,2196,835,1483,1592
"Slc35d1",204,343,411,377,395,200,404,393
"Slc35d2",181,343,334,302,408,169,318,308
"Slc35e1",2340,4107,3693,3879,3775,2021,3694,3447
"Slc35e2",425,721,776,901,768,417,904,913
"Slc35e3",963,1631,1783,1671,1739,866,1552,1725
"Slc35e4",1574,2980,3048,2883,2936,1386,2670,2910
"Slc35f1",0,1,1,0,0,1,0,0
"Slc35f2",4,3,5,4,3,1,4,0
"Slc35f3",0,2,1,0,2,0,1,1
"Slc35f5",1622,3593,3700,3288,4402,1494,3055,3552
"Slc35f6",1083,2260,2390,2122,2558,1052,2024,2430
"Slc35g1",16,20,33,24,21,13,18,16
"Slc35g2",4,15,17,14,17,6,19,17
"Slc35g3",1,5,2,2,5,0,12,1
"Slc36a1",458,1026,849,812,927,417,913,808
"Slc36a2",16,56,43,36,32,12,35,26
"Slc36a4",241,476,466,467,436,188,525,401
"Slc37a1",7,9,5,9,12,1,10,5
"Slc37a2",186,344,417,387,283,129,333,408
"Slc37a3",1138,2349,1955,2056,2533,1046,1897,1946
"Slc37a4",317,685,584,587,736,342,580,589
"Slc38a1",1428,2909,3047,2810,3454,1329,3167,2884
"Slc38a10",6590,10243,12700,12148,10281,5875,11165,11628
"Slc38a2",10725,24859,18358,23013,24156,11818,25772,21687
"Slc38a3",5,2,4,8,3,4,2,3
"Slc38a4",8,22,25,16,10,19,32,13
"Slc38a5",1,1,0,1,1,1,0,0
"Slc38a6",397,791,636,819,728,547,990,802
"Slc38a7",1198,3304,3229,2518,4662,1139,2443,2980
"Slc38a9",337,732,775,740,771,384,913,817
"Slc39a1",4170,7946,7465,7068,7907,3875,6476,6852
"Slc39a10",351,878,604,845,692,423,1016,805
"Slc39a11",548,1052,988,985,1157,499,772,900
"Slc39a12",0,2,0,0,5,1,0,0
"Slc39a13",2445,4667,5214,4825,5033,2451,4389,5008
"Slc39a14",2684,6505,5260,5173,9924,2704,5013,5031
"Slc39a2",1,5,7,4,5,4,9,8
"Slc39a3",715,1481,1277,1258,1399,631,1096,1145
"Slc39a4",2,1,2,4,14,0,4,7
"Slc39a5",7,4,4,10,3,7,8,9
"Slc39a6",2031,4617,4100,4020,5866,1824,3765,3959
"Slc39a7",5915,13212,12585,11529,14483,5801,10937,11997
"Slc39a8",94,212,133,182,261,81,173,160
"Slc39a9",1954,3848,3506,3544,3646,1813,3554,3247
"Slc3a1",1,1,4,2,4,0,3,1
"Slc3a2",2751,8488,5960,5445,15086,2812,5074,5787
"Slc40a1",517,952,917,867,628,418,903,825
"Slc41a1",1004,2211,2193,2114,2450,883,1968,2118
"Slc41a2",915,1833,1192,1579,1957,892,1578,1370
"Slc41a3",175,373,360,329,335,180,287,341
"Slc43a1",292,680,774,687,720,284,580,798
"Slc43a2",1097,1746,2583,2193,1519,914,2171,2279
"Slc43a3",1018,1398,1584,1847,1457,842,1629,1656
"Slc44a1",3068,5672,5895,5995,5170,2721,5889,5969
"Slc44a2",10038,20427,21325,19779,22211,9727,18860,20463
"Slc44a3",5,12,17,8,10,4,9,10
"Slc44a4",125,274,345,209,228,133,306,225
"Slc44a5",10,10,15,21,19,9,5,19
"Slc45a2",0,1,0,2,2,0,1,1
"Slc45a3",14,34,40,36,47,18,34,45
"Slc45a4",1215,2271,2165,2162,2175,1022,1997,1930
"Slc46a1",225,544,491,431,532,242,379,449
"Slc46a3",54,128,119,97,105,63,93,101
"Slc47a1",0,0,1,0,0,1,0,1
"Slc47a2",0,0,4,1,1,4,1,1
"Slc48a1",2505,7487,7549,5674,10334,2351,4794,6633
"Slc4a10",0,0,1,1,1,0,0,0
"Slc4a11",41,114,93,78,103,49,90,80
"Slc4a1ap",696,1302,1349,1439,1468,815,1443,1455
"Slc4a2",2909,5838,5651,5583,5959,2512,4912,5368
"Slc4a3",832,1390,1823,1452,1240,898,1924,1667
"Slc4a4",49,122,44,76,109,77,119,58
"Slc4a5",0,0,3,1,3,2,1,3
"Slc4a7",1216,3784,2187,2922,2506,1741,4778,2862
"Slc4a8",332,708,487,551,895,290,534,461
"Slc50a1",579,1160,1174,1138,1325,561,948,1136
"Slc51a",0,1,2,3,2,2,3,6
"Slc51b",2,6,5,4,2,2,4,3
"Slc52a2",433,873,1001,879,913,379,772,930
"Slc52a3",3,2,1,5,3,1,1,4
"Slc5a11",0,2,0,0,1,0,2,0
"Slc5a2",0,1,1,0,0,1,2,0
"Slc5a3",621,2076,929,1460,1624,866,2309,1392
"Slc5a5",62,181,290,170,126,83,219,248
"Slc5a6",283,485,520,477,469,245,528,499
"Slc5a7",49,98,81,110,62,41,129,113
"Slc5a8",1,1,3,1,1,1,0,0
"Slc6a13",2,3,1,3,0,1,1,3
"Slc6a15",0,3,3,0,2,1,3,0
"Slc6a17",240,693,629,511,905,261,534,537
"Slc6a19",33,65,53,41,40,28,54,38
"Slc6a2",239,437,422,462,450,183,336,440
"Slc6a20b",0,0,0,1,0,1,0,1
"Slc6a4",1,0,0,1,0,1,0,0
"Slc6a6",16521,33947,35817,32962,29006,16261,35668,34876
"Slc6a7",89,120,167,183,123,101,198,203
"Slc6a8",2552,6814,7382,5538,8873,2673,5825,6781
"Slc6a9",556,2002,1573,1174,3276,595,1237,1427
"Slc7a1",1377,3125,2498,2671,3890,1445,2784,2624
"Slc7a11",184,2939,2812,2798,2737,206,2471,2637
"Slc7a15",1,0,1,1,3,2,2,2
"Slc7a2",3379,8795,5943,7530,6618,4173,9931,7436
"Slc7a3",4,14,19,20,11,7,19,23
"Slc7a4",55,184,125,100,219,58,116,113
"Slc7a5",2957,7290,7337,5823,7735,3159,5768,6806
"Slc7a6",1256,2330,2532,2473,2455,1246,2460,2537
"Slc7a6os",548,984,1137,1110,1158,612,1047,1099
"Slc7a7",88,124,187,161,120,90,165,183
"Slc7a8",0,0,2,1,0,2,1,2
"Slc8a1",701,1664,1799,1850,1630,799,2072,2017
"Slc8a2",0,3,5,0,3,0,2,1
"Slc8a3",6,12,14,14,14,3,15,12
"Slc8b1",676,1623,1673,1340,1715,647,1452,1550
"Slc9a1",1511,2809,2901,2672,3130,1506,2775,2718
"Slc9a2",278,684,589,479,542,295,529,486
"Slc9a3r1",499,1081,951,816,1238,455,797,703
"Slc9a3r2",616,1042,1345,1126,973,619,1079,1206
"Slc9a4",12,36,24,23,21,16,28,27
"Slc9a5",340,646,662,684,543,357,746,659
"Slc9a6",782,1631,1645,1585,1623,741,1591,1630
"Slc9a7",2,15,6,8,13,8,13,15
"Slc9a8",897,1895,1789,1662,2035,864,1704,1646
"Slc9a9",1703,3653,3639,3486,2948,1329,3255,3394
"Slc9b1",3,0,0,5,3,1,1,3
"Slc9b2",18,32,39,25,25,18,31,24
"Slco1a5",26,18,23,35,21,19,31,28
"Slco1b2",1,1,4,1,1,0,1,4
"Slco2a1",6,5,11,8,12,6,5,4
"Slco2b1",7,9,12,12,8,12,9,13
"Slco3a1",1006,2144,2213,1952,2042,1159,2386,2116
"Slco4a1",2,21,9,6,75,0,6,9
"Slco5a1",89,173,199,188,151,151,384,248
"SlcUbl4a",0,6,1,2,3,2,1,3
"Slfn10-ps",0,2,0,3,1,0,6,3
"Slfn14",0,2,2,0,1,0,0,0
"Slfn2",2,5,2,1,31,4,2,1
"Slfn3",2,9,3,4,2,1,13,5
"Slfn4",1,2,1,1,3,1,2,0
"Slfn5",15,51,19,47,43,27,39,53
"Slfn5os",1,1,2,0,0,1,5,1
"Slfn8",0,6,2,0,6,3,3,1
"Slfn9",36,89,48,58,67,39,95,50
"Slirp",521,590,749,624,632,534,637,726
"Slit1",13,16,22,13,14,9,16,12
"Slit2",1802,4790,2332,3327,3001,1886,4031,2711
"Slit3",0,1,1,0,0,1,1,0
"Slitrk4",0,1,1,1,0,0,2,4
"Slitrk5",0,0,1,0,1,0,1,0
"Slk",1295,3946,2210,2774,2779,1705,4877,2791
"Slmap",1071,3142,2231,2580,2548,1486,3855,2734
"Slmo1",64,112,130,123,113,47,110,108
"Slmo2",1902,3042,3721,3573,3264,1868,3413,3772
"Slpi",168,570,347,351,2577,127,163,346
"Sltm",476,1499,951,1201,1087,755,1889,1243
"Slu7",1319,2654,2436,2674,2624,1265,2799,2628
"Slurp1",1,4,0,1,4,0,1,0
"Slx1b",145,316,345,313,363,154,294,340
"Slx4",673,1175,1147,1270,1192,613,1288,1185
"Slx4ip",99,197,145,180,149,104,219,153
"Smad1",1480,2366,2696,2812,2778,1374,2511,2727
"Smad2",1410,2602,2587,2820,2524,1348,2721,2638
"Smad3",2783,5281,4867,5209,4232,2524,4773,4672
"Smad4",1989,3754,3704,3932,3890,1903,3837,3828
"Smad5",2580,5205,4406,5362,4826,2619,6014,5016
"Smad6",307,472,444,537,414,235,417,422
"Smad7",483,734,555,792,820,474,688,622
"Smad9",81,147,238,200,182,59,195,229
"Smagp",6,9,19,12,8,9,15,19
"Smap1",573,1119,952,1087,1152,645,1136,1096
"Smap2",1368,2458,2514,2562,2380,1229,2338,2374
"Smarca2",1008,1931,1605,2080,1724,1071,2152,1943
"Smarca4",4424,7836,8240,8390,7427,3989,7849,8331
"Smarca5",2818,7882,4963,6401,5492,3708,10490,6550
"Smarca5-ps",1,9,7,7,10,7,8,6
"Smarcad1",381,1191,657,841,840,520,1418,918
"Smarcal1",1063,2021,2155,2202,2074,973,1956,2151
"Smarcb1",2563,4620,4872,4811,5081,2285,4091,4760
"Smarcc1",2646,4823,4678,5273,4671,2646,5928,5013
"Smarcc2",3626,7122,6737,7022,6747,3533,6470,6613
"Smarcd1",829,1598,1440,1541,1539,756,1443,1430
"Smarcd2",1350,2464,2349,2498,2478,1233,2249,2413
"Smarcd3",1516,2651,3001,2876,2422,1493,2597,2855
"Smarce1",3472,5880,6178,6271,5930,3598,6254,6244
"Smc1a",1797,4882,3159,4493,3619,2562,6483,4425
"Smc1b",1,3,1,1,2,2,2,1
"Smc2",654,1481,869,1245,703,692,1766,1157
"Smc2os",2,7,4,2,4,1,5,0
"Smc3",594,1846,1029,1277,1247,852,2033,1357
"Smc4",598,1436,1214,1349,1001,700,1628,1504
"Smc5",558,1588,954,1217,1104,729,1923,1295
"Smc6",571,1606,1215,1276,1199,672,1742,1359
"Smchd1",891,2775,1586,2163,1958,1252,3464,2151
"Smco2",0,0,0,1,1,0,0,1
"Smco3",19,47,65,71,143,19,64,93
"Smco4",166,300,313,304,315,155,273,290
"Smcr8",1400,3093,2741,2653,2832,1339,3093,2556
"Smdt1",1358,2579,3005,2663,2603,1426,2389,2877
"Smek1",812,2004,1293,1773,1525,1052,2538,1744
"Smek2",547,1729,1089,1213,1314,663,1938,1307
"Smg1",1452,4182,2688,3420,3042,1941,5255,3401
"Smg5",2267,4279,4640,4316,4184,2153,4338,4320
"Smg6",1696,3088,3518,3393,2866,1825,3335,3355
"Smg7",1502,2641,2938,2921,2622,1444,3046,2945
"Smg8",982,1843,1731,1767,1812,899,1728,1695
"Smg9",295,536,627,536,660,267,511,554
"Smim1",67,145,178,117,112,81,130,111
"Smim10l1",596,1721,1268,1458,1620,819,2039,1630
"Smim10l2a",2,7,1,2,3,2,4,1
"Smim11",501,936,1114,990,959,528,855,1064
"Smim12",397,776,816,763,819,391,661,782
"Smim13",1088,2056,1799,2093,2133,1111,2270,2003
"Smim14",1875,4339,3720,3635,4999,1916,3262,3618
"Smim15",724,1918,1624,1825,1757,984,2482,1971
"Smim19",567,1112,1174,1067,1230,552,870,1070
"Smim20",237,457,478,450,441,237,431,466
"Smim22",1,9,15,4,13,4,13,4
"Smim24",1,3,2,2,1,0,2,2
"Smim3",766,1316,1389,1389,1544,713,1212,1320
"Smim4",103,252,265,237,256,130,226,275
"Smim5",122,150,306,223,128,149,243,251
"Smim6",18,34,35,25,26,28,51,33
"Smim7",2832,5228,6023,5492,5118,2693,5105,5890
"Smim8",219,418,423,419,391,191,384,420
"Smkr-ps",0,1,0,0,4,0,1,0
"Smn1",680,1182,1266,1332,1177,639,1201,1386
"Smndc1",1432,2464,2687,2591,2598,1481,2434,2581
"Smo",2771,5048,4767,4799,4704,2417,4337,4363
"Smoc1",37,54,139,102,57,58,82,124
"Smoc2",701,710,2040,1596,859,679,1477,1920
"Smox",722,1275,1439,1365,1384,675,1202,1348
"Smpd1",1577,3220,3342,2954,3248,1438,2622,3024
"Smpd2",533,1013,1252,1070,1115,494,961,1167
"Smpd3",20,30,19,31,20,11,27,26
"Smpd4",876,1618,1857,1775,1659,832,1670,1928
"Smpd5",30,37,35,42,45,21,33,33
"Smpdl3a",225,582,755,584,758,191,537,737
"Smpdl3b",458,767,982,944,775,433,800,925
"Smpx",692,964,1781,1178,971,890,1622,1575
"Sms",1432,2371,3077,2909,2842,1570,2822,3115
"Smtn",3663,6161,6445,6707,5323,3316,5783,6264
"Smtnl1",11,23,14,14,13,10,14,8
"Smtnl2",7,8,7,8,25,15,9,2
"Smu1",2468,4539,5080,4705,4660,2298,4276,4807
"Smug1",676,1310,1371,1342,1441,686,1424,1401
"Smurf1",1931,4676,3672,3486,5192,1685,3311,3300
"Smurf2",1560,3535,2839,3368,3433,1751,3732,3306
"Smyd1",1637,2781,3576,2870,2335,1680,3280,3110
"Smyd2",1303,2539,2990,2694,3026,1275,2377,2927
"Smyd3",360,788,700,637,755,321,606,656
"Smyd4",553,981,1044,1074,990,508,948,1035
"Smyd5",786,1514,1586,1485,1553,715,1377,1520
"Snai1",1235,1945,2139,2269,1999,1171,1979,2110
"Snai2",778,2000,1593,2064,1738,1016,2504,2134
"Snai3",15,7,46,26,16,11,25,39
"Snap23",1162,2298,2116,2353,2136,1295,2794,2407
"Snap29",963,1788,1814,1893,1974,902,1791,1903
"Snap47",1938,3526,3886,3584,3209,1753,3173,3453
"Snap91",0,1,2,0,0,0,5,1
"Snapc1",311,655,574,632,757,401,670,623
"Snapc2",718,1376,1335,1269,1379,619,1092,1208
"Snapc3",429,798,1070,895,855,527,973,1070
"Snapc4",367,684,665,690,792,327,717,637
"Snapc5",254,512,504,567,573,281,465,614
"Snapin",1718,3508,4158,3656,3830,1815,3375,4098
"Sncaip",138,247,234,288,181,131,289,273
"Sncg",19,37,38,26,34,25,42,20
"Snd1",6098,11889,10206,10766,11221,4878,9263,9325
"Sned1",55,153,114,144,121,48,200,132
"Snf8",1277,2160,2611,2417,2409,1217,2126,2507
"Snhg1",498,866,919,993,1207,635,984,978
"Snhg10",10,4,25,31,22,8,19,31
"Snhg11",2,7,6,8,9,2,5,10
"Snhg12",320,633,645,615,1301,341,563,603
"Snhg14",11,30,19,30,18,12,34,27
"Snhg17",508,970,1004,1016,1183,568,1049,1019
"Snhg18",381,806,840,823,822,365,646,865
"Snhg20",69,157,230,195,198,89,175,259
"Snhg3",168,265,378,375,313,227,339,422
"Snhg4",137,254,418,413,315,176,410,536
"Snhg5",789,1407,1400,1508,2433,913,1423,1504
"Snhg6",155,245,286,278,245,169,275,305
"Snhg7",46,91,171,139,141,53,161,192
"Snhg8",370,745,909,821,1103,396,703,903
"Snip1",815,1436,1515,1482,1433,697,1329,1439
"Snn",1157,2228,2444,2221,2080,1039,2152,2290
"Snora15",0,3,0,1,2,1,2,1
"Snora16a",16,36,25,37,34,20,41,44
"Snora17",8,6,26,15,22,8,21,36
"Snora20",1,4,0,1,10,6,5,4
"Snora21",7,8,5,11,4,4,6,3
"Snora23",0,5,1,2,4,1,5,1
"Snora28",23,36,20,28,26,27,51,31
"Snora2b",9,24,11,19,21,12,16,16
"Snora3",19,41,36,43,34,23,45,34
"Snora30",0,4,4,0,0,0,1,0
"Snora31",24,49,59,52,40,28,51,64
"Snora33",12,21,19,36,29,16,19,35
"Snora34",2,5,17,17,19,9,21,16
"Snora41",14,33,42,41,38,15,35,44
"Snora43",5,5,26,24,24,3,13,26
"Snora44",11,12,11,18,10,10,18,16
"Snora47",3,2,7,3,1,0,5,6
"Snora52",9,11,18,18,9,12,18,10
"Snora5c",4,10,21,8,6,9,15,16
"Snora61",9,22,35,19,15,9,19,23
"Snora62",3,6,6,5,14,2,4,6
"Snora64",28,34,36,53,49,30,34,28
"Snora65",63,128,106,123,111,58,98,113
"Snora68",9,19,8,19,7,2,9,8
"Snora69",7,3,14,12,6,7,9,13
"Snora70",25,58,45,61,64,27,62,55
"Snora74a",7,10,14,15,12,6,10,13
"Snora75",1,7,2,1,5,0,15,3
"Snora78",0,0,6,0,3,2,2,2
"Snora7a",22,53,44,45,56,25,50,57
"Snora81",18,63,18,47,44,40,68,30
"Snord100",13,26,27,23,30,14,32,18
"Snord104",15,33,50,43,46,19,27,46
"Snord12",14,45,43,43,56,20,34,43
"Snord123",7,5,11,8,6,0,11,13
"Snord15a",1,3,0,1,1,2,0,1
"Snord15b",4,8,9,9,10,6,8,8
"Snord16a",12,25,25,31,21,16,36,20
"Snord17",2,2,1,2,1,2,4,1
"Snord19",1,10,8,4,5,9,8,13
"Snord1b",2,1,5,2,5,2,1,2
"Snord1c",1,8,5,9,3,6,6,6
"Snord2",9,29,10,23,14,6,36,13
"Snord22",11,22,25,31,36,15,35,27
"Snord23",0,2,0,2,1,0,4,1
"Snord32a",6,6,3,6,3,3,1,0
"Snord34",2,2,1,1,2,1,0,1
"Snord35a",3,3,9,2,2,2,3,10
"Snord35b",0,4,3,1,0,1,2,5
"Snord37",1,0,2,4,3,1,4,1
"Snord42a",0,4,1,0,0,2,3,5
"Snord42b",6,22,31,12,21,8,15,18
"Snord43",7,6,4,5,11,9,4,5
"Snord45b",5,27,23,20,15,7,21,24
"Snord47",3,8,7,16,13,6,16,21
"Snord49a",21,40,42,39,39,21,26,38
"Snord49b",3,10,8,7,7,4,11,5
"Snord4a",11,28,27,30,27,8,24,31
"Snord52",21,57,67,53,45,45,71,59
"Snord53",0,0,1,1,0,0,1,0
"Snord55",9,15,13,19,13,6,19,16
"Snord57",0,1,0,1,0,0,0,1
"Snord58b",8,11,7,11,8,10,12,13
"Snord64",1,0,0,0,0,1,1,0
"Snord65",9,6,3,9,4,5,6,9
"Snord68",0,2,1,1,2,2,3,2
"Snord69",8,21,9,23,19,11,23,11
"Snord70",1,0,1,2,0,0,1,1
"Snord71",2,1,2,2,1,2,1,1
"Snord72",17,31,29,39,22,42,31,42
"Snord73a",9,9,8,5,12,15,15,10
"Snord8",0,5,3,1,2,1,2,0
"Snord83b",7,15,19,19,15,9,17,10
"Snord87",3,8,5,11,8,2,11,5
"Snord88a",1,0,2,3,1,0,3,2
"Snord88c",2,1,9,2,3,1,7,9
"Snord89",6,4,12,6,15,5,6,10
"Snord91a",5,20,13,16,14,4,27,13
"Snord93",1,1,0,1,0,1,2,1
"Snord95",17,24,21,26,28,20,20,18
"Snord96a",163,253,323,311,292,164,246,307
"Snord98",1,4,2,2,0,3,3,1
"Snord99",8,21,32,23,23,11,27,31
"Snph",3,1,1,3,1,0,0,1
"Snrk",814,1409,1397,1462,1310,717,1448,1338
"Snrnp200",3622,7422,7366,7336,7116,3038,6944,7207
"Snrnp25",251,466,546,456,484,271,436,446
"Snrnp27",888,1754,2047,1893,1881,1030,1689,2104
"Snrnp35",223,455,439,404,485,248,437,408
"Snrnp40",1096,1724,2040,1991,1831,1041,1704,1903
"Snrnp48",195,480,370,468,404,323,646,493
"Snrnp70",3113,6099,6484,6344,5994,3182,6430,6455
"Snrpa",1355,1922,2226,2148,1844,1235,1879,2007
"Snrpa1",856,1434,1714,1668,1485,860,1493,1721
"Snrpb",3342,5811,6627,6390,6505,3157,5654,6412
"Snrpb2",1137,1918,2095,2438,2134,1240,2306,2457
"Snrpc",1461,2228,2652,2439,2333,1446,2221,2467
"Snrpd1",1526,2565,3082,3098,2786,1569,2693,3102
"Snrpd2",1251,2109,2407,2365,2331,1272,1949,2402
"Snrpd3",1695,2941,3538,3396,3347,1702,2868,3504
"Snrpe",1257,2346,2542,2551,2355,1394,2285,2670
"Snrpf",558,1,3,5,2,575,1,1
"Snrpg",988,1893,2137,1953,2066,968,1728,2002
"Snrpn",3,9,4,5,5,6,7,8
"Snta1",1288,2531,2755,2411,2386,1255,2205,2560
"Sntb1",281,739,586,728,589,390,1092,784
"Sntb2",488,1108,885,1052,925,412,1174,938
"Snupn",249,554,549,494,535,282,519,539
"Snw1",4524,8554,9998,9341,10005,4301,8541,9629
"Snx1",4549,8754,9785,9044,9416,4337,8089,9304
"Snx10",357,875,805,799,922,434,984,845
"Snx11",629,1172,1558,1260,1293,637,1365,1491
"Snx12",1675,3041,3300,3164,3293,1543,2759,3129
"Snx13",786,2604,1428,1738,1743,1096,2931,1789
"Snx14",834,1696,1475,1761,1657,839,1765,1639
"Snx15",533,948,1014,999,961,513,879,975
"Snx16",245,552,440,510,493,241,627,500
"Snx17",2498,4541,5449,4828,4964,2270,4266,5100
"Snx18",3093,7443,5645,6049,7646,3151,5890,5591
"Snx19",1268,2525,2514,2486,2590,1209,2328,2468
"Snx2",1440,3154,2661,3197,3220,1668,3470,3120
"Snx20",0,1,3,2,0,1,0,2
"Snx21",556,1058,1060,1010,1082,473,938,971
"Snx22",79,117,211,195,110,92,193,230
"Snx24",637,1140,1060,1288,1439,646,1255,1241
"Snx25",728,1357,1177,1392,1380,626,1224,1301
"Snx27",1911,3548,3549,3730,3509,1776,3916,3617
"Snx29",71,194,187,140,229,56,139,135
"Snx3",3636,6757,6669,6678,6539,3600,6099,6597
"Snx30",363,863,800,778,892,378,812,764
"Snx32",103,260,210,176,168,113,208,170
"Snx33",835,1952,1753,1746,1998,759,1519,1778
"Snx4",2521,4632,5404,5178,4854,2553,5217,5405
"Snx5",3230,5973,5754,6209,5975,3087,6152,6047
"Snx6",2721,5465,5175,5590,5427,2617,5224,5566
"Snx7",2234,4108,5253,4558,4612,2369,4736,5159
"Snx8",718,1398,1540,1382,1415,650,1366,1509
"Snx9",2580,4970,4918,5147,5900,2334,4769,4952
"Soat1",2288,4076,3922,4180,4675,2146,3878,3911
"Soat2",3,2,0,3,5,2,1,3
"Sobp",120,291,310,296,200,139,336,328
"Socs1",87,207,191,169,195,92,177,184
"Socs2",1557,2562,2631,3075,2365,1782,3345,3172
"Socs3",1359,3177,2206,2279,4463,1330,2094,1868
"Socs4",119,338,211,244,253,138,375,243
"Socs5",2060,3990,3769,4163,4020,2030,4045,3943
"Socs6",574,1065,933,972,952,612,1303,939
"Socs7",956,1902,1947,1807,1697,871,1978,1814
"Sod1",2503,4856,5811,5142,5743,2425,4378,5394
"Sod2",1602,4464,4164,3358,8914,1752,3332,4020
"Sod3",5247,8049,8817,8599,10156,5172,7845,8011
"Soga1",2878,5671,4484,5290,4882,2489,4878,4484
"Soga3",32,100,40,72,63,54,99,67
"Sohlh2",46,76,111,95,70,39,94,97
"Son",4489,10504,8292,10188,9181,5533,12757,10179
"Sorbs1",1551,3335,3524,3283,2837,1962,4275,3486
"Sorbs2",1737,5075,3536,3973,3951,2293,4954,4223
"Sorbs2os",1,5,7,6,8,14,13,7
"Sorbs3",1832,3572,3582,3666,3404,1578,3001,3456
"Sorcs1",51,116,82,134,84,26,107,108
"Sorcs2",2334,5069,4325,4214,3874,2212,4135,4045
"Sord",1177,2405,2797,2387,2673,999,1986,2570
"Sorl1",4,1,3,5,1,1,3,2
"Sort1",291,552,841,587,495,317,697,712
"Sos1",560,1741,1171,1270,1262,912,2068,1402
"Sos2",512,1372,1014,1159,1191,720,1626,1227
"Sost",2,0,2,1,1,3,1,1
"Sowaha",0,0,0,0,1,2,0,2
"Sowahb",0,3,1,0,1,0,5,0
"Sowahc",162,444,309,389,406,268,568,399
"Sox10",2,0,0,2,1,0,0,0
"Sox11",2231,4735,3820,4213,3570,3252,6268,4296
"Sox12",145,284,371,356,334,132,286,395
"Sox13",50,141,90,87,84,60,106,89
"Sox15",1,1,0,1,1,0,1,0
"Sox18",12,11,15,18,12,8,14,14
"Sox30",1,1,1,3,11,0,3,2
"Sox4",1067,2511,1679,2101,2099,1050,2432,1804
"Sox5",39,131,67,103,126,34,90,98
"Sox6",3,4,2,6,2,3,4,6
"Sox8",725,1009,1331,1427,706,710,1293,1396
"Sox9",1010,1983,1084,1616,1541,978,1522,1224
"Sp1",2493,6046,3843,5516,5240,3163,6557,5044
"Sp100",84,129,98,130,147,105,134,91
"Sp140",5,5,7,12,8,5,14,9
"Sp2",442,753,663,734,709,391,672,636
"Sp3",1005,3043,1722,2384,2224,1340,3666,2390
"Sp3os",42,59,64,74,81,30,44,52
"Sp4",115,339,177,233,234,157,384,208
"Sp6",178,295,309,315,297,163,307,316
"Sp7",7,6,7,9,5,3,11,6
"Sp8",17,45,31,28,28,13,40,23
"Sp9",1,4,6,2,5,0,6,3
"Spa17",13,17,26,22,23,14,28,15
"Spaca4",2,2,0,2,1,0,3,1
"Spaca5",0,0,1,0,0,0,1,1
"Spaca6",39,87,96,76,92,68,155,96
"Spag1",109,203,165,199,192,97,265,162
"Spag16",1,1,0,0,0,0,1,0
"Spag17",3,7,5,4,5,4,5,2
"Spag4",23,39,50,48,47,11,35,45
"Spag5",1327,1740,1714,2186,1420,1089,2028,1759
"Spag6l",6,14,11,12,15,5,12,16
"Spag7",1133,2035,2350,2253,2193,1202,2068,2272
"Spag8",1,2,7,8,7,1,5,6
"Spag9",2659,8573,5446,6642,7023,3963,9772,6767
"Sparc",141750,229697,261238,264274,208514,144669,243260,258434
"Sparcl1",19,21,50,46,23,12,32,52
"Spast",1061,2175,1923,2237,2160,1249,2678,2291
"Spata1",24,60,42,48,53,39,65,49
"Spata13",609,824,634,898,668,465,849,637
"Spata17",1,2,1,2,2,3,2,4
"Spata18",2,2,0,3,1,1,1,1
"Spata2",791,1504,1421,1413,1579,766,1297,1356
"Spata20",5,6,3,9,6,3,6,6
"Spata21",0,1,2,0,1,0,1,0
"Spata22",0,1,1,0,0,1,2,2
"Spata24",95,165,204,202,170,81,168,232
"Spata25",1,1,3,1,3,3,2,2
"Spata2l",35,67,89,64,76,28,65,61
"Spata33",13,27,22,24,20,10,28,21
"Spata4",0,6,1,0,1,0,1,2
"Spata45",3,2,1,3,1,1,1,2
"Spata5",672,1149,1257,1282,1292,661,1220,1253
"Spata5l1",89,131,155,157,176,70,139,157
"Spata6",788,1455,1408,1633,1424,825,1563,1527
"Spata7",201,411,408,406,453,203,440,399
"Spata9",12,26,16,18,26,7,28,16
"Spatc1",0,0,1,1,3,1,0,2
"Spats1",2,1,1,4,4,3,2,3
"Spats2",1650,2805,2931,2858,2600,1544,2781,2830
"Spats2l",791,1176,2647,2401,1189,1038,2533,3035
"Spc24",658,666,837,1022,514,523,866,834
"Spc25",1089,1462,1397,1880,1211,988,1792,1590
"Spcs1",3806,7784,8551,7425,7802,4023,7189,8172
"Spcs2",2360,5785,4599,4407,5992,2262,3858,4341
"Spcs3",3075,6970,5363,6420,6858,3107,7013,6279
"Spdef",1,5,4,7,4,0,5,7
"Spdl1",271,470,280,482,348,312,590,383
"Spdya",3,10,8,7,6,9,12,11
"Specc1",1945,3683,3197,3444,3081,1810,3770,3163
"Specc1l",3143,5763,6074,6346,5510,3094,6044,6131
"Speer3",0,0,2,1,0,1,0,1
"Speer4a",0,1,0,0,5,0,0,1
"Speer4e",0,2,3,2,3,0,1,5
"Spef1",338,611,453,532,723,298,500,459
"Speg",1334,2631,2566,2598,2280,1168,2761,2531
"Spem1",2,1,1,2,3,0,0,1
"Spen",1234,2913,2112,2322,2504,1164,2555,2115
"Spg11",578,1411,1180,1196,1343,625,1303,1200
"Spg20",2519,4780,5470,5149,4720,2324,5022,5265
"Spg21",2498,5249,5227,4942,6180,2323,4214,4905
"Spg7",1515,2899,2917,2754,2745,1286,2650,2673
"Sphk1",778,1791,1474,1375,2334,704,1285,1365
"Sphk2",585,1125,1259,1136,1060,517,1032,1189
"Spi1",1,5,3,1,3,1,3,0
"Spib",1,0,5,1,1,1,1,2
"Spice1",374,823,680,819,832,448,805,798
"Spidr",633,1326,676,1078,1322,610,943,813
"Spin1",2841,4884,4985,5294,4793,2668,5088,4966
"Spin2c",13,10,15,19,7,10,16,11
"Spin4",55,199,101,138,141,80,227,138
"Spink10",1,5,1,1,1,2,0,2
"Spink13",0,1,1,0,1,0,0,0
"Spink4",1,1,11,4,3,0,2,6
"Spink5",1,1,0,1,6,0,0,0
"Spink8",1,1,2,1,1,0,2,1
"Spint1",185,307,320,349,396,135,220,330
"Spint2",1,1,14,3,1,4,12,9
"Spire1",1954,4031,3561,3924,4033,2170,4538,3988
"Spire2",135,202,304,232,167,124,272,245
"Spn",542,972,956,982,1035,512,890,880
"Spns1",628,1324,1197,1154,1347,600,1107,1175
"Spns2",23,30,46,45,25,17,32,37
"Spns3",1,1,1,1,2,1,2,2
"Spock1",21,19,57,51,31,9,33,57
"Spock2",1687,2821,3109,3262,2379,1339,2889,2959
"Spon1",3,6,11,9,7,4,14,11
"Spon2",2594,3858,4390,5183,2670,1797,3716,4273
"Spop",3030,6350,6119,6646,7279,3907,7534,6751
"Spopl",240,683,520,592,568,300,769,636
"Spp1",32314,68498,63874,71318,88370,28037,57175,70043
"Sppl2a",1963,5178,3388,4046,3820,2835,6056,4017
"Sppl2b",637,1250,1255,1156,1211,538,1150,1133
"Sppl3",1852,3575,3538,3505,3917,1706,3152,3310
"Spr",432,969,877,789,1125,409,763,842
"Spred1",1439,3676,2368,3327,3121,1722,3871,3088
"Spred2",1026,1833,1606,1767,1831,938,1857,1528
"Spred3",160,296,274,280,276,144,268,258
"Sprn",2,0,0,2,0,0,0,1
"Sprr1a",87,149,96,136,218,111,107,86
"Sprr2e",1,3,0,1,11,0,2,0
"Sprr2g",2,12,6,6,41,3,5,6
"Sprr2h",0,1,2,0,24,0,0,0
"Sprr2j-ps",0,0,0,1,5,0,0,1
"Sprr2k",13,10,4,16,8,15,11,6
"Sprr3",3,6,0,3,1,3,5,0
"Sprtn",464,850,768,843,770,410,926,761
"Spry1",588,1018,987,916,1030,667,937,997
"Spry2",2474,4020,3839,4267,3458,2211,3893,3739
"Spry4",156,272,212,268,247,144,240,210
"Spryd3",1539,3126,3164,2948,2966,1406,2714,3044
"Spryd4",343,641,906,684,746,398,717,819
"Spryd7",334,604,735,674,688,360,659,738
"Spsb1",1256,2875,2184,2099,3044,1440,2151,1999
"Spsb2",455,886,1074,884,914,414,817,976
"Spsb3",605,1006,1092,1036,1025,535,936,1021
"Spsb4",38,74,44,58,66,41,50,45
"Spta1",21,32,30,31,36,36,54,25
"Sptan1",10953,21318,19755,20440,18229,9751,20442,18867
"Sptb",32,51,53,54,45,24,53,55
"Sptbn1",10833,21937,17744,21231,19194,10843,22885,19131
"Sptbn2",80,151,138,146,111,83,196,154
"Sptbn4",9,19,13,16,13,12,24,18
"Sptlc1",1332,2627,2453,2451,2901,1203,2203,2347
"Sptlc2",1794,4154,3914,3638,5352,1814,3424,3732
"Sptssa",1890,2945,2926,3246,3317,1773,2834,3230
"Spty2d1",922,2263,1717,2066,2072,1153,2529,2053
"Spx",4,25,11,17,12,10,23,15
"Sqle",3865,8457,7047,7332,8775,3640,7023,6748
"Sqrdl",636,1440,1251,1244,2721,530,1035,1200
"Sqstm1",12045,31492,29751,24365,38506,11563,22438,26765
"Sra1",1231,2363,2571,2334,2694,1309,2220,2417
"Srbd1",541,984,942,1047,983,500,1041,1038
"Src",1320,2487,2429,2449,2719,1247,2232,2266
"Srcap",1855,3702,3094,3355,3217,1745,3492,3068
"Srd5a1",145,166,153,231,182,116,172,160
"Srd5a2",0,1,1,0,2,0,1,0
"Srd5a3",434,961,850,802,1079,431,733,789
"Srebf1",2406,4333,4102,4074,4391,2199,3784,3703
"Srebf2",9316,17857,15773,16515,15210,7828,15029,14839
"Srek1",547,1476,889,1197,1130,810,1832,1156
"Srek1ip1",431,882,853,965,818,566,1074,998
"Srf",1987,3469,4074,4013,3191,1897,3626,3985
"Srfbp1",763,1325,1268,1506,1545,739,1322,1424
"Srgap1",54,84,171,100,131,57,136,152
"Srgap2",1234,2008,2324,2477,2018,1129,2389,2436
"Srgap3",1045,2454,2532,2372,2669,999,2443,2496
"Srgn",27,88,97,82,134,27,81,103
"Sri",1423,2493,2739,2880,2836,1460,2637,2748
"Srl",6134,11228,15345,11881,8686,6181,14428,13528
"Srm",1365,2447,2890,2663,3093,1363,2244,2757
"Srp14",2484,4991,5678,4934,5328,2530,4521,5278
"Srp19",1103,1966,1978,2185,2196,1267,2172,2213
"Srp54a",67,195,149,200,168,79,276,209
"Srp54b",279,626,422,604,457,301,781,504
"Srp68",3173,5980,6172,6099,6010,3059,5546,6105
"Srp72",3680,6793,6775,7566,6842,3682,7388,7188
"Srp9",1971,3382,3608,3572,3786,1968,3310,3743
"Srpk1",1012,1831,1900,1934,1993,950,2014,1862
"Srpk2",1208,2775,2251,2661,2695,1505,3288,2632
"Srpk3",241,468,614,448,400,294,547,579
"Srpr",5912,11148,10968,10687,11648,5416,9747,10602
"Srprb",1962,4236,4177,3719,4596,1767,3490,3859
"Srpx",5,11,2,14,3,5,9,14
"Srpx2",5222,9098,12056,10948,8062,5006,9847,11591
"Srr",399,693,649,700,730,408,687,675
"Srrd",138,219,295,224,263,139,210,236
"Srrm1",2918,5361,5545,5921,5428,3051,5899,5997
"Srrm2",6528,14288,9591,12402,11712,7022,14972,10891
"Srrm3",1,3,0,2,3,2,1,1
"Srrm4",2,4,1,4,2,4,8,9
"Srrm4os",34,47,46,37,49,59,53,47
"Srrt",2627,4459,4695,4769,4396,2516,4619,4498
"Srsf1",5196,9190,9352,10861,8545,5363,12005,10711
"Srsf10",1671,3922,2889,3773,3302,2467,5155,3865
"Srsf11",1569,3114,3243,3559,3126,1843,4042,3758
"Srsf12",3,3,4,5,2,1,2,4
"Srsf2",5973,8880,12305,11625,9693,5553,10656,12221
"Srsf3",6982,9537,11282,11778,10565,6663,11002,11649
"Srsf4",416,602,538,641,602,386,576,573
"Srsf5",5925,11092,7310,10005,10316,6714,11124,8058
"Srsf6",5913,10888,9279,11045,10279,6369,11504,10232
"Srsf7",3164,5338,5622,6241,5618,3140,5816,5962
"Srsf9",1293,2054,2410,2487,2241,1208,2067,2415
"Srxn1",811,2020,1492,1508,2784,689,1260,1463
"Ss18",1540,2654,2552,2969,2702,1460,2856,2772
"Ss18l1",140,271,340,343,322,166,331,385
"Ssb",1397,3984,3065,3571,3000,2284,5370,4078
"Ssbp1",674,1290,1556,1382,1353,795,1451,1509
"Ssbp2",1478,3348,3305,3202,3332,1391,2916,3335
"Ssbp3",3067,5572,6149,5929,5615,2991,5679,5871
"Ssbp4",917,1672,1646,1612,1791,773,1494,1619
"Ssc4d",29,70,63,54,43,32,56,52
"Ssc5d",2598,4949,4033,4609,3810,2302,3970,4038
"Ssfa2",682,1642,1376,1550,1529,742,1653,1573
"Ssh1",259,547,414,451,436,170,488,381
"Ssh2",496,1088,957,975,976,535,1307,1017
"Ssh3",31,81,82,76,99,35,82,77
"Ssmem1",2,2,5,4,2,0,2,5
"Ssna1",1074,1816,2272,2042,2121,1057,1845,2076
"Sspn",2141,3637,3492,3861,3143,2008,3642,3489
"Sspo",6,11,7,10,15,3,5,8
"Ssr1",8274,15721,15894,17033,17360,7813,16265,17149
"Ssr2",3610,6148,7198,6996,6428,3351,5617,7027
"Ssr3",15338,28384,29596,30754,27983,14177,30433,30716
"Ssr4",1935,4007,4526,3997,4722,2073,3613,4314
"Ssrp1",5457,8915,9961,10287,9610,4807,8999,9630
"Sssca1",345,639,768,695,688,339,592,713
"Sstr2",6,2,8,9,1,2,3,4
"Sstr5",0,0,0,1,7,0,1,0
"Ssu2",3,11,13,7,8,11,12,17
"Ssu72",1498,2938,3536,2935,3257,1573,2762,3263
"Ssx2ip",859,1606,1739,1791,1555,970,2144,1925
"St13",6872,14089,13595,13628,13261,7007,14361,13576
"St14",1,1,3,3,1,1,2,2
"St18",5,6,8,9,10,1,11,8
"St3gal1",2183,4663,3633,3920,3687,1974,3652,3459
"St3gal2",2502,5160,4679,4853,5623,2229,4326,4528
"St3gal3",914,1991,1832,1682,1701,987,1583,1698
"St3gal4",1738,2942,3180,3195,2828,1490,2544,3140
"St3gal5",3240,5898,6705,6236,5429,3248,6100,6485
"St3gal6",21,20,23,33,25,22,24,41
"St5",2992,5398,5542,5634,4789,2803,5095,5241
"St6gal1",362,884,898,771,1080,387,819,841
"St6galnac2",27,48,37,44,42,26,48,43
"St6galnac4",2061,3747,4499,3890,3799,1987,3825,4100
"St6galnac6",1524,2896,3368,3108,3086,1437,2501,3167
"St7",304,567,568,620,721,291,548,603
"St7l",586,1346,1203,1167,1582,537,1229,1222
"St8sia1",0,0,0,1,1,1,0,1
"St8sia2",446,711,1045,931,512,464,1060,1012
"St8sia4",7,8,6,12,1,2,11,7
"St8sia5",1,0,0,1,0,1,0,0
"Stab1",11,13,14,18,10,11,15,20
"Stab2",33,67,47,54,45,29,60,41
"Stac",40,47,44,55,53,47,55,37
"Stac2",2259,5671,4321,4195,5827,2072,3805,4046
"Stac3",720,1401,1688,1406,1135,735,1414,1601
"Stag1",857,2513,1606,2275,2021,1107,3140,2285
"Stag2",815,2767,1691,1882,1908,899,3193,2147
"Stag3",0,1,0,1,2,0,1,2
"Stam",1806,4111,3479,4126,3560,2049,4959,4218
"Stam2",1496,2914,2805,2881,2870,1439,3193,2881
"Stambp",610,1234,1283,1241,1348,609,1212,1309
"Stambpl1",616,1154,1236,1165,1290,625,1152,1213
"Stamos",12,30,28,26,30,15,36,27
"Stap1",1,0,1,1,1,0,0,0
"Stap2",84,195,158,148,198,96,157,137
"Star",83,168,212,185,190,92,208,199
"Stard10",485,1112,1066,894,857,534,832,942
"Stard13",1806,3110,3291,3690,2677,1901,3904,3599
"Stard3",606,1110,1104,1111,1160,520,953,1030
"Stard3nl",585,1210,1117,1136,1426,586,947,1110
"Stard4",549,1032,896,1059,891,447,1061,924
"Stard5",347,858,762,698,1389,301,571,688
"Stard6",12,22,12,21,22,9,23,25
"Stard7",2239,3846,4668,4421,3828,1999,4083,4613
"Stard8",13,19,17,16,16,15,22,12
"Stat1",1147,1877,1737,2113,1983,1206,1956,1800
"Stat2",655,1498,1521,1349,1918,730,1367,1469
"Stat3",4777,10553,11258,10111,12576,4511,9508,10789
"Stat4",1,1,1,2,0,0,0,1
"Stat5a",1003,1688,2322,2048,1905,954,1962,2213
"Stat5b",1315,2203,2751,2491,2087,1211,2418,2587
"Stat6",25,35,46,34,37,15,38,21
"Stau1",4360,7579,8394,8575,8192,4061,7728,8432
"Stau2",464,869,759,849,807,500,1028,790
"Stbd1",1262,2727,2508,2483,2777,1170,2095,2478
"Stc1",46,116,50,78,75,46,82,51
"Stc2",129,294,320,240,468,165,265,264
"Steap1",422,799,961,821,1333,382,717,781
"Steap2",1551,3156,3270,3602,3987,1590,3666,3645
"Steap3",1504,3929,3370,3002,4369,1228,2501,3089
"Steap4",153,784,344,295,908,222,362,348
"Stil",353,529,342,617,447,329,687,474
"Stim1",635,1254,1214,1200,1124,606,1220,1254
"Stim2",1438,2894,2270,2811,2458,1765,3108,2656
"Stip1",6155,10892,12323,11494,11387,5862,10656,11581
"Stk10",440,922,818,835,981,418,767,748
"Stk11",2519,4816,5334,4890,4955,2442,4465,4942
"Stk11ip",750,1430,1764,1395,1532,771,1503,1537
"Stk16",1373,2527,2815,2584,2551,1289,2322,2588
"Stk17b",5537,10671,9192,10643,8112,7039,14865,10755
"Stk19",260,549,525,477,648,271,477,472
"Stk24",1978,4512,3542,3854,6089,1634,3284,3597
"Stk25",3279,5671,6664,6118,5569,3209,5633,6255
"Stk3",545,1639,947,1254,1212,794,1829,1248
"Stk32a",22,50,30,43,33,31,56,45
"Stk32b",3,12,8,6,7,5,16,5
"Stk32c",7,8,11,14,5,8,12,11
"Stk33",0,2,6,1,1,1,4,5
"Stk35",493,928,804,861,861,430,955,770
"Stk36",284,679,624,528,550,312,621,547
"Stk38",1648,3040,3063,3353,3045,1700,3473,3323
"Stk38l",607,1237,1145,1191,1393,670,1187,1226
"Stk39",310,632,689,718,785,350,705,740
"Stk4",1050,1866,1868,1984,1926,980,1970,1846
"Stk40",354,687,713,708,749,338,700,728
"Stkld1",6,5,7,10,9,6,10,6
"Stmn1",3438,3764,3744,4527,3104,2910,3836,3881
"Stmn2",2499,4452,3509,4242,3668,2528,3634,3520
"Stmn3",1,0,0,1,0,0,0,1
"Stmn4",35,114,67,70,80,51,58,60
"Stmnd1",18,38,45,31,33,12,37,27
"Stom",5228,12824,12665,10061,13398,4938,10304,10861
"Stoml1",680,1390,1944,1602,1886,646,1343,1804
"Stoml2",1152,2239,2535,2251,2435,1208,2066,2301
"Ston1",1139,2242,2216,2364,2136,880,2222,2215
"Ston2",846,2115,1448,1793,1763,1042,2231,1678
"Stox1",0,1,1,0,0,0,1,0
"Stox2",6,16,5,12,12,8,14,11
"Stpg1",0,1,1,0,0,0,1,0
"Stra13",208,425,401,371,427,214,336,347
"Stra6",82,86,106,129,52,57,120,93
"Stra6l",0,2,0,0,1,0,3,1
"Stra8",0,1,2,0,0,1,1,0
"Strada",519,1055,1289,1083,1055,623,1038,1203
"Stradb",509,975,1040,899,999,519,936,978
"Strap",4795,8640,9857,9781,9287,4524,9976,10302
"Strbp",90,278,111,181,220,162,281,176
"Strip1",2019,3609,4176,3897,3811,1769,3545,3881
"Strip2",170,285,178,260,173,164,277,175
"Strn",285,708,482,630,562,324,804,566
"Strn3",2170,5949,4397,4921,4353,3132,8054,5269
"Strn4",1728,3338,3372,3237,3273,1638,2937,3299
"Stt3a",7185,13296,13885,13797,14430,6651,12330,13317
"Stt3b",3622,6719,6163,6793,7047,3184,6263,6298
"Stub1",1233,1978,2059,1955,2126,1091,1737,1874
"Stx11",391,621,816,739,754,379,659,782
"Stx12",2428,4540,5051,4777,4917,2390,4571,4882
"Stx16",1161,2351,2326,2478,2162,1335,2864,2513
"Stx17",508,1222,891,1116,987,637,1435,1144
"Stx18",645,1234,1225,1190,1342,612,1118,1172
"Stx19",0,0,0,1,0,1,0,1
"Stx1a",152,252,289,282,341,167,262,264
"Stx1b",5,11,9,9,5,1,15,9
"Stx2",1011,1758,1729,1803,1806,889,1664,1669
"Stx3",255,512,450,484,580,238,506,529
"Stx4a",1276,2437,2649,2507,2529,1247,2264,2580
"Stx5a",912,1946,1889,1865,2039,906,1643,1830
"Stx6",1534,2807,3140,3093,2956,1365,2603,3084
"Stx7",1933,3869,3632,3823,3768,1860,3678,3787
"Stx8",472,1003,1066,942,1213,494,855,980
"Stxbp1",1481,2967,2795,2870,3057,1356,2522,2720
"Stxbp2",302,643,560,591,739,325,526,537
"Stxbp3",721,1743,1359,1784,1638,901,2085,1761
"Stxbp3-ps",0,3,0,0,0,1,0,2
"Stxbp4",391,921,615,822,800,421,1018,763
"Stxbp5",392,1022,769,844,981,524,1145,855
"Stxbp6",1,0,2,2,1,1,0,1
"Styk1",7,13,18,11,12,6,11,8
"Styx",103,237,175,194,173,175,310,205
"Styxl1",1,3,1,3,3,1,4,5
"Sub1",1730,3312,3318,3627,3608,1818,3508,3620
"Sucla2",2392,4261,5006,4787,4282,2332,5056,5080
"Suclg1",2102,3687,4567,4155,3695,2093,3765,4375
"Suclg2",1143,1853,2185,2278,2247,1046,2014,2212
"Sucnr1",14,19,17,24,26,22,29,16
"Suco",430,1558,819,1015,1082,602,1742,1039
"Suds3",2096,4361,4271,3891,4332,2128,3554,3947
"Sufu",963,1804,1813,1817,1821,921,1568,1696
"Sugct",27,67,71,73,50,21,79,85
"Sugp1",1001,1874,1928,1851,1849,903,1649,1810
"Sugp2",511,972,937,939,801,513,959,879
"Sugt1",2010,3578,3749,3823,3727,1904,3640,3674
"Sulf1",3752,8393,6314,7123,10807,3686,7459,6542
"Sulf2",3987,7934,9116,9497,7612,2844,6800,9318
"Sult1a1",0,0,0,2,0,1,1,3
"Sult2b1",11,16,25,21,13,16,33,25
"Sult5a1",1,7,2,3,5,2,4,3
"Sult6b1",3,5,12,8,7,11,4,8
"Sumf1",1781,3681,3958,3648,4318,1622,3108,3770
"Sumf2",577,1120,1362,1215,1323,547,1021,1329
"Sumo1",2937,4206,4647,4785,4544,2944,4587,4746
"Sumo2",3677,5126,5784,6005,5481,3402,5130,5962
"Sumo3",3072,5840,6898,6148,6768,3087,5489,6548
"Sun1",3107,6058,6448,6325,6258,2826,5644,6255
"Sun2",4949,8930,9743,9406,9338,4251,8115,9164
"Suox",1551,3139,3719,2874,2924,1450,3016,3258
"Supt16",1808,3898,3052,4067,3388,2129,5042,3958
"Supt20",704,1367,1164,1447,1186,705,1548,1428
"Supt3",409,814,697,715,795,394,658,635
"Supt4a",1064,2091,2377,2022,2231,1087,1712,2048
"Supt5",3588,6922,6949,6648,6440,3168,6367,6408
"Supt6",3812,7488,7905,7803,7025,3467,8010,7911
"Supt7l",617,1135,1195,1165,1197,636,1125,1228
"Supv3l1",792,1343,1574,1459,1351,646,1294,1446
"Surf1",558,1088,1302,1125,1268,599,1002,1185
"Surf2",407,654,708,646,830,438,672,748
"Surf4",10232,20095,19939,19249,21105,9503,17000,19240
"Surf6",603,1126,1107,1131,1126,550,1057,1081
"Susd1",93,301,137,150,422,90,138,130
"Susd2",64,78,104,132,62,34,94,118
"Susd3",2,6,7,4,4,4,6,3
"Susd4",20,43,24,38,24,15,36,29
"Susd5",373,722,772,699,603,416,810,759
"Susd6",6112,13794,13984,12288,15841,5850,12633,12978
"Suv39h1",1156,1752,1972,2066,1671,997,1867,1859
"Suv39h2",163,242,234,286,210,176,311,249
"Suv420h1",695,1818,1133,1477,1563,967,2174,1434
"Suv420h2",259,429,472,486,399,259,467,470
"Suz12",755,2262,1147,1601,1477,988,2648,1549
"Sv2a",25,48,65,53,64,23,66,68
"Sv2b",59,169,158,125,181,77,124,121
"Svep1",1068,3459,2015,2280,4238,732,1844,2037
"Svil",3641,7265,7654,7847,6226,3742,8642,7898
"Svip",21,30,25,34,16,14,33,25
"Svop",0,0,0,1,0,0,1,2
"Swap70",871,2363,2097,1999,2497,931,1991,2185
"Swi5",3768,6714,6896,7077,6826,3690,6014,6728
"Swsap1",155,278,357,280,351,133,240,316
"Swt1",115,319,237,281,266,157,371,325
"Syap1",1431,3580,2615,3328,2886,1866,4475,3454
"Sybu",4,15,15,12,15,11,16,12
"Syce2",23,30,32,41,33,12,23,28
"Sycp1",5,40,19,22,15,21,48,19
"Sycp3",11,22,17,15,18,20,23,14
"Syde1",1478,2881,2986,2849,3311,1401,2733,2828
"Syde2",88,146,133,160,125,98,182,155
"Syf2",1265,2283,2675,2450,3028,1274,2218,2614
"Syk",448,705,578,732,590,331,607,520
"Sympk",1984,3895,3377,3485,3756,1654,3205,3208
"Syn1",316,616,419,505,559,282,471,418
"Syn2",29,67,55,57,77,32,57,55
"Syn3",31,59,49,50,62,32,54,42
"Syna",6,10,9,13,8,4,11,14
"Sync",1405,2406,2437,2510,1976,1400,2612,2410
"Syncrip",3480,8385,6619,7869,7304,4406,10590,8175
"Syne1",850,2253,1841,1976,1724,1171,2740,2127
"Syne2",467,1277,566,893,915,474,1175,693
"Syne3",749,1527,1332,1443,1279,498,1352,1233
"Syne4",0,3,1,3,0,1,7,4
"Syngap1",291,688,472,538,550,273,603,441
"Syngr1",83,180,140,128,183,76,129,131
"Syngr2",1786,3199,3493,2993,3180,1727,2891,3132
"Syngr3",20,24,15,32,38,7,25,21
"Syngr4",2,3,7,3,4,4,4,5
"Synj1",500,1132,822,1019,968,527,1250,990
"Synj2",2406,5094,5066,4764,4674,2382,4862,4756
"Synj2bp",692,1720,1354,1615,1592,981,2124,1726
"Synm",65,145,90,143,111,74,182,136
"Synpo",2896,5449,3931,4820,4440,2496,4257,3630
"Synpo2",2363,4399,4705,4148,3441,2335,4950,4326
"Synpo2l",5317,9321,11326,8985,7477,5799,10652,10240
"Synpr",14,32,25,28,26,16,55,45
"Synrg",880,1751,1584,1725,1554,932,1944,1698
"Syp",7,11,21,14,12,6,14,14
"Sypl",3032,6696,6177,6647,6334,3553,7905,6990
"Sypl2",20,31,64,49,37,31,57,72
"Sys1",509,901,965,958,1075,497,811,896
"Syt1",1,6,0,4,3,0,4,2
"Syt11",293,532,558,572,566,319,536,553
"Syt12",336,406,788,540,500,326,619,628
"Syt13",2553,4143,4210,4581,4278,2240,4032,4010
"Syt15",2,2,2,3,4,1,4,1
"Syt16",0,1,1,0,0,1,1,1
"Syt17",384,752,743,698,892,373,610,695
"Syt3",2,1,2,4,1,3,1,2
"Syt4",0,0,0,2,1,0,0,2
"Syt5",6,8,5,7,16,4,7,4
"Syt6",19,14,23,28,30,9,17,25
"Syt7",30,54,49,52,69,24,40,49
"Syt8",174,210,291,271,179,180,286,252
"Sytl1",93,214,211,168,143,93,193,167
"Sytl2",1985,4314,3912,4420,3566,2243,4967,4498
"Sytl3",0,10,5,1,6,7,6,3
"Sytl4",4,5,6,5,4,5,5,1
"Sytl5",172,582,346,453,314,269,702,456
"Syvn1",1355,2892,2606,2525,2855,1348,2371,2501
"Szrd1",3820,6845,7699,7370,6568,3305,6725,7001
"Szt2",749,1616,1467,1470,1453,590,1467,1355
"T2",0,1,0,0,1,0,0,1
"Tab1",865,1718,1755,1639,1792,797,1607,1693
"Tab2",2083,4936,3704,4493,4270,2584,5591,4390
"Tab3",162,479,237,383,328,215,561,353
"Tac4",4,12,13,7,13,4,8,11
"Tacc1",2895,5065,5217,5908,5037,2821,5783,5958
"Tacc2",1035,1899,1908,1855,2059,973,1765,1779
"Tacc3",1910,2549,2828,3270,2091,1623,2912,2930
"Taco1",400,735,852,746,700,394,734,828
"Tacr2",1,7,2,2,8,3,4,4
"Tacstd2",9,20,29,12,14,14,18,13
"Tada1",814,1342,1351,1437,1315,764,1272,1320
"Tada2a",555,932,996,1051,1108,575,967,1083
"Tada2b",657,1138,1169,1158,1216,667,1137,1110
"Tada3",872,1575,1492,1488,1439,806,1400,1360
"Taf1",940,2711,1655,2302,2068,1330,3258,2253
"Taf10",782,1398,1540,1440,1597,746,1215,1504
"Taf11",795,1464,1744,1519,1549,848,1394,1603
"Taf12",767,1366,1295,1326,1327,733,1287,1184
"Taf13",700,1244,1345,1308,1316,739,1570,1391
"Taf15",1245,2691,2079,2596,2742,1567,2747,2525
"Taf1a",212,420,455,471,483,269,511,511
"Taf1b",529,965,1002,1036,1015,509,1042,1023
"Taf1c",198,352,348,330,376,191,336,296
"Taf1d",327,848,595,805,725,550,1153,906
"Taf2",1671,3676,3444,3756,3503,1894,4486,3833
"Taf3",256,589,519,555,635,332,629,558
"Taf4a",455,893,839,924,892,504,906,838
"Taf4b",69,157,117,173,190,84,211,165
"Taf5",186,324,343,335,335,204,371,334
"Taf5l",518,1036,927,893,1047,545,919,822
"Taf6",1332,2376,2449,2314,2433,1252,2225,2266
"Taf6l",136,205,213,223,216,112,203,192
"Taf7",106,239,141,213,213,154,272,202
"Taf7l",5,15,5,14,10,6,18,13
"Taf8",441,871,979,920,962,488,829,979
"Taf9",1671,1822,2165,1997,1964,1734,1902,2131
"Taf9b",101,196,189,233,180,119,266,255
"Tagap",90,107,120,136,125,75,136,128
"Tagap1",396,622,689,615,759,383,628,681
"Tagln",10829,12602,16861,18678,10607,10915,16251,15954
"Tagln2",7692,12238,12124,13144,14980,7518,11019,12226
"Tagln3",2,2,5,4,3,3,7,2
"Tal1",0,1,1,0,0,0,1,0
"Tal2",14,32,23,25,23,17,29,22
"Taldo1",2581,4819,5381,4912,6453,2522,4201,4989
"Tamm41",311,534,543,576,558,256,491,565
"Tanc1",2635,4843,4922,5310,4721,2457,5179,5027
"Tanc2",1512,4206,2566,3437,2934,1727,4098,3210
"Tango2",413,735,860,723,755,351,668,722
"Tango6",224,425,482,401,451,220,408,394
"Tank",854,1900,1765,1921,1984,1095,2336,2028
"Taok1",1267,4813,2397,2902,2578,2022,6125,3173
"Taok2",1426,2736,2851,2773,2642,1339,2799,2671
"Taok3",673,1454,1262,1448,1437,730,1572,1428
"Tap1",126,146,224,257,175,109,185,242
"Tap2",864,1371,1743,1718,1309,712,1436,1710
"Tapbp",5104,8775,8661,8927,8007,4681,7770,8393
"Tapbpl",197,345,302,356,407,196,308,332
"Tapt1",1164,2246,2429,2369,2445,1218,2482,2463
"Tarbp2",727,1095,1156,1143,1107,662,1074,1108
"Tardbp",4464,7485,8731,9281,7858,4557,9786,9060
"Tars",4237,8192,9248,8872,9691,4536,9014,9579
"Tars2",620,1189,1423,1225,1195,619,1265,1251
"Tarsl2",357,644,550,680,556,350,749,643
"Tas1r1",207,358,376,329,314,269,426,365
"Tas1r2",64,90,71,77,79,45,94,62
"Tas1r3",15,29,24,27,18,10,27,27
"Tas2r135",0,1,0,1,0,0,1,1
"Tasp1",270,546,611,567,630,295,609,609
"Tat",0,1,1,1,1,1,1,0
"Tatdn1",421,734,769,790,724,459,848,807
"Tatdn2",941,1631,1963,1804,1964,937,1740,1922
"Tatdn3",135,264,328,264,311,174,276,304
"Tax1bp1",1925,5645,4020,5206,4601,2792,7557,5572
"Tax1bp3",1706,2425,2682,2609,2449,1660,2327,2501
"Taz",685,1517,1384,1363,1533,711,1265,1410
"Tbata",4,3,4,4,8,4,2,8
"Tbc1d1",3027,5013,6222,5646,4629,2939,5893,5775
"Tbc1d10a",645,1059,1118,1108,1076,550,895,1017
"Tbc1d10b",1717,3359,3371,3258,3212,1556,2844,3258
"Tbc1d10c",8,10,22,14,18,8,13,17
"Tbc1d12",175,476,348,388,415,217,558,397
"Tbc1d13",719,1472,1599,1434,1778,686,1254,1468
"Tbc1d14",891,1907,1857,1720,2065,805,1594,1674
"Tbc1d15",1602,4024,3052,3515,3983,1747,3996,3483
"Tbc1d16",630,1021,1141,1196,887,497,1018,1070
"Tbc1d17",756,1883,1702,1527,1994,699,1353,1658
"Tbc1d19",618,1183,1151,1319,1248,657,1366,1291
"Tbc1d2",67,121,161,138,237,60,127,141
"Tbc1d20",1549,3178,2946,2798,3246,1359,2693,2677
"Tbc1d21",0,2,1,0,1,2,2,2
"Tbc1d22a",1042,2182,2001,1975,2295,906,1811,1876
"Tbc1d22b",460,899,847,857,922,393,809,825
"Tbc1d23",1207,2835,2155,2700,2653,1525,3497,2714
"Tbc1d24",635,1436,1190,1281,1380,664,1468,1252
"Tbc1d25",375,774,806,721,740,407,697,791
"Tbc1d2b",1482,3040,3129,2977,3347,1164,2591,2925
"Tbc1d30",1,0,0,2,0,2,2,2
"Tbc1d31",640,1231,1141,1369,1212,739,1454,1338
"Tbc1d32",135,446,245,294,341,158,466,314
"Tbc1d4",121,227,279,223,223,125,268,220
"Tbc1d5",1040,1893,1679,1988,1691,851,1695,1748
"Tbc1d7",428,807,863,837,766,435,797,878
"Tbc1d8",300,432,650,512,421,325,656,610
"Tbc1d8b",513,1629,896,1089,1044,571,1689,1073
"Tbc1d9",209,456,468,474,508,218,439,468
"Tbc1d9b",2578,5540,4866,4768,5297,2310,4303,4528
"Tbca",1709,3296,3365,3332,3977,1820,2903,3502
"Tbcb",966,1835,2113,1835,2120,1042,1594,1926
"Tbcc",512,937,1057,980,933,563,864,1073
"Tbccd1",489,1079,1165,952,1201,539,1024,1008
"Tbcd",2346,4633,5114,4461,5108,2112,4257,4681
"Tbce",474,954,1070,1029,1016,522,1103,1163
"Tbcel",723,1560,1445,1471,1805,736,1567,1491
"Tbck",469,922,774,980,874,526,975,921
"Tbk1",793,1735,1535,1652,1674,976,1925,1714
"Tbkbp1",0,1,1,0,4,2,2,1
"Tbl1x",931,2019,1683,1911,1885,876,2299,1887
"Tbl1xr1",1673,3869,3291,4110,3389,2245,4819,4162
"Tbl2",1302,2442,2159,2359,2358,1119,2096,2148
"Tbl3",1023,1813,2422,2120,2136,990,1904,2318
"Tbp",532,853,948,1068,922,526,967,1049
"Tbpl1",913,1818,1845,1856,2149,926,1821,1836
"Tbr1",1,3,1,1,0,0,2,0
"Tbrg1",2985,5296,6217,5789,6458,2663,4958,5744
"Tbrg4",958,1720,1831,1747,1735,825,1730,1685
"Tbx1",335,538,724,643,621,289,552,673
"Tbx10",2,5,5,4,5,3,3,4
"Tbx15",2280,4031,4633,4115,3915,2737,5566,4616
"Tbx18",1119,2440,1961,2452,2370,1486,3072,2404
"Tbx19",1,2,0,1,1,0,1,0
"Tbx2",10,8,10,15,8,10,10,17
"Tbx20",1,0,1,2,2,0,2,1
"Tbx3",380,817,828,876,1051,517,928,973
"Tbx4",14,22,42,30,35,22,27,42
"Tbx5",0,0,3,1,0,0,0,1
"Tbx6",9,21,21,21,14,11,26,33
"Tbxa2r",4,4,4,6,2,5,2,7
"Tbxas1",0,3,1,0,8,0,2,0
"Tc2n",0,0,0,1,1,0,0,1
"Tcaf1",1432,2645,2627,2686,2345,1290,2838,2478
"Tcaf2",883,1425,1799,2038,1374,798,1696,2027
"Tcaf3",2,2,0,1,1,2,0,1
"Tcaim",156,371,343,402,394,241,485,446
"Tcam1",4,11,11,11,10,2,4,13
"Tcap",107,135,227,169,142,127,241,241
"Tcea1",1274,2629,2231,2610,2522,1534,3268,2754
"Tcea2",73,153,178,159,178,85,133,181
"Tcea3",178,361,340,393,330,141,305,374
"Tceal1",82,179,169,181,197,104,197,191
"Tceal3",0,3,5,2,2,4,2,3
"Tceal5",11,22,39,22,22,10,38,29
"Tceal6",1,0,5,1,2,2,2,1
"Tceal7",175,231,407,296,258,297,452,442
"Tceal8",3112,5220,6253,6496,5670,3215,6376,6760
"Tceanc",130,247,215,271,247,150,305,249
"Tceanc2",622,1130,1210,1149,1243,597,1128,1138
"Tceb1",1633,2929,3276,3392,3012,1914,3483,3532
"Tceb2",2773,5335,6023,5588,5569,2847,4894,5845
"Tceb3",2016,3846,4035,4084,4044,1928,4095,4182
"Tcerg1",1324,2900,2503,2883,2477,1671,3657,2882
"Tcf12",3500,7270,6258,8152,6264,3872,9266,8087
"Tcf19",702,800,773,1089,661,557,939,845
"Tcf20",906,2357,1830,2090,2162,1205,2742,2059
"Tcf23",48,84,75,75,59,50,101,76
"Tcf25",4928,10064,10282,9756,10111,4640,9165,9925
"Tcf3",2773,4755,4918,5171,4724,2371,4389,4848
"Tcf4",1481,3752,3039,3394,2721,1648,4841,3665
"Tcf7",777,1310,1519,1483,1375,713,1336,1553
"Tcf7l1",917,1339,1446,1589,1327,751,1253,1393
"Tcf7l2",572,1028,981,1179,994,612,1085,1148
"Tchh",0,3,1,0,2,1,8,1
"Tchp",366,653,650,631,663,316,574,581
"Tcirg1",1592,2922,3398,3201,3029,1565,3105,3261
"Tcl1b1",0,0,0,0,1,2,1,3
"Tcn2",718,2222,2052,1562,2430,708,1488,1826
"Tcof1",1303,2496,2853,2640,2906,1220,2558,2706
"Tcp1",9506,16522,18467,17153,16388,8850,16538,17448
"Tcp11l1",148,317,301,298,288,148,338,286
"Tcp11l2",659,1339,1672,1397,1783,659,1182,1492
"Tcp11x2",32,41,96,68,42,38,85,85
"Tcta",566,1337,1513,1291,1330,583,1191,1494
"Tcte2",7,21,9,9,11,2,7,12
"Tctex1d2",320,663,626,684,791,347,617,727
"Tctex1d4",3,3,5,5,1,2,0,3
"Tctn1",302,584,608,601,558,297,508,610
"Tctn2",337,751,738,708,825,335,604,747
"Tctn3",326,654,546,584,649,255,571,520
"Tdg",6,0,1,1,0,3,0,0
"Tdh",1,2,0,1,3,2,0,2
"Tdo2",1,3,1,1,1,0,2,2
"Tdp1",483,867,879,849,862,460,736,784
"Tdp2",522,927,792,1088,916,602,1125,1001
"Tdrd1",1,0,0,2,1,1,0,1
"Tdrd12",0,2,2,1,3,0,2,2
"Tdrd3",698,1625,1214,1500,1415,834,1848,1459
"Tdrd5",0,2,2,0,2,0,1,0
"Tdrd6",0,2,3,1,4,0,1,2
"Tdrd7",1002,1804,1615,1880,1898,899,1756,1666
"Tdrd9",27,38,47,41,54,26,48,47
"Tdrkh",473,775,648,873,610,454,909,729
"Tdrp",1,2,6,3,4,5,2,5
"Tead1",2598,6177,4138,5712,4542,3410,7480,5488
"Tead2",1185,2145,2253,2039,2037,1128,1924,2010
"Tead3",1015,1781,2176,2000,1736,1049,1931,2055
"Tead4",1018,1655,2270,1763,1526,908,2132,1930
"Tec",67,204,144,120,193,87,182,124
"Tecpr1",552,1394,1272,1109,1617,468,1061,1132
"Tecpr2",386,755,786,750,800,401,836,754
"Tecr",6976,13779,13764,12747,13395,6362,11974,12685
"Tecrl",47,83,112,89,81,77,125,99
"Tecta",1,2,4,1,5,1,2,1
"Teddm2",1,2,1,2,1,0,1,1
"Tef",2812,5357,6455,5599,4194,2679,5565,5910
"Tefm",337,647,702,634,638,333,649,662
"Tek",9,24,14,20,41,10,15,13
"Tekt2",21,48,30,46,32,25,46,47
"Tekt5",52,69,125,95,76,70,98,102
"Telo2",410,842,865,851,871,417,782,856
"Ten1",404,685,643,591,657,399,599,580
"Tenm3",4263,7748,7177,8848,5562,3917,9292,8017
"Tenm4",105,161,150,157,189,67,162,127
"Tep1",1482,3161,2797,2825,2634,1220,2720,2635
"Tepp",0,2,1,0,0,1,2,0
"Terc",1,1,2,2,0,0,4,1
"Terf1",222,427,447,477,404,279,576,479
"Terf2",807,1382,1544,1541,1467,806,1430,1480
"Terf2ip",550,1021,1029,1053,1009,609,1014,1036
"Tert",62,95,96,101,86,51,105,89
"Tes",2259,3549,3430,3987,3411,2021,3438,3407
"Tesc",0,4,2,2,2,2,7,7
"Tescl",0,1,1,1,0,0,1,1
"Tesk1",1150,2074,2287,2095,2008,1032,1984,2075
"Tesk2",382,685,835,770,750,337,653,748
"Tet1",83,248,157,205,144,116,342,210
"Tet2",143,463,340,405,422,281,728,481
"Tet3",1051,2129,1961,2156,2093,1122,2403,2168
"Tex10",993,1582,1665,1905,1548,955,2003,1770
"Tex12",4,0,1,4,2,0,1,1
"Tex14",1,0,1,3,1,0,2,3
"Tex16",0,1,2,0,1,2,0,1
"Tex19.2",1,0,0,1,1,0,0,0
"Tex2",824,1679,1685,1678,1868,783,1602,1696
"Tex22",1,0,0,1,2,0,0,3
"Tex26",33,47,29,55,50,29,35,43
"Tex261",1253,2499,2490,2336,2515,1078,2106,2250
"Tex264",1380,3407,2812,2552,3986,1346,2270,2665
"Tex30",312,424,466,561,441,305,509,498
"Tex35",0,1,0,0,0,1,4,0
"Tex38",0,1,2,0,2,1,0,1
"Tex40",2,5,8,5,7,4,8,6
"Tex43",0,0,1,1,0,0,0,1
"Tex9",130,281,253,288,248,156,339,272
"Tfam",1335,2322,2433,2647,2425,1285,2634,2584
"Tfap2a",8,12,5,11,4,6,12,6
"Tfap2c",5,4,6,7,3,3,5,2
"Tfap4",144,325,300,318,466,146,273,303
"Tfb1m",166,254,268,285,298,151,252,258
"Tfb2m",665,1102,1124,1232,1096,710,1402,1285
"Tfcp2",668,1228,1483,1367,1348,658,1315,1363
"Tfcp2l1",13,30,12,22,14,9,20,15
"Tfdp1",4119,6109,7361,7587,6668,3769,6962,7264
"Tfdp2",753,1685,1538,1887,1491,886,2233,1974
"Tfe3",1724,3301,3446,3376,3693,1470,2814,3369
"Tfeb",310,514,644,563,518,335,570,598
"Tfg",2298,4401,4129,4633,4220,2398,4845,4715
"Tfip11",1363,2685,2629,2427,2682,1272,2295,2462
"Tfpi",1015,2528,2424,2522,2294,1217,2690,2715
"Tfpi2",1,1,2,2,0,0,2,2
"Tfpt",239,473,496,451,522,226,450,495
"Tfr2",57,87,96,87,82,71,97,77
"Tfrc",4057,7857,6504,7621,6080,4245,9903,7190
"Tg",442,685,1017,917,609,360,728,969
"Tgds",523,991,1036,1068,1211,538,1047,1085
"Tgfa",13,15,11,15,19,4,14,6
"Tgfb1",2243,4023,4246,4160,3915,2032,3737,4099
"Tgfb1i1",2226,3589,4055,4201,3526,2122,3611,4032
"Tgfb2",1810,2982,3277,3974,2342,2064,4654,4012
"Tgfb3",6399,9038,11865,11720,7653,5248,11034,11086
"Tgfbi",84,149,135,151,211,54,103,121
"Tgfbr1",441,1611,749,1062,1540,618,1569,1039
"Tgfbr2",10311,17310,18960,18524,16225,9964,18741,17745
"Tgfbr3",344,839,541,694,847,460,793,637
"Tgfbr3l",16,36,35,38,29,20,42,43
"Tgfbrap1",954,1794,1876,1783,1995,884,1734,1759
"Tgif1",1833,4186,3437,3450,5499,2053,3164,3507
"Tgif2",295,397,578,543,392,256,468,601
"Tgm1",3,2,6,5,8,4,5,4
"Tgm2",1267,2119,2025,2166,1688,1208,2096,1902
"Tgm3",0,5,3,2,3,0,2,4
"Tgm4",331,522,613,555,606,316,502,559
"Tgm5",50,78,50,79,44,28,70,46
"Tgoln1",1199,2492,2048,2547,2932,1455,2763,2624
"Tgs1",520,1361,1037,1177,1076,724,1634,1222
"Tgtp1",4,5,0,6,6,2,2,2
"Tgtp2",26,31,5,27,40,31,32,11
"Tha1",35,57,70,57,64,43,55,54
"Thada",619,1184,1171,1217,1235,522,1228,1146
"Thap1",238,414,337,446,417,219,465,372
"Thap11",713,1350,1564,1371,1400,641,1262,1489
"Thap2",270,624,472,548,509,264,740,511
"Thap3",365,749,850,770,640,377,679,836
"Thap4",813,1602,1628,1508,1690,747,1328,1503
"Thap6",64,159,109,133,115,90,170,136
"Thap7",392,822,799,743,1039,414,680,747
"Thbd",480,2358,1112,1141,6645,397,860,1094
"Thbs1",107156,186211,171817,199479,140182,101370,196072,175427
"Thbs2",9313,21554,29424,25390,29340,9748,22939,29363
"Thbs3",307,427,598,625,371,249,573,580
"Thbs4",6,9,8,9,7,7,17,8
"Them4",156,280,322,314,393,160,305,321
"Them6",457,769,925,857,823,407,730,860
"Them7",1,3,1,1,0,1,4,0
"Themis",5,23,7,7,10,9,19,10
"Thg1l",541,1002,1025,977,1271,559,909,1026
"Thnsl1",277,465,519,501,475,281,586,485
"Thnsl2",30,69,54,65,64,21,53,62
"Thoc1",733,1768,1414,1574,1579,855,1974,1650
"Thoc2",242,904,565,654,697,389,1002,829
"Thoc3",904,1538,1804,1695,1602,777,1564,1671
"Thoc5",1120,2336,2347,2155,2476,1139,2216,2308
"Thoc6",541,869,943,934,797,516,771,865
"Thoc7",1415,2537,2944,2895,2650,1621,2913,2987
"Thop1",1936,3023,4039,3439,2973,1701,3141,3508
"Thpo",22,39,52,34,39,18,59,41
"Thra",1735,3252,4114,3693,3305,1337,3071,3729
"Thrap3",4270,7371,7474,8212,7138,4523,8449,8091
"Thrsp",0,1,1,0,0,0,2,0
"Thsd1",6,8,10,9,7,4,10,7
"Thsd4",187,347,312,381,330,180,349,331
"Thsd7a",662,1610,1351,1553,1381,790,1733,1442
"Thsd7b",15,26,24,28,29,2,16,18
"Thtpa",433,741,828,763,836,372,696,777
"Thumpd1",942,1691,1866,1857,1854,927,1804,1890
"Thumpd2",148,340,354,322,425,166,361,405
"Thumpd3",854,1464,1626,1535,1539,867,1694,1577
"Thy1",2,1,5,2,3,1,1,1
"Thyn1",292,396,484,452,474,307,446,498
"Tia1",749,2062,1570,1865,1659,1078,2784,2038
"Tial1",990,2052,1771,1989,1908,1317,2405,1999
"Tiam1",984,1587,1580,1864,1802,883,1803,1533
"Tiam2",1177,2005,1961,2226,1838,944,2056,1958
"Ticam1",531,1000,988,954,1004,462,818,896
"Ticam2",1,5,1,2,0,1,5,1
"Ticrr",277,425,323,444,323,278,505,310
"Tifa",275,653,651,566,933,307,621,713
"Tigar",208,342,360,351,397,180,337,366
"Tigd2",312,828,589,715,803,437,979,715
"Tigd3",18,26,32,36,21,20,34,35
"Tigd4",2,1,2,5,3,3,2,3
"Tigd5",157,279,349,311,293,165,276,332
"Tigit",43,61,64,59,56,32,74,41
"Timeless",458,645,519,713,630,354,619,491
"Timm10",308,619,797,628,679,360,634,796
"Timm10b",351,608,691,664,673,351,615,726
"Timm13",1186,2168,2637,2227,2260,1190,1985,2294
"Timm17a",1757,3141,3819,3433,3306,1796,3193,3775
"Timm17b",664,1123,1152,1226,1129,535,1030,1143
"Timm21",468,720,904,907,931,449,832,856
"Timm22",1052,1911,2506,2025,2099,1026,1814,2181
"Timm23",2081,3273,4151,3685,3675,2194,3444,4089
"Timm44",1157,2005,2199,2160,1982,1172,2007,2084
"Timm50",746,1315,1440,1319,1447,677,1225,1314
"Timm8a1",307,343,385,352,389,287,279,370
"Timm8b",321,688,812,644,812,407,610,778
"Timm9",258,498,615,556,602,315,646,572
"Timmdc1",733,1340,1486,1316,1393,726,1305,1354
"Timp1",5976,10149,11336,10895,11357,5580,9562,10606
"Timp2",32426,63128,68624,63914,57524,27736,57534,64145
"Timp3",17561,23628,24637,31519,27661,22070,37043,29025
"Timp4",6,25,13,10,21,8,6,9
"Tinagl1",301,520,503,546,644,322,487,476
"Tinf2",516,847,839,910,890,463,805,825
"Tiparp",768,2154,1623,1777,1853,1030,2449,1832
"Tipin",874,1232,1305,1542,1371,828,1445,1341
"Tiprl",1546,2999,3194,3117,3238,1573,3047,3228
"Tirap",456,883,946,1023,1156,531,1039,1074
"Tjap1",1551,2761,2922,2842,2618,1457,2525,2670
"Tjp1",3327,8792,6007,7644,6803,4258,10191,7492
"Tjp2",734,1363,1328,1284,1193,674,1262,1232
"Tjp3",3,4,0,5,2,3,6,3
"Tk1",1338,1503,1722,2127,1339,1107,1847,1696
"Tk2",386,770,721,704,826,339,615,667
"Tkfc",440,799,812,796,740,390,709,701
"Tkt",1305,1844,2504,2347,2350,1146,1997,2378
"Tktl1",0,2,0,1,3,2,3,1
"Tlcd1",115,206,236,187,162,112,193,186
"Tlcd2",84,93,107,122,119,83,115,116
"Tldc1",255,520,506,438,561,202,451,462
"Tldc2",1,0,2,0,2,3,0,1
"Tle1",465,869,750,850,961,433,795,734
"Tle2",261,609,425,498,528,257,523,437
"Tle3",2434,4985,5083,4951,4849,2319,4608,5081
"Tle4",41,86,83,95,65,55,124,107
"Tle6",259,614,408,460,559,236,445,392
"Tlk1",823,2156,1468,1883,2099,1065,2459,1810
"Tlk2",961,2298,1746,2261,2216,1344,2922,2317
"Tll1",14,20,23,21,13,16,30,13
"Tln1",13651,28623,24972,25186,26179,11554,24465,23228
"Tln2",2934,4447,4399,5221,3719,2501,5220,4463
"Tlr1",13,10,13,18,5,15,18,12
"Tlr13",2,0,1,2,0,2,0,0
"Tlr2",864,1906,1609,1628,2009,657,1426,1529
"Tlr3",71,193,99,159,152,104,200,154
"Tlr4",486,1944,899,1101,1938,515,1490,1151
"Tlr5",23,34,32,39,30,23,30,32
"Tlr6",233,380,498,449,364,211,481,425
"Tlr7",0,1,1,0,2,1,1,1
"Tlr9",1,1,0,1,0,0,1,1
"Tlx2",11,18,6,12,11,5,4,4
"Tm2d1",780,1621,1760,1598,1715,838,1604,1767
"Tm2d2",1351,2613,3059,2659,3013,1325,2331,2853
"Tm2d3",267,567,589,513,588,269,451,550
"Tm4sf1",2203,3941,3689,3814,4375,2202,3413,3491
"Tm4sf19",0,3,3,0,5,1,2,0
"Tm4sf4",1,5,3,2,4,0,3,3
"Tm6sf1",24,50,110,73,61,41,80,100
"Tm6sf2",2,10,8,6,6,7,14,12
"Tm7sf2",148,463,279,228,365,153,290,236
"Tm7sf3",1378,2572,2742,2738,2850,1306,2501,2740
"Tm9sf1",2761,5071,5427,5100,5670,2541,4562,5013
"Tm9sf2",5251,10229,10455,10467,11987,5103,9952,10245
"Tm9sf3",5491,13052,9883,12143,11540,6559,15107,12042
"Tm9sf4",2409,4962,4921,4733,5088,2330,4301,4546
"Tma16",209,341,355,386,412,260,393,422
"Tma7",1353,2370,2719,2514,2517,1454,2345,2605
"Tmbim1",4250,8972,9818,8468,9484,4363,8255,9196
"Tmbim4",1240,2609,2759,2324,2681,1332,2388,2518
"Tmbim6",12981,26254,26607,24997,26361,11835,21978,25130
"Tmc3",51,149,69,97,59,20,83,79
"Tmc4",34,57,81,69,65,54,65,77
"Tmc6",867,2006,1770,1606,1972,790,1487,1630
"Tmc7",49,77,133,103,56,47,114,118
"Tmc8",8,12,13,15,14,4,17,14
"Tmcc1",817,1489,1463,1570,1521,809,1671,1546
"Tmcc2",1110,2071,2052,1993,2009,1001,1765,1922
"Tmcc3",671,1242,892,1140,1066,636,1140,913
"Tmco1",2047,3923,3948,3968,4147,2001,3757,3999
"Tmco3",1342,2885,2707,2522,3133,1323,2552,2585
"Tmco4",76,169,171,160,198,60,148,168
"Tmco6",169,278,337,300,313,155,228,295
"Tmed1",969,2036,2187,1951,2252,932,1720,2083
"Tmed10",8483,16744,16770,16803,18612,8457,15550,17219
"Tmed2",6316,7967,8929,8323,8885,6279,7810,8850
"Tmed3",2459,5146,5075,4663,5579,2345,4099,4780
"Tmed4",1947,3941,4444,3901,4345,1876,3707,4129
"Tmed5",200,691,551,512,679,269,744,674
"Tmed6",0,0,1,0,0,1,1,0
"Tmed7",3285,7531,6034,7542,6754,3879,8904,7563
"Tmed8",589,1135,989,1204,1353,616,1234,1135
"Tmed9",4964,9173,10418,9566,10322,4771,8458,9630
"Tmeff1",1287,2388,3584,3158,2940,1319,3464,3805
"Tmeff2",505,928,875,971,642,443,775,886
"Tmem100",8,7,10,15,9,12,14,13
"Tmem101",479,896,989,933,952,483,850,981
"Tmem104",446,1046,893,840,1161,473,849,886
"Tmem106a",110,170,162,176,144,107,172,136
"Tmem106b",1820,5962,3770,4249,5331,2176,6630,4561
"Tmem106c",465,909,1021,917,843,396,706,921
"Tmem107",245,420,303,384,322,178,321,297
"Tmem108",2,0,5,2,3,1,2,0
"Tmem109",3453,6489,7044,6379,5864,3179,5888,6399
"Tmem11",752,1250,1503,1377,1463,689,1205,1385
"Tmem110",525,962,941,1006,988,442,859,937
"Tmem115",1090,2424,2291,2124,2547,974,1862,2150
"Tmem116",5,16,21,7,22,18,19,19
"Tmem117",81,131,205,157,177,84,176,192
"Tmem119",3835,6207,7592,7339,4813,3363,6333,6928
"Tmem120a",505,986,1140,1041,1289,487,905,1045
"Tmem120b",349,660,739,662,650,361,662,726
"Tmem121",256,400,456,464,415,213,339,424
"Tmem123",8683,16448,16944,19880,14387,10115,22476,19645
"Tmem125",0,1,0,0,1,1,1,1
"Tmem126a",534,938,1110,1021,1032,510,968,1078
"Tmem126b",261,431,502,472,493,242,500,480
"Tmem127",2672,5433,4827,4728,5016,2578,4578,4507
"Tmem128",554,919,1018,1060,1222,534,912,1085
"Tmem129",863,1676,1840,1627,1790,853,1565,1678
"Tmem130",34,25,70,57,28,29,51,57
"Tmem131",1824,4019,3240,3702,3801,1893,4082,3519
"Tmem132a",2620,5474,5318,4603,5152,2525,4747,4717
"Tmem132b",0,1,0,2,1,0,1,2
"Tmem134",1277,2400,2647,2538,2600,1146,2168,2625
"Tmem135",537,1099,982,1037,1253,534,1074,1038
"Tmem136",0,3,5,3,3,0,3,3
"Tmem138",464,788,863,784,907,405,717,802
"Tmem139",1,1,6,5,8,4,3,11
"Tmem140",43,45,45,47,61,36,47,61
"Tmem141",213,370,414,347,366,178,354,367
"Tmem143",324,658,650,625,663,311,566,654
"Tmem144",44,88,73,82,75,38,103,92
"Tmem147",933,1893,2105,1812,2014,914,1677,1978
"Tmem14a",39,65,80,74,80,34,62,61
"Tmem14c",1314,2454,2881,2565,2701,1331,2245,2639
"Tmem150a",409,780,823,761,808,440,809,785
"Tmem150b",2,0,2,1,2,1,0,5
"Tmem151a",217,638,412,358,674,228,375,386
"Tmem151b",6,7,9,7,8,4,6,1
"Tmem154",54,137,87,92,431,50,92,81
"Tmem158",336,556,758,583,525,341,644,636
"Tmem159",470,908,873,851,1082,458,769,860
"Tmem160",358,762,792,701,788,351,594,713
"Tmem161a",1138,2643,2739,2283,2391,1026,2552,2407
"Tmem161b",143,352,254,322,341,216,472,348
"Tmem163",1,0,2,1,1,1,0,0
"Tmem164",1361,2546,2265,2449,2381,1156,2137,2179
"Tmem165",1661,3192,3843,3517,4192,1733,3265,3864
"Tmem167",2057,4177,3998,4347,4616,2204,4585,4504
"Tmem167b",2310,4281,4611,4591,4716,2094,4091,4607
"Tmem168",1327,2513,2255,2607,2539,1363,2726,2393
"Tmem169",147,273,298,319,293,155,312,325
"Tmem17",60,120,106,105,135,61,121,88
"Tmem170",70,132,125,127,127,61,122,127
"Tmem170b",162,526,296,416,414,268,648,448
"Tmem171",61,99,110,118,97,61,90,106
"Tmem173",662,1101,875,1058,1281,551,872,826
"Tmem175",527,1107,978,923,923,484,907,887
"Tmem176a",436,950,644,730,752,376,600,622
"Tmem176b",1129,2738,1778,1927,2111,1022,1726,1624
"Tmem177",338,702,924,745,689,319,673,870
"Tmem178b",1,1,1,1,2,0,1,1
"Tmem179",1,0,0,3,0,2,0,2
"Tmem179b",147,261,272,250,335,150,201,245
"Tmem18",618,1048,1173,1270,1213,607,1156,1255
"Tmem180",20,69,63,41,52,35,45,59
"Tmem181a",313,475,413,400,480,304,433,399
"Tmem181b-ps",517,923,862,939,997,590,1059,933
"Tmem181c-ps",117,338,328,376,381,173,410,393
"Tmem182",674,1147,1572,1216,992,665,1426,1397
"Tmem183a",2167,3845,4496,4126,4122,2008,3986,4311
"Tmem184a",75,138,153,116,106,71,137,139
"Tmem184b",3541,7696,6670,6545,8213,3313,6213,6365
"Tmem184c",545,1596,1039,1263,1120,728,1872,1273
"Tmem185b",751,1480,1480,1490,1597,735,1270,1562
"Tmem186",344,644,965,737,787,368,700,801
"Tmem189",1719,3659,4107,3231,4042,1838,3381,3624
"Tmem19",1270,2535,2888,2595,2690,1253,2539,2772
"Tmem190",3,6,5,4,6,2,3,5
"Tmem191c",6,17,26,23,26,16,24,35
"Tmem192",341,864,740,675,1061,349,635,718
"Tmem194",459,830,968,978,764,460,994,972
"Tmem194b",116,219,197,248,191,120,246,232
"Tmem198",19,23,40,34,29,13,36,31
"Tmem198b",407,794,737,691,729,386,739,666
"Tmem199",507,1012,1173,995,1158,542,924,1046
"Tmem2",1356,2410,2789,2660,2069,1201,2811,2614
"Tmem200a",100,136,90,157,98,114,181,123
"Tmem200b",42,46,62,68,41,38,46,40
"Tmem200c",1,1,0,2,1,0,0,3
"Tmem201",753,1586,1551,1394,1543,698,1366,1381
"Tmem202",22,33,47,31,25,23,34,31
"Tmem203",88,188,252,216,249,78,173,244
"Tmem204",36,56,48,55,45,26,51,51
"Tmem205",229,548,537,473,600,269,412,513
"Tmem206",371,704,832,730,961,362,636,787
"Tmem208",662,1247,1377,1333,1417,684,1168,1380
"Tmem209",1113,2181,2157,2343,2336,1136,2476,2333
"Tmem212",1,1,0,2,2,1,0,1
"Tmem214",2163,4046,3753,3820,3870,1915,3438,3571
"Tmem216",203,346,415,395,431,215,346,419
"Tmem218",234,470,513,481,527,235,399,505
"Tmem219",371,635,638,668,611,330,539,625
"Tmem220",30,74,68,65,74,49,73,62
"Tmem221",4,17,6,8,12,2,8,7
"Tmem222",851,1603,1637,1529,1839,758,1315,1515
"Tmem223",24,39,42,52,29,26,44,54
"Tmem229b",142,232,284,234,202,132,273,223
"Tmem230",1018,1685,1729,1641,1826,945,1513,1643
"Tmem231",244,496,479,499,511,239,444,507
"Tmem233",0,0,1,1,0,0,0,1
"Tmem234",1203,2250,2392,2207,2405,1151,1995,2273
"Tmem236",4,9,4,4,5,6,11,3
"Tmem237",675,1240,1181,1374,1426,760,1282,1299
"Tmem238",32,52,52,54,44,33,55,60
"Tmem239",0,2,0,2,3,1,3,3
"Tmem240",9,12,12,9,14,5,10,11
"Tmem241",176,377,385,339,456,140,309,318
"Tmem242",1192,2082,2351,2176,2255,1162,1807,2222
"Tmem243",131,232,248,268,283,113,214,258
"Tmem245",235,551,391,457,391,206,681,421
"Tmem246",129,214,250,209,200,133,257,232
"Tmem248",2116,4449,4290,4166,4740,2136,3917,4117
"Tmem25",13,48,48,37,44,24,33,49
"Tmem251",198,461,498,433,782,217,452,513
"Tmem252",3,6,13,6,9,13,18,15
"Tmem253",0,6,12,3,8,7,11,10
"Tmem255a",1,0,1,1,0,1,0,3
"Tmem255b",5,2,3,6,1,0,2,3
"Tmem256",566,1259,1261,1117,1339,580,1025,1222
"Tmem258",1241,2767,2666,2524,2944,1338,2142,2593
"Tmem259",2393,5067,4896,4515,5139,2270,4286,4652
"Tmem26",5,14,14,19,12,4,13,20
"Tmem260",692,1238,1015,1276,1007,673,1328,1106
"Tmem261",363,718,854,797,799,401,684,910
"Tmem263",2313,4490,3865,4858,3689,2442,5211,4572
"Tmem265",55,99,111,106,100,84,85,116
"Tmem27",0,0,0,0,1,0,2,1
"Tmem29",212,353,317,385,384,178,331,348
"Tmem30a",1990,6301,3993,4781,4662,2822,7523,5104
"Tmem30c",1,1,0,1,1,0,1,0
"Tmem33",1818,4161,3783,3715,4036,2028,4365,3911
"Tmem35",4,12,16,14,17,9,12,19
"Tmem37",741,1447,1824,1415,1223,737,1433,1586
"Tmem38a",3082,6075,7446,5469,5015,3651,6597,6656
"Tmem38b",1726,3895,4064,3592,4316,2017,4469,4188
"Tmem39a",1061,2250,2130,2062,2269,1152,2035,1978
"Tmem39b",186,416,379,361,439,217,343,373
"Tmem40",3,11,13,9,5,10,9,15
"Tmem41a",235,522,551,472,658,219,399,479
"Tmem41b",677,1415,1297,1231,1556,796,1463,1288
"Tmem42",147,354,306,279,442,141,285,276
"Tmem43",5172,9583,10139,9881,11005,4591,8965,9526
"Tmem44",205,382,235,335,262,166,330,280
"Tmem45a",1638,3426,2028,2687,3908,1665,2368,2126
"Tmem47",687,1852,1550,1766,1441,890,2774,1979
"Tmem5",825,1669,1642,1666,1964,907,1668,1740
"Tmem50a",3559,7730,7562,6798,8456,3612,5966,7223
"Tmem50b",944,1829,1883,1726,1667,864,1634,1665
"Tmem52",1,0,2,2,0,0,1,2
"Tmem53",176,384,322,304,367,147,273,295
"Tmem54",1,1,2,2,1,1,2,2
"Tmem55a",1941,3697,3724,3910,3307,2087,4287,4119
"Tmem55b",993,2145,1960,1862,2782,981,1584,1907
"Tmem56",21,49,45,63,30,36,100,64
"Tmem57",1544,3307,3164,3069,3607,1558,3180,3122
"Tmem59",7400,14984,16043,14892,16752,7627,12873,15426
"Tmem59l",1,4,0,3,1,1,1,4
"Tmem60",304,676,697,668,808,336,608,749
"Tmem62",539,900,1005,933,865,512,1078,931
"Tmem63a",2039,4310,4356,4177,5030,1700,3522,4213
"Tmem63b",1481,3092,2887,2784,3003,1322,2717,2819
"Tmem63c",0,0,2,0,1,0,1,0
"Tmem64",5461,11445,10118,12040,9510,5926,14026,12257
"Tmem65",2605,5433,4856,5860,5190,2879,5991,5846
"Tmem67",231,519,395,464,553,225,515,432
"Tmem68",367,720,702,703,841,409,735,713
"Tmem69",382,664,820,756,689,406,746,823
"Tmem70",1166,1938,2093,2322,2052,1184,2276,2358
"Tmem71",14,10,8,22,16,12,13,12
"Tmem74",3,2,4,4,9,0,3,3
"Tmem74b",0,0,0,1,0,0,1,1
"Tmem79",91,246,186,166,259,75,165,160
"Tmem8",73,115,111,106,112,55,78,90
"Tmem80",146,322,350,307,326,158,337,341
"Tmem81",105,179,167,202,213,107,198,213
"Tmem82",1,2,0,3,0,0,0,2
"Tmem86a",730,1365,2191,1619,1667,901,1564,2070
"Tmem86b",33,49,32,41,30,36,55,33
"Tmem87a",1321,2548,2316,2619,2604,1338,2720,2593
"Tmem87b",763,1805,1408,1793,1859,945,2169,1812
"Tmem88",6,4,5,9,8,3,7,9
"Tmem88b",65,104,129,148,104,81,130,172
"Tmem8b",111,202,268,240,172,108,218,239
"Tmem8c",8083,13524,21246,15658,11084,8266,16854,19585
"Tmem9",1375,2746,3070,2791,2784,1308,2532,2959
"Tmem91",2,4,3,3,6,1,6,4
"Tmem95",24,25,30,37,20,26,27,29
"Tmem97",1270,2314,2377,2323,2429,1231,2121,2162
"Tmem98",1222,2964,2267,2297,2991,1070,1895,2171
"Tmem9b",1124,2308,2565,2225,2582,1171,2112,2315
"Tmf1",500,1478,1026,1138,1066,714,1971,1318
"Tmie",64,85,104,96,70,42,92,88
"Tmigd1",1,3,1,1,3,1,2,0
"Tmod1",714,1218,1725,1347,1050,719,1563,1574
"Tmod2",24,50,40,53,40,17,66,56
"Tmod3",1723,3403,2948,3694,3599,1943,3926,3515
"Tmod4",15,26,34,30,24,9,35,33
"Tmpo",5895,10813,8910,11384,8613,5849,11895,10171
"Tmppe",158,367,405,363,425,192,391,407
"Tmprss11b",1,9,4,6,6,1,5,6
"Tmprss11f",12,15,10,25,8,11,20,17
"Tmprss2",0,0,3,2,2,1,0,3
"Tmprss6",29,40,40,49,26,16,34,45
"Tmprss9",1,0,3,1,3,1,0,3
"Tmsb10",18968,32102,36139,32355,29692,21562,32068,32956
"Tmsb15a",0,3,6,2,0,2,1,3
"Tmsb4x",24043,38477,45633,44653,33838,28190,44562,46197
"Tmtc1",1,2,2,3,8,2,2,3
"Tmtc2",97,192,105,170,133,124,243,144
"Tmtc3",556,1421,829,1097,1061,751,1867,1104
"Tmtc4",634,1108,988,1278,1180,647,1246,1169
"Tmub1",165,314,263,265,351,127,241,241
"Tmub2",1327,2833,2581,2434,2774,1182,2274,2412
"Tmx1",2116,4042,3565,4229,4367,1999,4220,4048
"Tmx2",1627,2910,2946,2638,2779,1536,2544,2693
"Tmx3",1088,3458,2313,2711,2769,1389,4181,2911
"Tmx4",1502,2736,2978,3046,2662,1432,3285,2966
"Tnc",21202,28474,32408,34938,25857,21076,36744,30890
"Tnf",13,36,20,14,18,18,21,5
"Tnfaip1",3394,6570,6730,6405,6659,3205,5925,6482
"Tnfaip2",2883,9057,7353,6233,12444,2638,5564,6959
"Tnfaip3",999,1942,1705,1775,1845,1030,1883,1649
"Tnfaip6",34,29,28,46,37,19,21,27
"Tnfaip8",481,801,819,967,796,422,867,896
"Tnfaip8l1",110,137,173,200,115,84,149,198
"Tnfaip8l2",4,4,4,4,0,5,0,3
"Tnfrsf10b",901,1606,1800,1718,1759,805,1638,1635
"Tnfrsf11a",6,2,2,6,3,4,3,3
"Tnfrsf11b",158,240,254,268,234,223,359,271
"Tnfrsf12a",3718,5637,5849,5930,5501,3636,5439,5588
"Tnfrsf13c",3,5,2,7,4,3,5,15
"Tnfrsf14",15,24,37,24,17,13,29,20
"Tnfrsf18",15,25,42,42,44,13,48,69
"Tnfrsf19",25,38,128,63,45,41,128,121
"Tnfrsf1a",3442,7430,8056,7171,9756,3150,6248,7697
"Tnfrsf1b",2725,5050,4854,4878,4806,2583,4526,4465
"Tnfrsf21",109,195,344,256,337,147,297,345
"Tnfrsf22",218,526,493,451,778,245,534,491
"Tnfrsf23",1255,2517,2570,2319,4276,1493,2294,2482
"Tnfrsf25",158,275,319,310,209,210,393,328
"Tnfrsf26",4,10,4,5,17,4,3,6
"Tnfrsf4",11,18,19,20,16,6,24,24
"Tnfrsf8",5,1,1,5,2,2,1,2
"Tnfrsf9",36,162,82,73,818,36,82,81
"Tnfsf10",0,3,3,0,4,2,3,0
"Tnfsf11",5,7,3,7,6,5,12,3
"Tnfsf12",205,373,304,289,342,188,265,282
"Tnfsf13",8,38,8,10,22,7,26,8
"Tnfsf13b",1,3,3,2,3,4,3,4
"Tnfsf15",54,81,57,88,51,43,113,70
"Tnfsf18",2,3,4,3,10,0,5,2
"Tnfsf4",1,1,0,1,2,3,2,0
"Tnfsf9",175,375,366,312,596,198,332,323
"Tnik",121,316,205,263,206,167,328,267
"Tnip1",2010,4024,4177,3870,4223,1880,3462,3879
"Tnip2",257,634,537,513,611,278,540,546
"Tnip3",3,8,5,4,6,2,8,5
"Tnk1",1,2,2,1,3,2,3,0
"Tnk2",1089,2041,1924,2010,2132,1013,1905,1857
"Tnk2os",7,7,1,9,7,1,9,8
"Tnks",1048,2477,1881,2259,2070,1069,2935,2093
"Tnks1bp1",5893,11585,11159,11459,11246,5335,10411,10913
"Tnks2",3546,7528,6455,7562,7066,3828,8704,7310
"Tnmd",0,1,1,1,0,0,1,1
"Tnn",65,81,52,91,107,97,112,71
"Tnnc1",11815,21918,32670,23297,18660,14451,27842,29890
"Tnnc2",4217,6802,10968,7967,6360,4813,8813,9929
"Tnni1",12329,21540,33346,23338,17645,14295,27151,29127
"Tnni2",3337,5703,8609,6105,4917,4156,7369,7422
"Tnni3",8,11,22,14,6,17,16,23
"Tnni3k",3,9,6,7,5,5,6,7
"Tnnt1",4725,7463,10426,8276,6531,5796,9709,9677
"Tnnt2",10429,16982,28391,21077,15606,13128,24367,26580
"Tnnt3",8769,14728,21385,15758,13368,10722,19282,19674
"Tnpo1",1974,5157,3864,4472,4019,2322,6229,4397
"Tnpo2",3692,7048,8325,7591,8673,3516,7281,8243
"Tnpo3",2499,4548,4795,5129,4592,2380,5300,5213
"Tnr",2,1,1,4,5,1,1,6
"Tnrc18",2503,4968,4488,4866,4336,2147,4890,4330
"Tnrc6a",760,2099,1492,1842,1666,1035,2705,1919
"Tnrc6b",1012,3163,1998,2488,2315,1564,4052,2603
"Tnrc6c",700,1725,1232,1436,1318,778,1811,1312
"Tns1",9046,16478,18013,17538,15973,8386,17153,16908
"Tns2",2901,6923,6229,5950,6642,2705,5348,6168
"Tns3",8164,15114,14874,15467,13217,7077,14532,14083
"Tns4",21,76,42,38,68,24,46,36
"Tnxb",0,4,3,1,48,0,4,1
"Tob1",1631,3185,3266,3294,3044,1883,3723,3526
"Tob2",1342,2442,2907,2797,2533,1263,2745,2879
"Toe1",489,804,817,835,908,425,736,754
"Tollip",2106,4214,4120,3785,4477,1981,3706,3744
"Tom1",835,1857,2064,1617,1924,806,1644,1808
"Tom1l1",201,442,273,335,327,228,366,288
"Tom1l2",2000,3916,4311,3916,4130,1923,3757,3983
"Tomm20",3160,5831,6167,5881,6852,3056,5138,6052
"Tomm22",2372,4056,4575,4341,4345,2333,3916,4567
"Tomm34",599,1184,1233,1098,1143,585,1100,1123
"Tomm40",1262,2056,2893,2477,2338,1193,2109,2556
"Tomm40l",600,1009,1030,947,1025,552,894,930
"Tomm5",900,1594,1927,1642,1773,922,1519,1817
"Tomm6",719,816,879,815,910,664,757,784
"Tomm6os",5,11,10,8,16,4,10,20
"Tomm7",838,1749,1959,1702,1793,939,1598,1952
"Tomm70a",2571,5060,5289,5743,4923,2860,6457,6098
"Tomt",61,85,90,101,106,59,79,96
"Tonsl",321,558,363,551,471,282,546,417
"Top1",1631,4173,3573,3766,3308,2038,5295,4203
"Top1mt",226,457,483,421,456,219,443,406
"Top2a",4707,9659,5681,9052,5911,5407,12513,7610
"Top2b",1370,4750,2952,3309,3020,1959,6295,3619
"Top3a",363,750,682,658,659,330,714,634
"Top3b",1202,2233,2439,2261,2313,1064,2131,2273
"Topbp1",1540,2609,2118,2900,2189,1425,3325,2554
"Topors",927,2500,1551,2028,1908,1249,2976,2032
"Toporsl",0,0,1,0,0,2,1,2
"Toporsos",9,3,5,8,8,5,5,7
"Tor1a",796,1531,1587,1542,1773,793,1378,1614
"Tor1aip1",2208,3808,3545,4112,3952,2144,3987,3970
"Tor1aip2",4989,8868,10225,9591,9038,4786,9527,9875
"Tor1b",2057,3968,4288,4061,4333,1931,3736,4024
"Tor2a",465,867,938,803,944,463,721,811
"Tor3a",1800,3713,3871,3193,4827,1845,3062,3453
"Tor4a",1014,1588,2057,2021,1693,888,1671,1958
"Tox",0,1,1,0,1,0,1,1
"Tox2",12,10,5,14,3,4,10,5
"Tox4",2190,3679,3848,3687,3635,2118,3536,3592
"Tpbg",1795,2796,2917,3143,3577,1636,2789,2943
"Tpcn1",2101,4948,3969,3903,4311,2154,3930,3918
"Tpcn2",240,400,550,495,507,207,418,477
"Tpd52",701,1279,1168,1306,1444,731,1231,1231
"Tpd52l1",136,256,361,274,356,141,237,318
"Tpd52l2",2378,4665,5041,4709,5273,2292,4135,4828
"Tpgs1",404,886,767,723,884,415,697,705
"Tpgs2",650,1202,1051,1220,1075,681,1127,1140
"Tph1",0,1,2,1,3,2,6,1
"Tph2",12,38,10,17,23,11,17,14
"Tpi1",23926,51166,35920,39070,48838,24071,36711,33535
"Tpk1",94,186,163,206,145,123,219,194
"Tpm1",30137,45697,64412,58413,42180,31696,57560,60692
"Tpm2",21330,35895,58906,41967,33260,24122,46123,50796
"Tpm3",8402,12767,14433,14264,13201,8024,13031,13891
"Tpm4",28088,40477,46894,50468,43768,26864,46561,49141
"Tpmt",247,477,470,464,468,282,542,481
"Tpp1",2251,5750,4678,4429,6554,2288,4574,4640
"Tpp2",1460,3971,3052,3513,3037,1952,5160,3807
"Tppp",3,0,1,6,2,1,2,3
"Tppp3",1439,3372,2237,2471,2680,1393,1977,2178
"Tpr",684,2210,1537,1524,1772,990,2092,1873
"Tpra1",421,936,1033,862,1127,400,815,967
"Tprg",2,0,1,3,3,0,1,2
"Tprgl",2102,4430,5120,4278,5154,1964,3739,4573
"Tprkb",882,1730,1867,1853,1976,903,1856,1932
"Tprn",243,402,468,442,463,251,398,443
"Tpsab1",23,154,111,48,482,44,83,79
"Tpst1",1422,2510,3002,3084,2538,1171,2303,2996
"Tpst2",2409,4402,5001,4526,4609,2567,4179,4647
"Tpt1",57376,109326,110879,105128,131048,58742,91272,108035
"Tpte",0,1,0,0,3,1,1,1
"Tpx2",2922,3807,3871,5088,3266,2605,4754,4248
"Tra2a",2169,3752,3526,4109,3479,2341,4154,3801
"Tra2b",3429,5265,5644,6260,5285,3202,5977,6073
"Trabd",1369,2799,3108,2660,2977,1294,2469,2773
"Trabd2b",1591,1967,2132,2632,1948,1850,3035,2243
"Tradd",335,683,768,656,760,380,604,690
"Traf1",91,126,94,129,83,84,101,69
"Traf2",1394,2525,3072,2813,2603,1334,2652,2990
"Traf3",1609,2930,2792,3234,2971,1597,3221,3094
"Traf3ip1",356,629,659,703,721,359,724,684
"Traf3ip2",121,285,259,249,331,125,227,227
"Traf3ip3",96,180,133,157,144,148,173,135
"Traf4",2911,4504,5278,4858,3684,2726,4894,4749
"Traf5",312,458,532,586,467,247,431,579
"Traf6",636,1386,1059,1245,1340,642,1500,1153
"Traf7",2807,5358,5465,5209,5284,2812,4855,5039
"Trafd1",1145,2235,2298,2234,2111,1080,1987,2245
"Traip",225,318,336,378,268,213,358,323
"Trak1",2019,4034,3794,3687,3656,1929,3602,3692
"Trak2",1871,3499,3220,3764,3187,2025,4547,3608
"Tram1",4251,8242,6938,8092,8515,3914,7555,7459
"Tram1l1",127,246,297,282,276,131,264,289
"Tram2",152,329,312,289,256,123,339,288
"Trap1",2186,3951,4580,4324,4085,1931,3875,4295
"Trappc1",1099,2083,2275,2092,1923,1092,1922,2185
"Trappc10",1899,3759,3828,3601,3774,1691,3428,3404
"Trappc11",1174,2269,2371,2406,2477,1138,2676,2416
"Trappc12",1151,2382,2233,2120,2275,1050,1957,2012
"Trappc13",1999,3438,3617,3741,3413,2016,3937,3737
"Trappc2",402,586,680,742,574,426,765,774
"Trappc2l",454,970,1041,891,1070,474,791,963
"Trappc3",1880,3487,3788,3630,3610,1758,3208,3686
"Trappc4",1141,2137,2312,2199,2508,1146,1927,2276
"Trappc5",842,1645,1890,1618,1767,786,1547,1816
"Trappc6a",357,797,801,755,1066,389,639,787
"Trappc6b",981,1868,1939,2048,2144,1048,2087,2151
"Trappc8",1037,2709,1774,2289,2246,1203,3038,2241
"Trappc9",1243,2426,2504,2420,2187,1087,2103,2427
"Trcg1",0,5,2,1,2,2,1,0
"Trdmt1",159,272,295,335,274,171,343,309
"Trdn",10,27,21,16,23,21,30,16
"Trem2",7,45,28,24,95,6,26,30
"Trem3",0,1,1,0,2,0,0,0
"Trerf1",208,391,377,397,369,179,380,358
"Trex1",203,284,343,347,366,151,245,354
"Trf",7,17,13,22,20,7,16,17
"Trhde",5,5,10,7,2,6,5,4
"Trhr2",1,4,1,1,1,0,0,0
"Triap1",484,915,1224,1035,1074,553,958,1168
"Trib1",378,1153,891,821,1795,395,698,852
"Trib2",454,1161,723,802,1316,399,703,651
"Trib3",132,633,233,211,2373,130,213,208
"Tril",588,750,690,1013,543,490,938,816
"Trim11",641,1313,1634,1407,1771,640,1329,1517
"Trim12c",88,219,148,168,186,152,278,160
"Trim13",429,761,910,843,728,408,769,878
"Trim14",20,26,21,34,18,11,23,23
"Trim15",2,4,4,8,5,0,7,6
"Trim16",814,1556,1459,1407,1609,776,1393,1401
"Trim17",16,27,35,24,36,20,29,33
"Trim2",529,1646,918,1344,1086,741,1897,1364
"Trim21",105,240,152,186,208,109,201,165
"Trim23",393,1097,794,961,875,546,1413,1044
"Trim24",420,916,561,812,736,520,1012,738
"Trim25",1133,2145,2028,2092,2056,1183,1928,1983
"Trim26",1109,1917,2057,2082,2042,1079,1859,1994
"Trim27",1441,2284,2562,2639,2384,1243,2224,2400
"Trim28",5626,9936,9953,10063,9475,4987,8810,9329
"Trim29",4,9,9,5,9,2,10,2
"Trim3",1096,2050,2199,2129,2270,1069,1861,2086
"Trim30a",11,21,4,16,22,19,21,8
"Trim32",1052,2051,2007,2038,1907,1013,1866,2020
"Trim33",456,1542,758,1041,1082,738,1852,1031
"Trim34a",5,15,11,9,28,6,11,6
"Trim34b",5,13,10,12,25,15,17,15
"Trim35",6616,12291,13640,12677,13895,5993,11544,12981
"Trim36",26,47,32,44,38,13,44,32
"Trim37",997,1910,1779,1987,1917,912,1979,1847
"Trim38",0,1,1,0,1,0,4,2
"Trim39",345,811,794,738,883,445,823,831
"Trim40",0,0,1,1,0,2,0,1
"Trim41",1099,2183,2000,2068,2131,1066,1976,1950
"Trim43a",3,3,9,4,9,5,2,4
"Trim43b",0,2,3,3,5,0,6,9
"Trim43c",5,8,10,11,9,4,17,10
"Trim44",2403,4598,4320,4979,4575,2440,5130,4777
"Trim45",165,332,277,316,348,133,264,301
"Trim46",248,501,452,467,545,246,484,428
"Trim47",1331,2109,2471,2397,1917,1158,2027,2196
"Trim54",606,1265,1570,1138,1017,667,1373,1422
"Trim55",1555,2743,2940,2573,2297,1727,2862,2580
"Trim56",206,504,320,407,385,173,572,333
"Trim59",1375,2751,2075,2880,1917,1625,3549,2691
"Trim62",63,120,71,107,112,51,93,97
"Trim63",539,962,1346,1007,827,601,1144,1216
"Trim65",79,181,161,156,214,91,169,149
"Trim66",75,52,98,124,58,64,101,98
"Trim67",0,1,1,3,0,3,2,6
"Trim68",149,334,285,319,326,191,330,334
"Trim69",1,6,6,1,3,3,4,4
"Trim7",117,189,156,215,145,130,183,217
"Trim72",2554,4467,6890,4409,4212,3158,5990,5799
"Trim8",2112,4042,3511,3643,3853,2149,3417,3409
"Trio",2641,5160,5220,5127,4775,3023,6362,5125
"Triobp",753,1419,1155,1268,1629,572,1064,1137
"Trip10",1301,2647,2724,2629,2745,1229,2385,2696
"Trip11",164,598,370,341,397,169,580,370
"Trip12",4773,11209,8382,10733,9257,5975,14276,10551
"Trip13",330,417,410,527,369,276,482,419
"Trip4",832,1732,1565,1774,1633,951,2136,1734
"Trip6",1215,2512,2474,2290,2969,1088,2009,2288
"Triqk",87,219,153,196,166,109,207,185
"Trit1",693,1164,1491,1408,1161,722,1373,1503
"Trmt1",1411,2667,2804,2710,3252,1288,2512,2769
"Trmt10a",390,706,649,749,722,516,927,769
"Trmt10b",205,400,365,377,421,228,382,335
"Trmt10c",362,813,721,905,838,466,1173,961
"Trmt11",253,467,415,489,488,296,517,447
"Trmt112",1447,2499,2599,2493,2804,1289,2094,2447
"Trmt12",303,547,600,564,608,314,490,537
"Trmt13",72,156,137,173,162,96,216,187
"Trmt1l",1008,1887,1948,2037,1927,1058,2038,2043
"Trmt2a",974,1632,1870,1791,1710,868,1605,1717
"Trmt2b",660,1269,1184,1210,1136,603,1241,1144
"Trmt44",201,474,495,434,486,202,421,469
"Trmt5",382,693,657,766,691,416,777,793
"Trmt6",790,1392,1517,1540,1529,786,1515,1626
"Trmt61a",323,598,790,664,715,333,654,777
"Trmt61b",63,101,145,120,128,69,105,110
"Trmu",261,426,548,523,528,259,450,564
"Trnau1ap",575,1147,1150,1094,1319,564,1053,1152
"Trnp1",14,57,35,21,76,13,28,23
"Trnt1",467,933,801,890,909,605,1242,956
"Tro",6,10,6,12,10,6,16,11
"Troap",632,793,746,991,631,578,900,794
"Trove2",459,1432,882,914,969,416,1320,1001
"Trp53",3594,6167,7240,6889,6407,3301,6012,6808
"Trp53bp1",1460,2789,2717,2765,2425,1401,2956,2731
"Trp53bp2",641,1219,1084,1168,1105,606,1285,1083
"Trp53cor1",67,153,129,126,134,67,153,146
"Trp53i11",69,91,75,106,109,55,87,83
"Trp53i13",446,823,985,864,892,431,699,835
"Trp53inp1",813,2523,1917,2460,2525,1493,3717,2702
"Trp53inp2",4001,6706,8110,7304,6316,4203,7477,7691
"Trp53rka",348,620,683,599,636,332,572,638
"Trp53rkb",108,160,175,160,161,89,151,196
"Trp53tg5",3,15,10,7,10,6,11,8
"Trp63",301,418,575,495,366,295,644,536
"Trp73",1,1,0,2,1,0,1,1
"Trpa1",1,1,0,2,0,0,2,1
"Trpc1",48,88,56,84,65,54,105,63
"Trpc3",5,5,13,5,5,7,11,3
"Trpc4ap",4264,8399,8416,8134,8003,3871,7574,7990
"Trpc5os",1,0,0,3,0,0,0,2
"Trpc6",0,0,0,0,1,1,0,1
"Trpm2",0,2,0,3,3,0,1,3
"Trpm3",4,10,8,8,7,9,7,4
"Trpm4",487,1109,999,890,990,468,881,913
"Trpm5",1,0,0,1,0,1,0,0
"Trpm6",37,53,39,59,57,43,61,44
"Trpm7",798,2707,1494,1738,1843,1062,3081,1744
"Trpm8",1,5,3,2,4,4,5,1
"Trps1",394,1192,798,903,955,525,1492,930
"Trpt1",100,199,255,187,176,87,188,218
"Trpv1",11,7,11,14,7,5,15,10
"Trpv2",178,327,346,333,286,141,335,333
"Trpv3",1,4,2,1,4,4,6,1
"Trpv4",43,78,63,96,79,64,89,89
"Trpv6",46,86,81,65,90,47,74,63
"Trrap",2358,4915,4305,4483,4260,2061,4828,4102
"Trub1",246,522,619,657,632,320,722,757
"Trub2",767,1409,1746,1523,1657,737,1456,1699
"Try5",0,24,7,5,643,1,3,8
"Tsacc",22,41,37,35,31,17,33,35
"Tsc1",762,1680,1611,1532,1686,765,1799,1627
"Tsc2",1913,3759,3698,3518,3418,1640,3325,3461
"Tsc22d1",8133,19798,17572,16506,23235,8257,14979,17140
"Tsc22d2",1039,2331,1457,1948,1888,1199,2369,1737
"Tsc22d3",939,2084,2856,2148,2283,956,1952,2519
"Tsc22d4",1148,2149,2247,2161,2259,1183,2026,2201
"Tsen15",489,833,928,944,877,398,762,890
"Tsen2",583,1169,1114,1124,1163,545,1026,1064
"Tsen34",1783,2797,3149,3093,2708,1552,2466,2911
"Tsen54",304,572,635,610,601,255,560,634
"Tsfm",728,1243,1434,1333,1343,700,1185,1392
"Tsg101",2016,3704,4203,3997,4104,2021,3638,4209
"Tsga10",50,119,80,108,85,68,153,126
"Tshr",1,0,2,1,0,0,0,0
"Tshz1",436,1143,860,1069,1547,526,1188,1024
"Tshz3",854,1609,1226,1661,1529,996,1753,1461
"Tsks",2,1,3,2,0,2,1,0
"Tsku",728,1353,1508,1349,1978,653,1192,1324
"Tslp",17,79,82,65,89,33,91,86
"Tsn",3214,5365,6106,6312,5640,2974,5752,6352
"Tsnax",2274,3901,4845,4592,4271,2298,4191,4849
"Tsnaxip1",0,3,3,1,3,1,4,3
"Tspan1",1,1,0,2,3,1,1,2
"Tspan10",0,1,0,1,0,0,1,1
"Tspan11",210,812,249,325,673,172,264,224
"Tspan12",797,1746,1522,1653,1680,832,1899,1706
"Tspan13",84,172,286,167,142,102,226,239
"Tspan14",2045,4009,4104,3913,3686,1910,3691,3949
"Tspan15",749,2373,1281,1308,2610,669,1075,1146
"Tspan17",1007,2135,1992,2029,1938,1010,1769,1974
"Tspan18",16,23,17,27,17,9,25,19
"Tspan2",126,207,169,276,162,139,327,259
"Tspan3",4499,7861,9758,8835,8187,4402,8273,9521
"Tspan31",3095,6216,6187,5563,6214,3033,5210,5599
"Tspan32",233,433,661,404,426,283,495,492
"Tspan33",72,105,153,137,93,80,124,144
"Tspan4",1631,3190,2842,2788,3883,1420,2310,2796
"Tspan5",705,1755,1631,1499,1881,565,1357,1540
"Tspan6",1190,2086,2216,2375,2029,1015,2011,2283
"Tspan7",717,1767,1580,1290,1462,790,1319,1357
"Tspan8",435,419,307,554,394,494,568,312
"Tspan9",5386,9123,8598,8989,8267,5007,8686,7852
"Tspo",6566,11805,13569,12016,12587,6410,10801,12371
"Tspyl1",2048,3815,4742,4493,4226,1947,4030,4694
"Tspyl2",775,1711,1553,1646,1748,793,1688,1691
"Tspyl3",3,15,7,6,8,6,19,6
"Tspyl4",122,223,261,284,208,150,252,307
"Tspyl5",171,284,288,294,235,155,306,266
"Tsr1",1289,2118,2459,2420,2187,1225,2637,2397
"Tsr2",565,913,1078,1092,990,554,985,1178
"Tsr3",525,877,937,845,972,461,842,881
"Tssc1",521,957,1079,972,1052,474,899,954
"Tssc4",696,1048,1241,1160,1028,682,1117,1155
"Tssk1",0,1,3,0,1,1,0,1
"Tssk2",1,1,3,2,3,1,2,0
"Tssk3",1,1,0,1,2,0,0,0
"Tssk4",6,9,14,12,15,5,13,22
"Tssk6",3,13,15,14,12,6,16,19
"Tst",192,285,341,315,292,118,237,293
"Tsta3",873,1739,1783,1690,1720,818,1542,1729
"Tstd1",10,21,28,25,26,11,26,27
"Tstd2",557,1074,1184,1076,1124,505,1131,1084
"Tstd3",326,501,623,627,526,350,647,660
"Tsx",0,1,0,0,1,1,1,0
"Ttbk2",435,1268,826,971,950,617,1459,1004
"Ttc1",1198,2223,2501,2397,2517,1224,2305,2505
"Ttc12",200,556,360,353,558,227,378,375
"Ttc13",1542,2831,3199,2912,2887,1435,2856,2908
"Ttc14",390,1123,800,947,891,511,1454,1027
"Ttc16",7,17,6,16,7,9,13,14
"Ttc17",1140,2224,1973,2143,2312,1025,2127,1972
"Ttc19",690,1247,1419,1339,1346,688,1393,1338
"Ttc21a",4,13,5,9,11,9,8,10
"Ttc21b",531,1078,897,1127,1079,532,1153,1015
"Ttc23",403,773,805,742,754,374,756,711
"Ttc25",16,38,41,28,25,23,37,36
"Ttc26",413,787,729,843,737,420,811,772
"Ttc27",585,1026,1230,1153,1234,530,1085,1139
"Ttc28",1511,3182,2809,2946,2507,1408,3105,2751
"Ttc3",2155,6460,3820,4957,4104,2816,7536,4949
"Ttc30a1",98,216,167,175,193,84,217,158
"Ttc30a2",5,7,3,3,9,3,6,5
"Ttc30b",232,502,459,447,493,222,436,438
"Ttc32",73,117,107,137,132,71,132,132
"Ttc33",1114,2319,2385,2191,2419,1077,2318,2406
"Ttc36",1,2,2,2,0,0,2,0
"Ttc37",496,1474,933,1259,1247,661,1938,1289
"Ttc38",81,145,90,138,115,55,108,129
"Ttc39a",24,22,25,34,19,28,31,23
"Ttc39aos1",1,10,4,7,11,9,10,13
"Ttc39b",1169,3135,2312,2669,2787,1544,3765,2708
"Ttc39c",291,601,623,556,711,230,499,528
"Ttc39d",1,5,0,1,0,0,2,1
"Ttc4",1091,2087,2208,2046,2064,1020,1973,2043
"Ttc41",47,76,75,85,71,46,90,76
"Ttc5",781,1387,1481,1495,1456,758,1301,1447
"Ttc7",903,1944,1779,1712,2095,835,1631,1761
"Ttc7b",461,1001,912,923,1060,518,908,990
"Ttc8",391,847,674,827,823,426,870,797
"Ttc9",1348,2333,2629,2325,1952,1357,2521,2502
"Ttc9b",0,2,0,0,1,0,1,0
"Ttc9c",420,923,988,1004,1007,515,1197,1106
"Ttf1",337,834,659,789,731,451,985,808
"Ttf2",645,918,1025,1128,973,550,1027,1033
"Tti1",711,1327,1327,1314,1287,620,1284,1289
"Tti2",416,692,810,728,774,444,689,705
"Ttk",431,784,479,813,471,492,1051,686
"Ttl",941,1517,1843,1763,1632,834,1719,1786
"Ttll1",972,2083,2183,1907,2047,987,1863,1990
"Ttll11",143,443,302,266,404,176,278,302
"Ttll12",2328,4309,4985,4473,4274,2047,4094,4595
"Ttll13",5,18,14,16,17,5,13,16
"Ttll2",0,4,1,2,9,1,1,2
"Ttll3",45,97,86,94,73,49,111,109
"Ttll4",352,702,734,739,620,317,908,701
"Ttll5",1623,2160,2363,2558,1984,1498,2417,2163
"Ttll6",0,1,0,1,6,0,2,1
"Ttll7",605,1640,947,1240,1121,787,2044,1146
"Ttll8",0,0,0,1,1,1,1,0
"Ttn",3174,11584,6599,7656,6642,5688,17785,8817
"Ttpa",5,18,16,13,16,8,25,13
"Ttpal",1697,3133,3304,3197,3070,1544,3196,3190
"Ttr",0,2,1,0,6,1,1,2
"Ttyh1",2,9,10,8,10,6,7,13
"Ttyh2",2253,4298,4016,3943,4529,2180,3641,3923
"Ttyh3",1977,3692,3099,3568,3274,1652,2966,2937
"Tuba1a",29551,36820,37798,37591,30468,27536,33438,36742
"Tuba1b",25908,21277,26357,25957,20030,22367,22737,24777
"Tuba1c",7893,6670,7845,7610,6412,6752,6655,7547
"Tuba4a",2651,5072,6867,5091,4513,2718,5348,6053
"Tubb1",1,0,0,2,0,0,0,1
"Tubb2a",6617,11428,15292,12846,10186,6300,11996,13841
"Tubb2a-ps2",0,3,5,1,4,0,6,2
"Tubb2b",6124,11722,13693,11683,10302,5623,10912,12537
"Tubb3",780,1521,1193,1309,1328,770,980,1121
"Tubb4a",1,9,6,10,20,4,11,16
"Tubb4b",7985,10130,11997,11919,9531,6983,10499,11215
"Tubb5",29775,45775,53627,54454,44564,25503,44645,51508
"Tubb6",12626,20178,31020,24349,17762,12631,25454,28552
"Tubd1",279,562,612,541,511,312,613,538
"Tube1",145,237,197,255,209,136,247,204
"Tubg1",1325,2040,2395,2369,1989,1215,2068,2305
"Tubg2",19,35,45,46,40,31,34,37
"Tubgcp2",875,1447,1530,1595,1451,801,1381,1421
"Tubgcp3",1054,1785,1889,2033,2040,998,1771,1947
"Tubgcp4",514,907,858,974,947,436,971,917
"Tubgcp5",320,740,573,663,693,398,865,641
"Tubgcp6",802,1596,1515,1515,1350,615,1529,1365
"Tufm",2018,3465,3931,3489,3353,1950,3292,3564
"Tuft1",416,725,887,791,769,429,684,826
"Tug1",1169,3563,2285,2994,2728,1911,4353,3208
"Tulp1",0,1,1,0,3,1,1,1
"Tulp2",0,1,2,1,1,0,1,0
"Tulp3",1354,2536,2969,2703,3051,1149,2369,2801
"Tulp4",2968,6669,3845,4947,5557,4057,7014,4832
"Tusc1",87,199,155,149,217,94,146,142
"Tusc2",381,752,884,758,769,370,720,790
"Tusc3",1553,3866,3529,3487,4663,1688,2906,3302
"Tusc5",3,4,4,4,3,0,1,4
"Tut1",449,806,959,886,824,461,820,919
"Tvp23a",137,212,176,226,193,110,200,174
"Tvp23b",1386,2900,3056,2908,3324,1456,2741,3039
"Twf1",3599,6518,6337,7142,6852,3774,7326,6967
"Twf2",617,1116,1361,1151,1039,576,1053,1224
"Twist1",1,1,0,3,0,2,1,2
"Twist2",308,580,587,568,755,268,464,527
"Twistnb",293,693,566,612,582,355,860,623
"Twsg1",2413,4605,3652,4964,4321,2358,5439,4580
"Txk",0,1,1,0,1,1,1,0
"Txlna",3270,5935,5909,6102,5893,2925,5643,5814
"Txlnb",309,623,635,562,513,418,885,595
"Txlng",190,494,362,387,399,243,561,434
"Txn1",4454,8170,9456,8886,10480,4642,7926,9489
"Txn2",2690,4978,5955,5306,5311,2598,4885,5580
"Txndc11",757,1635,1469,1453,1588,721,1310,1414
"Txndc12",1406,2787,2666,2683,2915,1311,2337,2518
"Txndc15",1778,3456,3407,3325,3429,1664,3124,3336
"Txndc16",880,1964,1963,1805,2115,847,1781,1857
"Txndc17",1755,3431,3664,3433,3874,1740,3197,3571
"Txndc2",1,7,5,8,5,2,13,9
"Txndc5",12003,21459,22678,23076,21965,10374,19140,22102
"Txndc9",2080,3967,4184,4016,4096,2037,3817,4167
"Txnip",3617,8195,8644,7501,12911,3624,6216,8232
"Txnl1",2839,5527,5768,5605,5464,2874,5710,5744
"Txnl4a",3041,5447,5838,5754,6028,2750,4902,5625
"Txnl4b",150,306,302,295,291,174,274,295
"Txnrd1",4467,9316,9951,8960,10585,4231,8503,9298
"Txnrd2",426,806,813,755,779,406,674,716
"Txnrd3",237,485,552,518,545,240,508,566
"Tyk2",744,1640,1611,1403,1513,717,1462,1448
"Tymp",30,31,31,32,35,20,32,28
"Tyms",975,1321,1387,1627,1318,725,1435,1356
"Tyms-ps",1,0,1,2,0,1,1,2
"Tyro3",376,695,660,640,694,320,609,562
"Tysnd1",238,399,440,427,459,195,366,420
"Tyw1",798,1594,1576,1445,1755,694,1287,1399
"Tyw3",70,181,155,153,176,81,197,186
"Tyw5",163,347,314,394,361,202,462,409
"U2af1",1834,3052,3830,3623,3356,1840,3164,3846
"U2af1l4",444,736,781,777,770,392,708,740
"U2af2",3586,6054,6734,6483,6722,3263,5820,6439
"U2surp",505,1627,952,1129,1126,741,1771,1211
"U90926",3,0,4,3,15,0,1,0
"Uaca",1039,2499,1971,2293,2947,1086,2304,2266
"Uap1",1547,2975,2736,2938,2929,1488,2678,2704
"Uap1l1",1249,4020,3465,2374,5200,1145,2466,2865
"Uba1",12747,22771,25269,24205,22735,11287,21639,23694
"Uba2",2941,4817,5227,5469,5117,2547,4713,5069
"Uba3",3087,6678,6158,6760,6051,3566,8067,6965
"Uba5",1388,2620,2455,2725,2605,1338,2663,2626
"Uba52",7646,11292,13126,12451,13200,6990,9863,12689
"Uba6",294,825,479,572,495,309,955,539
"Uba7",127,206,151,194,162,113,166,146
"Ubac1",1345,2340,2708,2406,2224,1361,2289,2419
"Ubac2",1082,2095,2225,1999,2354,986,1797,1987
"Ubald1",847,1711,1924,1678,2044,841,1511,1808
"Ubald2",0,1,0,2,0,0,0,2
"Ubap1",1605,3205,3361,3084,3632,1557,2947,3075
"Ubap1l",3,2,3,3,2,6,6,1
"Ubap2",3339,6002,6191,6382,5513,3232,6048,6270
"Ubap2l",5877,11252,11470,11548,10938,5758,11207,11531
"Ubash3b",217,387,361,369,349,237,420,359
"Ubb",6283,1674,1599,1636,2156,5692,1381,1650
"Ubc",7501,18173,14456,16624,16363,6549,13813,14068
"Ube2a",1013,1870,2088,2003,1945,1003,1900,2066
"Ube2b",2752,5693,5784,5781,6101,2967,5987,6178
"Ube2c",2104,2608,2757,3357,2242,1875,2971,2760
"Ube2cbp",100,164,190,189,210,114,181,199
"Ube2d1",2160,4210,3982,3876,3762,2328,3879,3898
"Ube2d2a",2724,4006,4301,4465,4271,2644,4266,4459
"Ube2d3",8231,13969,14844,14969,15168,7880,14217,14892
"Ube2e1",515,755,896,901,878,572,838,956
"Ube2e2",586,1182,1402,1154,1241,634,1031,1223
"Ube2e3",1285,2220,2555,2518,2494,1163,2148,2508
"Ube2f",1107,2196,2762,2305,2344,1171,2175,2548
"Ube2g1",1707,3296,3008,3366,3330,1867,3693,3260
"Ube2g2",2899,5616,6610,5613,5972,2953,5455,6038
"Ube2h",3803,5687,6873,6721,5843,3967,6641,7085
"Ube2i",5038,6529,7368,7157,7438,4838,6253,7107
"Ube2j1",3509,6124,6333,6524,6220,3422,6510,6355
"Ube2j2",106,127,128,121,146,112,138,140
"Ube2k",1568,2982,3247,3336,3215,1870,3422,3448
"Ube2l3",5346,8713,10192,9578,8900,5273,9041,9920
"Ube2l6",681,1382,1251,1219,1385,640,1017,1132
"Ube2m",2246,4002,4324,3995,4241,2192,3655,4104
"Ube2n",4798,6131,7098,7233,5888,4505,6884,7149
"Ube2o",1300,2733,2535,2509,2730,1082,2381,2498
"Ube2q1",1976,3748,3792,3623,3957,1868,3341,3404
"Ube2q2",887,1673,1586,1755,1783,986,1942,1789
"Ube2r2",2362,4434,4691,4662,4837,2463,4556,4789
"Ube2s",2926,3310,3716,3682,3253,2776,3240,3540
"Ube2t",151,198,209,242,171,121,202,199
"Ube2u",0,0,0,1,0,0,1,1
"Ube2v1",2696,3352,3496,3334,3250,2381,3131,3381
"Ube2v2",490,1023,801,995,848,661,1341,1055
"Ube2w",1692,2950,3373,3608,3298,1754,3314,3720
"Ube2z",4374,7807,8290,7999,8108,3862,7174,7722
"Ube3a",324,1073,629,740,700,431,1278,745
"Ube3b",2139,4309,4370,4155,3977,1851,3925,4074
"Ube3c",3008,5701,6022,5735,6006,2891,5614,5646
"Ube4a",1656,3447,3218,3415,3301,1632,3694,3364
"Ube4b",2690,4894,5252,5387,5147,2358,4938,5384
"Ube4bos3",14,32,30,38,27,8,42,50
"Ubfd1",1278,2319,2455,2463,2418,1202,2231,2441
"Ubiad1",861,1718,1794,1592,1758,847,1456,1622
"Ubl3",1244,2409,2531,2552,2654,1321,2608,2652
"Ubl4a",720,1241,1409,1259,1227,805,1296,1357
"Ubl5",1379,2672,2886,2802,2859,1320,2476,2890
"Ubl7",1252,2524,2668,2502,2839,1191,2184,2561
"Ublcp1",667,1271,1357,1395,1522,729,1493,1497
"Ubn1",1626,3376,3201,3155,3113,1779,3451,3041
"Ubn2",415,1627,799,985,1018,727,1901,1037
"Ubox5",351,534,549,583,531,316,465,509
"Ubp1",1613,2858,3163,3340,3101,1723,3446,3485
"Ubqln1",4216,7545,8111,8392,8036,4051,8089,8455
"Ubqln2",1197,2318,2090,2505,2376,1191,2501,2466
"Ubqln4",1489,2891,3396,2941,3489,1561,2943,3159
"Ubr1",996,2280,1728,2257,2047,1265,2939,2176
"Ubr2",2622,5762,5454,5464,5932,2608,5738,5479
"Ubr3",1685,4322,3336,3969,3362,2197,5860,4205
"Ubr4",4890,10742,9587,9331,9731,4347,9571,8835
"Ubr5",5463,11990,10140,11917,10852,5696,13911,11455
"Ubr7",1282,2024,2157,2313,2031,1096,2132,2119
"Ubtd1",1332,2281,2431,2233,2166,1202,2147,2152
"Ubtd2",1395,2342,2130,2630,1914,1336,2754,2315
"Ubtf",3381,5908,6880,6643,6611,3080,5966,6692
"Ubxn1",1239,2229,2862,2385,2769,1307,2328,2546
"Ubxn11",26,69,55,52,64,30,41,51
"Ubxn2a",296,761,622,622,600,391,933,642
"Ubxn2b",172,410,297,350,376,207,431,339
"Ubxn4",2566,6338,5401,5850,5505,3689,7859,6229
"Ubxn6",1139,2583,2489,2223,2863,1099,1994,2345
"Ubxn7",1026,2780,2040,2440,2182,1385,3435,2649
"Ubxn8",251,533,414,442,627,219,441,445
"Uchl1",213,429,301,292,347,213,260,251
"Uchl1os",2,0,0,2,0,0,1,1
"Uchl3",479,901,947,1026,990,520,994,1059
"Uchl4",2,3,0,2,2,2,1,1
"Uchl5",509,1000,995,1130,1042,548,1212,1115
"Uck1",975,1687,1829,1690,1657,870,1529,1718
"Uck2",1064,1912,1890,1924,2152,936,1750,1815
"Uckl1",488,880,929,862,972,503,825,872
"Uckl1os",6,15,10,14,15,6,22,21
"Ucma",19,13,22,33,6,9,14,20
"Ucn",7,5,7,12,8,5,9,9
"Ucn2",1,0,0,2,0,1,2,3
"Ucp2",7569,9407,13038,13557,7297,5940,10758,12368
"Ucp3",9,16,36,14,17,8,22,19
"Uevld",983,1582,1614,1846,1583,952,1759,1782
"Ufc1",1474,2899,3284,2886,3083,1344,2667,3106
"Ufd1l",1605,2834,3315,3108,3456,1590,3076,3182
"Ufl1",736,1895,1422,1683,1670,978,2201,1811
"Ufm1",2016,3751,3570,3828,3960,2184,3992,3819
"Ufsp1",21,50,103,68,59,29,69,97
"Ufsp2",1011,1787,1951,1907,1941,1019,1855,1849
"Ugcg",7680,20740,11001,15666,22225,9987,17187,14128
"Ugdh",5908,11427,11506,12463,14075,5857,11678,12535
"Uggt1",4180,8863,7905,8131,8577,3650,7892,7646
"Uggt2",332,1079,595,818,687,411,1269,815
"Ugp2",2430,5439,4618,4925,4858,2555,5470,4833
"Ugt1a1",0,0,0,0,1,1,0,1
"Ugt1a6a",321,738,686,721,874,252,578,652
"Ugt1a6b",13,41,37,37,64,13,37,37
"Ugt1a7c",7,30,27,16,59,8,13,20
"Ugt2b1",0,1,1,1,0,0,0,0
"Ugt2b36",0,0,1,2,1,0,0,0
"Ugt2b5",0,0,0,0,1,1,2,0
"Ugt8a",3,5,2,4,6,4,8,4
"Uhmk1",175,411,294,363,294,140,462,302
"Uhrf1",2262,2896,2508,3446,2149,1684,2942,2355
"Uhrf1bp1",638,1410,1385,1307,1602,569,1381,1383
"Uhrf1bp1l",1145,3166,2105,2679,2734,1525,3610,2644
"Uhrf2",2023,4039,3768,4223,4463,2136,4353,4201
"Uimc1",895,1803,1856,1916,1791,1039,2156,2064
"Ulbp1",129,248,181,240,174,138,314,190
"Ulk1",1581,3378,2990,2884,3936,1465,2711,2827
"Ulk2",1347,3101,2222,2947,2752,1513,3463,2825
"Ulk3",346,662,671,667,772,365,679,665
"Ulk4",84,167,147,158,136,86,135,154
"Umad1",300,545,468,596,538,267,549,566
"Umodl1",0,1,3,2,1,0,0,2
"Umps",1210,2031,2172,2207,2309,1079,2029,2134
"Unc119",581,1112,1324,1219,1155,503,966,1260
"Unc119b",1463,2890,2890,2739,2784,1307,2449,2625
"Unc13a",51,102,62,76,107,76,74,65
"Unc13b",35,98,80,85,86,38,102,88
"Unc13c",7,34,13,21,7,14,38,19
"Unc13d",500,1032,1245,934,779,489,1084,1097
"Unc45a",781,1691,1747,1593,1724,731,1516,1651
"Unc45b",845,1260,1910,1439,1069,871,1712,1670
"Unc50",1021,2056,2276,2046,2405,1118,1915,2154
"Unc5a",3,5,6,3,6,2,3,2
"Unc5b",4299,7431,6349,7093,6671,3584,6588,5749
"Unc5c",149,496,311,373,289,192,510,356
"Unc93a",6,26,18,10,47,16,18,14
"Unc93b1",453,948,858,826,728,507,778,813
"Ung",137,167,187,209,175,124,178,187
"Unk",605,1159,1057,1115,1184,565,1110,1040
"Unkl",143,209,208,251,235,127,259,235
"Uox",0,1,1,1,5,1,0,2
"Upb1",0,0,1,0,1,1,0,0
"Upf1",1582,2888,3486,3148,2968,1522,2966,3271
"Upf2",322,940,652,764,669,432,1232,823
"Upf3a",745,1386,1527,1506,1567,795,1406,1503
"Upf3b",82,313,242,268,258,180,450,359
"Upk1a",7,9,11,13,16,8,9,18
"Upk1b",37,27,49,51,38,23,56,51
"Upk2",0,0,0,1,0,0,1,2
"Upk3bl",0,1,0,1,1,0,0,2
"Upp1",122,234,185,196,293,105,206,160
"Upp2",21,60,34,43,43,30,30,48
"Uprt",64,127,112,121,119,56,215,112
"Uqcc1",1337,2159,2677,2266,2191,1265,2289,2337
"Uqcc2",1575,2947,3387,3083,3033,1526,2727,3106
"Uqcc3",116,284,270,252,294,157,240,283
"Uqcr10",1020,2191,2484,2098,2327,1058,1951,2414
"Uqcr11",1454,2763,3323,2817,2657,1438,2655,3007
"Uqcrb",1914,3412,4172,3871,3561,1998,3766,4134
"Uqcrc1",3667,6351,7631,6893,5954,3278,6162,7053
"Uqcrc2",3461,6134,7458,6655,6121,3444,6252,6985
"Uqcrfs1",2526,4484,5437,4813,4860,2526,4425,5284
"Uqcrh",3430,7048,8008,6852,7394,3636,6411,7475
"Uqcrq",1491,3040,3541,2953,3241,1583,2706,3277
"Urah",3,0,0,5,2,1,0,2
"Urb1",326,597,714,684,663,306,673,696
"Urb2",592,1073,1089,1157,1060,568,1159,1149
"Urgcp",1518,2728,2623,2685,2465,1213,2403,2399
"Uri1",801,1653,1537,1765,1684,920,1974,1790
"Urm1",662,1158,1488,1238,1304,643,1099,1252
"Uroc1",2,0,1,3,0,0,2,2
"Urod",999,1939,2030,1905,2037,914,1625,1898
"Uros",312,514,520,529,487,284,471,479
"Usb1",1139,2075,2269,2131,2259,1108,1950,2130
"Use1",1096,2399,2298,2046,2578,1129,1764,2188
"Usf1",1355,2797,2726,2485,2799,1342,2323,2495
"Usf2",854,1679,1581,1562,1720,811,1440,1492
"Ush1c",1,0,3,2,1,0,0,2
"Ush1g",90,164,179,160,107,90,139,167
"Ushbp1",1,0,4,2,1,2,0,3
"Usmg5",1472,2728,3584,2883,2904,1789,2766,3191
"Uso1",3006,7124,6127,7167,6532,4010,8817,7461
"Usp1",1363,2382,1941,2648,2293,1533,3096,2411
"Usp10",1156,1869,2022,2117,2001,1043,1892,1956
"Usp11",1147,2219,2065,2220,1603,958,1981,2164
"Usp12",1200,2431,2152,2288,2798,1126,2378,2229
"Usp13",309,569,651,600,531,292,678,603
"Usp14",2885,5242,5776,5838,4929,2980,6061,5987
"Usp15",927,2416,1634,2178,1926,1306,3201,2176
"Usp16",463,1360,972,1092,1137,805,1716,1212
"Usp17la",6,18,14,9,36,8,7,5
"Usp17lb",0,2,0,0,5,0,1,0
"Usp17le",0,0,1,1,0,0,0,1
"Usp18",15,29,7,19,33,36,20,14
"Usp19",4149,7873,8246,7886,7776,3752,7672,7792
"Usp2",243,491,557,459,343,243,513,506
"Usp20",988,2032,2491,1959,1968,999,2065,2196
"Usp21",742,1510,1352,1358,1522,698,1253,1360
"Usp22",3873,7023,7422,7505,6553,3528,6642,7160
"Usp24",1132,3081,2366,2880,2769,1662,3815,3002
"Usp25",726,1857,1244,1577,1506,888,2110,1475
"Usp27x",120,243,227,235,259,103,200,235
"Usp28",1138,2140,2524,2260,1872,1094,2581,2404
"Usp29",11,25,16,27,17,15,36,23
"Usp3",827,1669,1705,1628,1833,882,1652,1666
"Usp30",652,1287,1323,1223,1394,615,1103,1173
"Usp31",500,1196,939,1147,1097,622,1491,1147
"Usp32",556,1772,1041,1340,1306,753,2087,1344
"Usp33",1043,2268,1875,2295,1969,1187,2715,2224
"Usp34",862,3248,1332,1839,1701,1121,3740,1639
"Usp35",149,288,272,281,264,139,265,266
"Usp36",745,1506,1482,1463,1662,850,1465,1492
"Usp37",368,967,611,887,733,544,1137,901
"Usp38",1514,3054,2737,3202,2929,1608,3683,3283
"Usp39",1580,2650,3250,3014,3117,1465,2750,3059
"Usp4",3151,5951,6679,6203,6252,2951,5678,6393
"Usp40",974,1961,1827,1974,1805,899,2206,1916
"Usp42",511,1043,994,1094,1037,512,1088,1059
"Usp43",41,77,57,58,82,51,95,49
"Usp44",9,19,21,17,13,14,25,24
"Usp45",438,1263,760,942,960,614,1651,959
"Usp46",773,1442,1437,1475,1296,703,1558,1406
"Usp47",3401,7703,5879,7499,6811,4158,9188,7434
"Usp48",1699,3398,2991,3295,3217,1618,3270,2973
"Usp49",240,438,369,451,354,206,530,433
"Usp5",4038,7677,8892,7872,7725,3460,7364,8236
"Usp50",1,1,1,2,0,0,3,1
"Usp53",101,400,243,226,302,142,396,245
"Usp54",474,961,848,942,1004,479,1024,948
"Usp6nl",609,1255,896,1159,1243,569,1302,1029
"Usp7",2241,4480,4157,5014,4572,2593,5428,5004
"Usp8",1623,3944,3154,3783,3848,2088,4629,3836
"Usp9x",1569,5885,2789,3587,3296,2199,6984,3559
"Uspl1",834,1551,1784,1648,1566,880,1667,1673
"Ust",755,1308,1325,1374,1593,764,1247,1239
"Utp11l",869,1590,2026,1896,1821,998,1867,2055
"Utp14a",652,1091,1355,1290,1364,737,1279,1404
"Utp14b",152,367,258,334,289,204,510,326
"Utp15",660,1201,1231,1331,1318,633,1283,1298
"Utp18",1023,1806,2026,2047,1938,1098,2021,2063
"Utp20",1127,2266,2400,2571,2668,1117,2810,2733
"Utp23",453,883,918,806,1013,433,839,774
"Utp3",1165,2186,2368,2476,2556,1397,2523,2627
"Utp6",1857,3496,3789,3950,3515,1880,4289,4167
"Utrn",2227,6843,3765,5134,4523,3022,7465,4831
"Uts2",0,1,0,0,0,1,1,1
"Uts2r",27,29,27,36,27,15,28,41
"Uvrag",891,1642,1851,1687,1959,849,1630,1708
"Uvssa",121,368,295,287,284,127,396,310
"Uxs1",1608,2667,3355,3274,2974,1658,3001,3430
"Uxt",187,237,281,257,260,173,198,265
"Vac14",601,1249,1369,1117,1435,542,1091,1231
"Vamp1",29,81,131,76,101,57,122,123
"Vamp2",1212,2297,2360,2426,2456,1105,2179,2439
"Vamp3",2935,5175,5338,5407,5488,2829,5202,5368
"Vamp4",621,1054,1096,1243,1228,638,1257,1241
"Vamp5",1636,2518,3692,3021,2253,1887,3264,3660
"Vamp8",1383,2587,2459,2412,2861,1331,2166,2239
"Vangl1",728,1407,1288,1446,1358,655,1365,1372
"Vangl2",113,247,251,229,275,121,245,249
"Vapa",5077,9331,9804,9927,10166,5134,9862,10030
"Vapb",3050,5650,6122,5891,5895,2993,5559,5846
"Vars",3616,6236,6655,6617,6730,3157,6051,6441
"Vars2",429,856,865,834,804,379,833,820
"Vash1",279,585,481,445,481,333,460,392
"Vash2",1348,2606,3235,2952,2739,1181,2683,3153
"Vasn",2325,4664,4417,4448,5145,1902,3639,4107
"Vasp",3679,6089,7685,6937,5421,3426,6498,7063
"Vat1",7120,18799,16102,13745,22368,6278,12111,14356
"Vav2",450,979,917,900,920,435,882,816
"Vav3",233,626,494,509,723,346,695,527
"Vax2",23,26,51,39,36,21,34,48
"Vax2os",0,1,0,0,1,1,0,0
"Vbp1",1187,2529,2295,2663,2341,1381,3119,2793
"Vcam1",3834,6566,6008,7078,5208,3540,6082,6199
"Vcan",3630,8616,6052,7918,7616,5074,12451,7803
"Vcl",16132,27744,33014,32859,25185,15668,33021,32709
"Vcp",18003,32906,38719,34297,32414,16496,32817,37041
"Vcpip1",655,2055,1205,1557,1543,889,2341,1639
"Vcpkmt",306,500,592,598,654,303,512,612
"Vdac1",9176,16832,17787,17085,17636,8785,15103,16916
"Vdac2",5913,10552,12883,11513,11209,5707,10628,12048
"Vdac3",4791,8023,9258,8218,8510,4463,7814,8458
"Vdr",2232,3236,2940,3840,3065,2005,3377,3092
"Vegfa",3710,8129,4584,6537,10316,4578,7371,5117
"Vegfb",518,1368,987,927,1365,529,830,933
"Vegfc",559,796,940,960,802,575,931,917
"Veph1",2,3,0,3,4,5,4,2
"Vezf1",1955,4440,3243,4282,3823,2539,5227,4089
"Vezt",635,1403,1457,1417,1264,701,1571,1499
"Vgf",0,1,1,0,2,1,3,1
"Vgll2",186,368,291,285,270,151,271,242
"Vgll3",1815,3517,3181,3500,3184,2099,3913,3513
"Vgll4",756,1377,1512,1505,1125,544,1350,1414
"Vhl",846,1676,1735,1648,1748,839,1557,1669
"Vil1",2,7,4,6,4,1,5,4
"Vill",49,69,61,88,77,38,67,73
"Vim",66077,116081,104411,117612,106522,58396,98943,105715
"Vimp",1460,3390,3081,2719,3720,1560,2561,2756
"Vipas39",922,1737,2020,1777,1897,844,1586,1778
"Vipr1",22,59,37,42,39,22,48,36
"Vipr2",74,137,173,171,176,77,155,159
"Vit",3,6,4,3,4,0,2,1
"Vkorc1",900,1786,1913,1837,1822,823,1515,1865
"Vkorc1l1",1330,2445,2273,2585,2479,1360,2728,2483
"Vldlr",547,1980,1356,1274,3247,763,1650,1371
"Vma21",1424,3138,2644,3073,2551,1864,4111,3223
"Vmac",290,635,677,625,652,293,517,635
"Vmn1r40",1,0,1,1,1,0,2,1
"Vmn1r44",2,0,0,2,1,0,0,0
"Vmn2r-ps54",0,0,1,1,2,1,1,2
"Vmn2r1",0,0,1,3,1,2,4,4
"Vmn2r13",7,3,10,5,6,3,2,7
"Vmn2r18",0,0,1,0,1,1,0,0
"Vmn2r29",26,51,52,49,45,32,50,47
"Vmn2r30",2,0,3,1,2,0,1,0
"Vmn2r43",1,0,1,0,0,0,0,1
"Vmn2r57",4,4,7,8,3,3,7,9
"Vmn2r78",7,8,9,7,4,4,14,11
"Vmn2r79",0,2,2,1,1,0,1,1
"Vmn2r87",1,0,1,1,0,0,2,2
"Vmn2r96",1,5,6,2,4,4,2,0
"Vmo1",1,0,0,1,1,0,0,0
"Vmp1",3842,8341,10662,9082,11164,4208,8939,10778
"Vnn1",5,11,7,9,21,3,8,6
"Vnn3",0,10,3,1,38,0,1,4
"Vopp1",1495,2816,3071,2933,3192,1398,2640,2839
"Vprbp",1122,1934,2042,2069,1995,1089,2202,2011
"Vpreb1",3,6,2,5,7,1,5,7
"Vpreb3",2,0,5,3,2,0,0,1
"Vps11",1181,2481,2632,2387,2624,1060,2101,2503
"Vps13a",163,670,297,322,336,226,674,368
"Vps13b",594,1786,898,1301,1233,745,1813,1174
"Vps13c",854,2899,1487,1924,1940,988,2858,1774
"Vps13d",1702,3601,3446,3431,3475,1573,3592,3231
"Vps16",983,1903,1903,1908,1968,934,1755,1787
"Vps18",890,1954,1952,1712,1942,798,1628,1826
"Vps25",1311,2525,2919,2688,2649,1313,2398,2851
"Vps26a",2128,5171,4574,4666,5109,2575,5523,5077
"Vps26b",1743,3224,3498,3438,3498,1549,3112,3556
"Vps28",1445,2716,3170,2841,2973,1388,2448,2975
"Vps29",1588,3305,3645,3185,3715,1745,3035,3567
"Vps33a",1388,2803,2969,2643,2744,1202,2571,2701
"Vps33b",365,698,793,681,771,355,694,707
"Vps35",7728,15872,13735,16199,15460,7799,17662,16165
"Vps36",663,1174,1220,1273,1283,692,1275,1220
"Vps37a",783,1649,1374,1523,1465,958,2188,1579
"Vps37b",571,1038,1150,1085,1250,538,947,1090
"Vps37c",954,1983,1854,1796,1881,954,1668,1831
"Vps37d",102,173,214,190,168,64,153,176
"Vps39",1048,2044,2074,1906,2043,955,1849,1848
"Vps41",1938,4335,3734,4181,3847,2082,4685,4167
"Vps45",450,935,972,933,910,452,814,955
"Vps4a",1267,2536,2722,2574,2641,1364,2295,2682
"Vps4b",1965,4006,3905,4086,4178,2104,4391,4229
"Vps51",652,1394,1399,1223,1299,615,1168,1214
"Vps52",1202,2243,2384,2195,2044,1085,2123,2120
"Vps53",1492,2884,3138,2771,2775,1412,2776,2837
"Vps54",453,1326,954,1165,1117,705,1625,1252
"Vps72",1287,2476,2467,2299,2582,1271,2104,2242
"Vps8",1145,2671,2362,2265,2692,1003,2224,2232
"Vps9d1",340,645,605,576,580,306,574,540
"Vrk1",524,845,789,951,756,504,873,852
"Vrk2",216,426,390,374,410,262,404,340
"Vrk3",369,728,725,658,781,349,639,622
"Vsig10",455,846,817,858,859,363,720,719
"Vsig10l",25,65,74,58,97,28,45,72
"Vsig8",1,3,5,1,5,1,2,4
"Vsnl1",1,4,2,1,4,0,1,0
"Vta1",1332,2420,2324,2444,2475,1280,2357,2294
"Vtcn1",1,2,6,2,4,3,2,4
"Vti1a",748,1376,1487,1381,1576,621,1344,1355
"Vti1b",1451,2750,2900,2764,3101,1505,2482,2844
"Vtn",0,1,0,3,4,1,3,0
"Vwa1",717,1536,1362,1485,1846,894,1196,1485
"Vwa2",0,1,3,1,4,1,1,1
"Vwa3a",2,1,2,2,1,0,2,2
"Vwa5a",3261,6883,6172,6833,7211,3135,6572,6503
"Vwa5b2",2,3,2,3,1,4,6,5
"Vwa7",0,4,0,0,1,0,6,0
"Vwa8",1292,2653,2716,2551,2540,1158,2563,2572
"Vwa9",997,1687,2065,1912,1911,948,1800,1930
"Vwce",0,1,2,2,2,1,1,0
"Vwde",1,1,0,1,0,2,1,0
"Vwf",16,35,35,28,54,17,29,31
"Wac",1861,3941,3118,3810,3706,2375,4657,3900
"Wapal",1004,3474,1941,2397,2178,1603,4344,2545
"Wars",1589,3209,3262,2998,3735,1442,2728,3073
"Wars2",194,394,303,382,384,198,405,367
"Was",8,19,27,25,24,16,18,25
"Wasf1",379,604,692,687,532,325,617,660
"Wasf2",4104,7563,7544,7702,6616,3535,7533,7166
"Wash1",854,1915,2009,1716,2072,807,1663,1808
"Wasl",1060,2416,2106,2455,2195,1380,2965,2558
"Wbp1",698,1347,1489,1330,1244,719,1200,1396
"Wbp11",2325,4086,4411,4368,4193,2168,4022,4293
"Wbp1l",2826,6177,5304,5401,6036,2658,4974,5250
"Wbp2",2368,5189,5260,4476,5924,2399,4185,4830
"Wbp4",689,1895,1503,1778,1693,1158,2429,1918
"Wbp5",3139,5577,5558,6178,5849,3202,6016,6312
"Wbscr16",398,683,990,840,878,402,754,940
"Wbscr22",650,1072,1330,1246,1176,585,1075,1318
"Wbscr27",177,460,450,414,535,187,397,491
"Wdfy1",1360,2857,2896,2843,3072,1541,3196,2876
"Wdfy2",142,347,287,297,266,105,310,279
"Wdfy3",1752,3709,2865,3497,3469,1627,3819,3074
"Wdfy4",0,0,1,1,1,1,0,1
"Wdhd1",539,770,701,969,713,506,950,785
"Wdpcp",252,526,507,522,484,224,474,501
"Wdr1",9210,15698,19341,18519,16139,8361,15773,18781
"Wdr11",888,1797,1816,1765,1863,793,1790,1691
"Wdr12",804,1409,1956,1723,1738,844,1704,1959
"Wdr13",1288,2649,2424,2449,2575,1361,2491,2372
"Wdr17",0,0,2,1,1,1,0,2
"Wdr18",805,1557,1893,1638,1568,746,1476,1715
"Wdr19",484,992,955,1012,960,466,889,974
"Wdr20",580,1053,1118,1178,1097,607,1260,1131
"Wdr24",540,1187,1121,1043,1217,533,1047,1071
"Wdr25",170,360,323,289,368,161,285,260
"Wdr26",4359,10615,8786,9841,8804,5587,13231,10245
"Wdr27",4,12,30,17,16,6,10,25
"Wdr3",1187,2091,2318,2282,2476,1194,2382,2265
"Wdr31",62,88,102,104,94,48,105,91
"Wdr33",1848,3549,3860,3697,3530,1783,3674,3856
"Wdr34",402,821,754,758,757,395,649,738
"Wdr35",1054,2036,2077,2033,1973,996,2123,1986
"Wdr36",2451,4516,4555,4753,5027,2062,4270,4669
"Wdr37",520,1200,997,1191,1145,633,1435,1242
"Wdr38",0,1,1,1,0,1,0,2
"Wdr4",645,1150,1302,1181,1389,645,1054,1144
"Wdr41",636,1246,1352,1279,1277,570,1209,1291
"Wdr43",1507,3038,2447,3141,2923,1852,3588,2993
"Wdr44",407,1091,982,970,879,589,1522,1120
"Wdr45",527,1219,1252,1067,1549,497,989,1136
"Wdr45b",2616,4816,5306,5088,4791,2559,4557,5175
"Wdr46",986,1686,2240,1989,1972,966,1792,2128
"Wdr47",561,1082,1114,1139,938,558,1254,1117
"Wdr48",1119,2122,2131,2209,2261,1015,2029,2042
"Wdr5",1686,3157,3174,3099,3076,1542,3000,3017
"Wdr53",198,361,388,400,416,190,344,373
"Wdr54",126,301,252,238,334,122,222,224
"Wdr55",512,947,993,918,1040,499,966,985
"Wdr59",629,1218,1171,1162,1219,577,1122,1113
"Wdr5b",107,171,291,229,183,94,236,264
"Wdr6",2500,4168,4844,4744,3828,1915,4011,4572
"Wdr60",400,913,752,924,899,502,1082,896
"Wdr61",1119,2070,2516,2308,2458,1134,2053,2377
"Wdr62",293,485,336,451,366,222,409,367
"Wdr63",2,4,2,6,2,2,3,4
"Wdr7",987,2351,2235,2102,2437,970,2408,2194
"Wdr70",830,1550,1909,1757,1696,862,1682,1820
"Wdr72",0,2,0,0,1,0,1,1
"Wdr73",317,697,686,603,745,327,609,633
"Wdr74",437,721,924,830,831,432,679,840
"Wdr75",1310,2310,2736,2808,2712,1391,2883,2950
"Wdr76",354,558,483,612,479,291,642,508
"Wdr77",1925,3131,4100,3710,3546,1889,3412,3815
"Wdr78",18,53,16,30,37,13,46,20
"Wdr8",404,753,792,710,819,363,648,696
"Wdr81",1075,2858,2215,2041,2748,1005,2007,2037
"Wdr82",2250,3920,4414,4401,4217,2111,3980,4434
"Wdr83",777,1334,1632,1447,1457,815,1392,1555
"Wdr83os",1952,3309,3969,3493,3576,1924,3137,3723
"Wdr89",87,154,157,179,173,85,185,171
"Wdr90",432,674,591,721,623,355,690,575
"Wdr91",381,737,732,670,785,322,657,623
"Wdr92",417,802,972,897,1006,442,795,947
"Wdr93",2,7,10,4,10,7,6,6
"Wdr95",7,6,7,7,7,8,11,7
"Wdsub1",478,1067,934,924,1100,463,879,991
"Wdtc1",1762,3427,3238,3058,3105,1446,2876,2904
"Wdyhv1",720,1390,1397,1357,1347,668,1299,1319
"Wee1",644,1053,943,1133,1029,595,1043,946
"Wfdc1",9,10,31,17,12,11,27,32
"Wfdc13",2,3,2,3,4,1,2,1
"Wfdc17",0,113,2,0,717,0,2,3
"Wfdc18",0,4,0,1,3,1,0,1
"Wfdc2",0,6,3,3,15,5,2,9
"Wfdc21",4,14,6,6,76,1,3,5
"Wfdc3",1,1,0,1,0,0,1,3
"Wfdc6a",2,0,0,2,0,0,1,0
"Wfikkn1",16,33,24,22,31,12,22,20
"Wfikkn2",2,6,7,7,4,3,4,9
"Wfs1",1515,3172,3004,2540,3034,1530,2875,2822
"Whamm",146,347,318,291,408,164,324,295
"Whrn",607,1252,1460,1211,1103,682,1340,1384
"Whsc1",1559,3063,2636,3248,2573,1739,4082,3116
"Whsc1l1",1784,3840,3002,3746,3678,1952,4144,3455
"Wibg",529,864,1053,993,928,496,869,991
"Wif1",10,12,34,22,19,20,36,32
"Wipf1",1576,3001,3083,3366,3318,1688,3205,3391
"Wipf2",730,1360,1190,1324,1364,646,1233,1175
"Wipf3",12,22,42,31,21,17,40,39
"Wipi1",2390,4318,4977,4756,4534,2436,4940,5009
"Wipi2",2373,5079,5378,4817,5524,2319,4544,5053
"Wisp1",10356,18265,15863,20417,15898,12485,23733,18799
"Wisp2",2790,4249,4561,4684,3726,2620,4082,4269
"Wisp3",1,1,5,7,2,5,7,7
"Wiz",1259,2152,1954,2137,2172,1096,1901,1913
"Wls",14596,28866,34177,31497,26512,13690,29232,33572
"Wnk1",6582,14647,11317,13802,12219,7948,18054,13430
"Wnk3",2,9,2,3,11,2,9,4
"Wnk4",0,8,8,7,8,4,10,14
"Wnt1",1,1,1,2,4,1,2,2
"Wnt10a",1299,1819,2817,2469,1459,1194,2306,2548
"Wnt10b",79,177,159,152,197,78,169,150
"Wnt11",53,58,77,84,59,67,79,74
"Wnt16",0,4,1,0,2,0,1,0
"Wnt2b",3,22,19,24,21,26,31,33
"Wnt3",1,0,1,1,0,0,0,2
"Wnt4",57,75,164,115,86,69,134,156
"Wnt5a",19,37,32,34,41,19,31,18
"Wnt5b",93,162,137,154,243,92,140,120
"Wnt6",99,142,177,211,78,64,133,207
"Wnt7b",15,27,18,16,28,25,21,13
"Wnt9a",821,1092,1102,1227,962,774,1270,1020
"Wrap53",291,471,533,486,523,251,440,465
"Wrb",510,919,1066,987,1021,447,866,976
"Wrn",219,687,431,527,475,341,884,540
"Wrnip1",1274,2053,2279,2381,2315,1186,2109,2169
"Wsb1",2153,4738,3502,4634,4042,2826,5778,4375
"Wsb2",3383,6457,6809,6160,6748,3276,5991,6434
"Wscd1",0,0,1,0,1,0,2,1
"Wscd2",8,2,10,13,2,3,3,10
"Wt1",14,37,5,18,42,17,26,6
"Wtap",1268,2395,2361,2518,2722,1168,2512,2565
"Wtip",418,773,789,765,840,375,637,757
"Wwc1",13,38,21,26,60,14,19,26
"Wwc2",1790,3391,2641,3328,3182,1753,3519,2880
"Wwox",199,389,409,398,470,174,327,399
"Wwp1",441,1175,701,938,905,567,1388,925
"Wwp2",1694,3498,2929,3014,3267,1579,2703,2822
"Wwtr1",5035,10438,9340,11212,9285,6118,13491,11356
"Xab2",1178,2331,2373,2243,2260,1035,2045,2158
"Xaf1",208,321,242,348,408,267,266,256
"Xbp1",4501,9735,9410,8714,9860,4436,7640,8933
"Xcr1",9,16,12,13,8,6,19,11
"Xdh",588,2986,1663,1367,5482,616,1275,1404
"Xiap",891,2964,1443,2020,1933,1210,3569,1961
"Xirp1",1947,3877,3700,3184,2813,2014,3967,3339
"Xirp2",8,23,11,12,9,8,19,14
"Xist",4703,20684,10227,14841,11924,9914,29714,16286
"Xk",28,54,41,53,43,26,76,49
"Xkr5",200,195,194,307,152,148,237,224
"Xkr6",11,22,12,21,16,12,16,22
"Xkr8",199,407,517,423,444,188,397,516
"Xkr9",0,1,0,1,1,0,0,1
"Xkrx",2,9,5,4,5,5,4,9
"Xlr",492,1150,939,1052,906,780,1496,1103
"Xlr3a",55,98,73,77,94,44,67,61
"Xlr3b",6,7,6,9,7,5,9,7
"Xlr3c",16,12,14,16,20,14,12,15
"Xlr4a",1,0,1,1,0,0,1,2
"Xndc1",134,153,160,186,164,132,183,155
"Xpa",246,491,514,528,570,307,522,562
"Xpc",478,919,1046,991,1163,421,920,1048
"Xpnpep1",3120,5696,5947,5571,5530,2693,4962,5341
"Xpnpep2",43,88,119,95,60,44,82,93
"Xpnpep3",378,714,721,759,717,313,813,701
"Xpo1",1719,5009,3167,4170,3347,2371,6523,4180
"Xpo4",184,446,303,373,374,193,559,346
"Xpo5",1772,3171,3888,3606,3501,1465,3462,3623
"Xpo6",1324,2598,2608,2678,2951,1286,2468,2654
"Xpo7",2062,3897,3977,4206,3836,1961,4274,4042
"Xpot",3061,6410,6284,6432,7210,2911,6551,6534
"Xpr1",1299,3357,2097,2850,2530,1678,4000,2708
"Xrcc1",849,1500,1604,1525,1395,769,1355,1447
"Xrcc2",377,591,537,651,575,346,625,528
"Xrcc3",284,516,648,656,561,288,659,720
"Xrcc4",308,627,586,640,689,350,701,682
"Xrcc5",1948,4238,4196,4249,4743,1958,3915,4277
"Xrcc6",1175,1971,2464,2316,2133,1124,2073,2422
"Xrcc6bp1",135,219,245,247,275,138,192,247
"Xrn1",194,794,335,493,426,274,980,466
"Xrn2",2659,5426,5265,6049,5602,2820,6290,6220
"Xrra1",13,29,29,23,10,9,20,28
"Xxylt1",1514,2463,2524,2878,2273,1269,2509,2680
"Xylb",73,130,108,124,165,59,98,95
"Xylt2",720,1430,1465,1438,1514,669,1281,1416
"Yae1d1",489,841,866,907,874,625,1051,930
"Yaf2",1062,1686,1878,2078,1827,1087,1985,2089
"Yap1",3398,5857,6696,6923,6096,3221,6429,6807
"Yars",2731,5450,6557,5542,6206,2567,5278,6183
"Yars2",435,698,842,822,787,372,777,832
"Ybey",156,246,280,249,238,115,246,222
"Ybx1",14033,22114,26792,26110,24226,13734,23598,25908
"Ybx2",1,1,2,1,0,3,0,1
"Ybx3",5622,11376,12880,11334,12120,6019,10650,12385
"Ydjc",107,158,164,158,135,110,173,183
"Yeats2",866,1634,1578,1816,1553,871,1948,1698
"Yeats4",805,1563,1431,1472,1661,817,1497,1406
"Yes1",283,958,690,745,769,398,1182,853
"Yif1a",1457,2781,2712,2670,2712,1377,2368,2574
"Yif1b",1110,2181,2127,2046,2239,1113,1739,2022
"Yipf1",615,1317,1467,1254,1462,609,1143,1295
"Yipf2",213,422,405,399,426,224,354,423
"Yipf3",2193,4455,4483,4232,4786,1985,3535,4105
"Yipf4",2204,4351,4542,4556,4874,2320,4538,4747
"Yipf5",2774,5071,5027,5274,5046,2777,5266,5267
"Yipf6",416,991,784,890,874,564,1288,909
"Yipf7",24,61,56,44,59,21,50,56
"Ykt6",3990,7186,8981,8023,7586,3874,7195,8260
"Ylpm1",1215,2753,2130,2523,2337,1469,3013,2424
"Yme1l1",2589,6633,4894,5802,4937,3147,8164,5953
"Yod1",66,199,110,140,153,98,266,142
"Ypel1",72,148,131,134,132,85,137,127
"Ypel2",182,388,391,444,538,202,438,465
"Ypel3",1423,3099,2741,2667,3191,1340,2295,2529
"Ypel4",51,123,134,120,163,54,93,141
"Ypel5",1405,2855,3007,2681,3070,1408,2583,2863
"Yrdc",690,1247,1158,1193,1366,679,1138,1118
"Ythdc1",971,2371,1952,2306,2098,1402,2995,2352
"Ythdc2",129,468,263,337,322,203,598,363
"Ythdf1",2023,3602,3960,3890,3803,1949,3690,3798
"Ythdf2",1769,3239,3187,3346,3117,1855,3431,3332
"Ythdf3",1265,4003,2403,2951,2897,1976,5117,3087
"Ywhab",7640,13245,14755,15542,14167,7396,14869,15626
"Ywhae",16015,27377,30641,31129,27288,16012,29879,30918
"Ywhag",7858,15490,17109,15648,15832,7724,14513,16524
"Ywhah",4319,6062,5854,6272,6441,4000,5354,5799
"Ywhaq",5497,7305,7963,8189,7747,4819,6908,7842
"Ywhaz",14826,21551,22688,23706,22006,15000,21471,23216
"Yy1",1624,3072,3198,3308,3082,1579,3373,3336
"Yy2",89,170,134,182,111,98,234,175
"Zadh2",1037,1959,2147,2377,3255,907,2035,2389
"Zak",1400,2969,2714,3233,2774,1983,4217,3423
"Zan",1,0,2,1,1,0,0,1
"Zap70",15,18,47,38,18,19,49,61
"Zbed3",472,833,878,842,885,428,796,807
"Zbed4",364,478,542,517,460,439,627,492
"Zbed5",110,210,217,210,237,110,211,190
"Zbed6",463,1971,899,1161,1075,560,2670,1032
"Zbp1",40,87,54,53,126,72,64,35
"Zbtb1",721,1585,1073,1470,1247,733,1853,1308
"Zbtb10",225,647,361,522,534,320,732,493
"Zbtb11",275,873,571,692,722,487,1023,743
"Zbtb11os1",17,27,38,27,41,23,33,27
"Zbtb12",274,526,502,558,569,281,527,547
"Zbtb14",516,784,794,854,747,464,826,837
"Zbtb17",668,1390,1261,1235,1214,602,1176,1152
"Zbtb18",1604,3310,2945,3374,2616,1985,4468,3390
"Zbtb2",299,519,566,597,629,313,598,613
"Zbtb20",56,111,112,100,91,71,138,117
"Zbtb21",496,1088,732,891,998,485,962,778
"Zbtb22",721,1463,1194,1232,1375,671,1147,1118
"Zbtb24",524,1054,1030,977,1043,478,936,939
"Zbtb25",246,467,388,490,497,265,454,474
"Zbtb26",162,493,395,474,422,214,699,511
"Zbtb3",75,125,138,149,139,66,110,134
"Zbtb32",3,1,1,3,5,3,2,3
"Zbtb33",372,1160,652,840,744,506,1518,851
"Zbtb34",261,518,486,536,551,288,545,512
"Zbtb37",61,144,108,138,109,61,160,120
"Zbtb38",493,1517,719,992,1160,619,1658,897
"Zbtb39",403,757,736,749,771,381,749,718
"Zbtb4",1453,2991,2782,2867,2919,1410,3026,2748
"Zbtb40",324,646,573,585,667,316,594,526
"Zbtb41",292,1184,619,679,728,407,1191,745
"Zbtb42",180,373,331,336,345,178,323,320
"Zbtb43",805,1485,1513,1581,1749,752,1583,1538
"Zbtb44",381,903,641,771,848,474,907,795
"Zbtb45",212,343,384,367,359,169,343,345
"Zbtb46",18,21,31,35,29,18,39,36
"Zbtb48",184,305,383,356,335,182,306,383
"Zbtb49",150,269,243,278,247,133,252,268
"Zbtb5",488,835,873,914,878,438,873,877
"Zbtb6",432,1219,786,1069,962,675,1696,1120
"Zbtb7a",1079,2455,2337,2344,2489,1280,2819,2416
"Zbtb7b",1092,2374,2514,2176,2839,1037,2065,2265
"Zbtb7c",1719,2665,2391,2883,2257,1487,2699,2372
"Zbtb8a",255,435,536,517,412,240,458,520
"Zbtb8b",3,1,6,4,4,2,2,4
"Zbtb8os",438,818,785,850,852,410,805,858
"Zbtb9",376,687,797,723,741,364,705,755
"Zc2hc1a",1118,2222,2292,2602,2061,1330,2985,2767
"Zc2hc1c",131,265,322,297,338,128,272,318
"Zc3h10",455,832,800,830,928,436,692,794
"Zc3h11a",3629,9554,6032,7955,7286,5346,11490,7731
"Zc3h12a",1482,3104,2494,2676,3200,1239,2297,2418
"Zc3h12b",34,73,90,87,61,34,98,81
"Zc3h12c",223,627,418,510,509,297,811,527
"Zc3h12d",9,16,12,14,26,7,8,12
"Zc3h13",815,1858,1299,1746,1614,1109,2386,1651
"Zc3h14",1968,3792,3145,3859,3578,2117,4480,3747
"Zc3h15",1230,3243,2430,2908,2748,1975,4273,3099
"Zc3h18",1779,3320,3306,3390,3163,1747,3482,3323
"Zc3h3",442,674,665,615,701,458,583,639
"Zc3h4",1771,3172,2721,3070,2986,1449,2934,2668
"Zc3h6",160,426,300,362,344,223,460,361
"Zc3h7a",695,2043,1462,1833,1643,1147,2697,1956
"Zc3h7b",3188,5872,6113,6109,5571,2794,5665,5781
"Zc3h8",56,128,155,144,137,81,190,162
"Zc3hav1",885,1668,1385,1595,1908,805,1648,1379
"Zc3hav1l",374,701,756,844,687,351,825,869
"Zc3hc1",924,1580,1851,1673,1661,771,1504,1638
"Zc4h2",390,686,687,755,719,368,679,741
"Zcchc10",162,366,370,371,387,222,446,438
"Zcchc11",290,774,567,659,650,311,805,675
"Zcchc12",3,3,4,5,4,0,3,3
"Zcchc14",1859,3622,2988,3478,3439,1852,3648,3032
"Zcchc17",823,1456,1735,1596,1459,934,1486,1657
"Zcchc18",9,13,4,10,6,1,9,5
"Zcchc2",404,850,797,855,862,423,924,843
"Zcchc24",6607,13326,14085,13802,14327,6474,13550,13904
"Zcchc4",293,551,639,634,714,370,705,659
"Zcchc5",27,45,50,53,43,25,48,46
"Zcchc6",1173,3191,2371,2838,2577,1444,3700,2842
"Zcchc7",413,947,632,877,837,501,969,882
"Zcchc8",894,1487,1613,1844,1619,999,1720,1801
"Zcchc9",672,1187,1289,1383,1337,668,1315,1445
"Zcrb1",930,1680,1806,1874,1989,1152,1782,1992
"Zcwpw1",89,154,164,170,160,98,174,160
"Zdbf2",3,1,4,5,1,4,8,6
"Zdhhc1",556,1117,1135,1124,1095,594,1138,1224
"Zdhhc12",214,388,363,367,420,190,335,357
"Zdhhc13",511,883,958,974,984,620,1131,991
"Zdhhc14",7,7,20,10,13,6,14,8
"Zdhhc15",34,109,64,88,79,42,95,93
"Zdhhc16",1268,1867,2397,2178,1867,1327,2161,2331
"Zdhhc17",579,1575,1083,1434,1346,774,1913,1468
"Zdhhc18",958,1731,1979,1913,2036,933,1622,1999
"Zdhhc2",342,515,332,526,406,332,503,404
"Zdhhc20",1052,3318,2191,2492,2350,1377,3915,2731
"Zdhhc21",600,1636,1025,1312,1058,769,2147,1315
"Zdhhc24",376,743,957,796,901,368,754,862
"Zdhhc25",2,1,2,3,0,1,1,2
"Zdhhc3",1922,3721,3901,3752,4002,1605,3417,3664
"Zdhhc4",672,1342,1560,1448,1446,621,1223,1569
"Zdhhc5",3527,6720,6369,6404,6777,3374,6275,5996
"Zdhhc6",1302,2571,2534,2406,2569,1264,2366,2514
"Zdhhc7",870,1707,1596,1600,1694,801,1417,1596
"Zdhhc8",1548,3089,3228,2956,3371,1335,2821,3010
"Zdhhc9",1098,2471,2119,2158,2329,1039,1979,2046
"Zeb1",3112,6741,6101,7492,5505,3862,9106,7631
"Zeb2",1286,4136,2435,3144,3331,1761,4828,3285
"Zeb2os",31,52,47,43,46,23,42,41
"Zer1",924,1778,1819,1757,1874,801,1537,1737
"Zfa-ps",0,1,1,0,1,0,2,0
"Zfand1",569,1050,987,1097,1039,514,960,1058
"Zfand2a",1009,2062,2053,1930,2686,859,1891,1996
"Zfand2b",366,775,687,675,836,318,638,648
"Zfand3",2914,5556,5755,5522,6075,2831,5059,5482
"Zfand4",257,469,473,583,429,256,609,606
"Zfand5",2241,5253,4201,4985,5406,2488,5550,5079
"Zfand6",1534,2631,2528,2748,2415,1514,2754,2558
"Zfat",210,429,289,344,346,184,320,290
"Zfc3h1",368,1328,1140,1162,1096,598,1867,1461
"Zfhx2",91,164,184,176,178,94,202,186
"Zfhx2os",1,2,0,1,1,0,1,0
"Zfhx3",196,551,363,422,446,294,594,404
"Zfhx4",410,1303,830,1133,920,534,1567,1184
"Zfp1",224,409,359,436,448,233,434,456
"Zfp101",76,191,129,151,106,81,273,177
"Zfp105",63,108,94,122,115,63,120,126
"Zfp106",7067,14882,12004,13835,12297,8382,18627,13549
"Zfp108",48,92,74,93,98,44,102,103
"Zfp109",11,65,44,51,58,34,84,65
"Zfp11",153,296,233,295,294,158,286,246
"Zfp110",1047,1819,1886,1998,1977,962,1942,1921
"Zfp111",217,488,376,456,441,258,509,470
"Zfp112",71,132,113,132,128,52,148,125
"Zfp113",246,677,556,614,625,363,707,691
"Zfp114",1,2,1,1,1,0,1,0
"Zfp119a",67,100,108,147,125,63,145,151
"Zfp119b",63,163,120,151,146,62,201,162
"Zfp12",676,1248,1186,1230,1339,622,1174,1141
"Zfp120",139,348,242,300,290,130,414,316
"Zfp128",98,169,196,181,213,118,206,166
"Zfp13",180,275,289,339,300,151,282,315
"Zfp131",614,1615,1133,1431,1503,847,1920,1498
"Zfp133-ps",5,14,17,10,19,5,18,10
"Zfp14",96,229,203,221,228,93,214,252
"Zfp141",137,387,234,284,285,170,479,303
"Zfp142",601,1181,1144,1122,1110,583,1169,1073
"Zfp143",531,940,874,972,877,513,994,915
"Zfp146",984,1898,1703,2050,1935,1146,2298,2037
"Zfp148",766,2444,1402,1720,1514,942,2939,1698
"Zfp157",163,467,348,436,433,248,543,467
"Zfp160",179,532,410,424,415,255,653,468
"Zfp169",91,184,195,201,182,74,211,197
"Zfp174",76,152,192,183,160,74,181,201
"Zfp180",519,1030,984,962,1158,529,986,902
"Zfp182",62,200,128,147,122,77,263,157
"Zfp184",67,130,140,146,151,53,150,143
"Zfp185",29,24,33,40,27,10,46,25
"Zfp189",178,422,349,456,396,208,503,488
"Zfp191",804,1820,1340,1618,1568,961,2108,1548
"Zfp2",72,206,129,146,143,87,204,146
"Zfp202",131,355,388,288,413,158,358,329
"Zfp207",4124,6967,9777,9291,8398,4232,9245,10434
"Zfp212",547,1020,1018,1017,1042,463,902,959
"Zfp213",254,456,395,440,471,226,366,407
"Zfp217",837,1487,1542,1615,1652,811,1590,1496
"Zfp219",546,1080,1130,1017,1031,505,1003,1051
"Zfp229",79,266,167,175,169,107,280,199
"Zfp235",137,280,254,238,259,144,256,227
"Zfp236",940,2039,1549,1855,1895,910,2083,1730
"Zfp239",204,355,390,360,369,208,366,351
"Zfp248",71,186,130,157,139,107,235,175
"Zfp251",933,1558,1746,1836,1663,870,1744,1754
"Zfp26",278,1006,613,830,671,548,1562,912
"Zfp260",852,2560,1687,2115,1823,1128,3088,2211
"Zfp266",1335,3161,2784,3420,2754,1715,4038,3584
"Zfp27",322,624,716,625,628,346,616,645
"Zfp273",19,71,49,43,54,26,65,55
"Zfp275",1690,2920,3682,3447,2838,1600,3944,3663
"Zfp276",325,588,576,554,562,311,556,542
"Zfp277",578,1077,975,1094,955,550,1032,995
"Zfp28",224,389,388,443,381,216,417,434
"Zfp280b",595,1060,1317,1248,1043,611,1281,1338
"Zfp280c",135,422,308,365,331,240,587,417
"Zfp280d",209,687,451,503,457,313,849,568
"Zfp281",459,1553,953,1062,1215,631,1743,1170
"Zfp282",766,1399,1525,1419,1338,733,1366,1450
"Zfp286",0,2,4,3,1,0,2,3
"Zfp287",82,274,212,262,251,156,368,279
"Zfp292",207,814,422,443,557,250,707,501
"Zfp296",14,19,39,22,28,11,19,24
"Zfp3",101,200,239,228,200,107,209,231
"Zfp30",138,207,258,274,245,142,264,301
"Zfp300",15,38,23,30,27,10,37,41
"Zfp316",474,1068,914,927,939,419,818,884
"Zfp317",609,1322,1103,1282,1284,645,1501,1311
"Zfp318",428,1201,835,1012,954,700,1492,1043
"Zfp319",1118,1954,1835,1949,1843,944,1848,1713
"Zfp322a",360,944,970,959,745,512,1602,1173
"Zfp324",318,549,564,581,540,264,520,552
"Zfp326",528,1161,1064,1372,1091,622,1660,1416
"Zfp329",63,230,196,195,189,113,354,240
"Zfp330",2107,3458,3624,3696,3885,2233,3587,3713
"Zfp334",385,759,811,851,699,426,951,875
"Zfp335",1011,1745,1630,1764,1782,908,1656,1586
"Zfp341",90,177,176,178,151,96,141,188
"Zfp345",7,21,14,13,18,11,26,16
"Zfp346",1667,3202,3986,3631,3370,1637,3387,3900
"Zfp35",657,1134,1190,1220,1276,723,1245,1233
"Zfp354a",90,215,217,170,210,122,274,183
"Zfp354b",10,13,22,19,16,9,17,24
"Zfp354c",365,968,836,1032,639,472,1293,1120
"Zfp358",565,1209,1145,1031,1294,567,956,1078
"Zfp36",606,1262,880,1041,1113,567,896,856
"Zfp362",654,1259,1149,1211,1262,629,1105,1147
"Zfp365",803,1397,1227,1579,1631,765,1506,1436
"Zfp366",1,4,1,1,7,1,3,1
"Zfp367",516,937,792,1007,876,476,1046,908
"Zfp369",137,351,299,343,294,160,441,321
"Zfp36l1",4311,7952,6132,7934,6558,4624,8285,6941
"Zfp36l2",4258,7070,5638,6858,6372,3744,6195,5527
"Zfp36l3",3,11,4,7,3,3,11,5
"Zfp37",60,134,100,103,115,85,158,107
"Zfp382",72,133,113,133,99,70,172,120
"Zfp383",256,451,495,537,449,244,559,555
"Zfp384",1147,1991,1717,1791,2066,1190,1828,1670
"Zfp385a",776,1375,1460,1451,1361,661,1195,1369
"Zfp385b",3,2,2,4,1,1,4,9
"Zfp385c",2,6,4,5,6,5,4,5
"Zfp386",147,553,404,429,448,246,680,489
"Zfp389",2,11,1,5,9,4,12,3
"Zfp39",142,282,230,308,237,136,355,307
"Zfp395",877,1650,1603,1737,1834,661,1367,1539
"Zfp397",420,1103,979,965,984,520,1378,1056
"Zfp398",90,243,214,184,231,108,228,185
"Zfp40",30,89,76,67,98,27,99,84
"Zfp407",286,758,496,636,614,351,818,571
"Zfp408",432,880,991,948,940,463,947,1006
"Zfp41",462,748,853,858,713,366,742,748
"Zfp410",899,1692,1801,1661,1830,953,1722,1694
"Zfp414",297,566,532,554,558,321,535,554
"Zfp418",62,94,118,115,94,57,104,112
"Zfp420",97,255,220,245,242,150,311,264
"Zfp422",463,786,809,896,797,521,965,873
"Zfp423",28,26,16,40,16,15,21,25
"Zfp426",506,951,977,1037,983,519,1122,1051
"Zfp428",140,270,274,271,291,134,275,295
"Zfp429",77,189,124,156,172,87,218,153
"Zfp433",11,30,12,18,17,11,44,18
"Zfp438",100,220,240,225,273,139,248,265
"Zfp442",18,50,42,41,45,12,50,52
"Zfp444",278,579,613,539,716,270,433,539
"Zfp445",1064,3047,2129,2702,2320,1427,4056,2762
"Zfp446",98,195,131,156,177,90,187,124
"Zfp449",267,615,484,634,535,320,816,640
"Zfp451",793,1633,1239,1598,1400,947,2140,1503
"Zfp454",6,31,20,13,30,15,31,20
"Zfp455",20,63,34,46,31,25,68,50
"Zfp456",45,83,73,95,76,64,111,88
"Zfp457",5,9,12,5,6,1,10,3
"Zfp458",15,50,31,42,46,14,43,38
"Zfp459",0,2,1,1,3,0,0,1
"Zfp46",715,1386,1394,1389,1390,735,1310,1374
"Zfp462",278,726,477,670,647,389,893,656
"Zfp467",53,98,114,104,109,52,91,103
"Zfp472",151,292,278,311,286,145,309,302
"Zfp473",21,19,22,39,26,18,29,34
"Zfp474",2,7,5,2,6,3,3,1
"Zfp493",9,34,20,36,21,13,52,34
"Zfp503",1821,3214,2884,3507,3105,1488,3150,3072
"Zfp507",771,1720,1428,1625,1663,893,1855,1608
"Zfp51",60,166,131,122,144,85,178,133
"Zfp511",265,400,328,397,427,208,297,345
"Zfp512",747,1417,1506,1495,1514,786,1486,1582
"Zfp513",618,1177,1221,1227,1216,607,1134,1269
"Zfp516",1791,3547,3747,3708,3312,1527,3530,3623
"Zfp518a",31,99,54,59,78,30,77,82
"Zfp518b",435,856,668,814,688,395,894,714
"Zfp52",131,426,355,316,484,196,474,380
"Zfp521",105,238,172,188,165,100,187,189
"Zfp523",826,1450,1366,1485,1418,735,1274,1367
"Zfp524",134,265,246,254,307,135,225,259
"Zfp526",197,441,451,402,396,207,406,425
"Zfp53",166,444,342,372,374,193,474,391
"Zfp532",427,814,691,732,771,448,758,680
"Zfp536",0,6,2,2,5,2,4,3
"Zfp54",44,119,90,104,109,65,159,118
"Zfp541",2,0,0,2,0,2,0,1
"Zfp551",33,78,66,71,77,32,82,85
"Zfp553",469,896,969,942,1059,485,808,977
"Zfp558",33,96,91,81,81,52,105,91
"Zfp560",187,421,376,384,398,206,470,425
"Zfp563",139,347,240,305,277,161,416,303
"Zfp566",94,158,206,189,214,103,192,223
"Zfp568",1873,3544,3768,3855,2901,2131,4839,3923
"Zfp57",351,596,679,704,530,383,784,696
"Zfp574",429,746,645,759,788,397,672,698
"Zfp575",12,12,16,16,11,6,16,14
"Zfp579",194,490,364,353,407,209,422,301
"Zfp58",90,252,209,245,277,156,310,252
"Zfp580",96,178,180,179,212,65,159,164
"Zfp583",41,60,46,66,47,42,88,51
"Zfp59",143,309,302,299,309,190,351,319
"Zfp592",838,1564,1493,1600,1526,783,1567,1467
"Zfp593",108,150,179,145,175,123,150,187
"Zfp595",42,141,96,99,119,63,166,133
"Zfp597",155,468,319,405,387,255,675,422
"Zfp598",1256,2361,2324,2293,2531,1257,2380,2271
"Zfp599",40,88,100,103,81,41,133,115
"Zfp60",244,705,551,657,563,338,959,742
"Zfp605",95,269,208,232,257,135,313,261
"Zfp606",123,380,289,258,311,173,420,315
"Zfp607",46,112,84,91,138,66,145,105
"Zfp608",542,1166,1053,1191,1100,573,1224,1144
"Zfp609",1221,2397,2341,2365,2540,1072,2353,2123
"Zfp61",236,460,459,450,473,231,430,440
"Zfp617",352,625,538,551,494,449,817,596
"Zfp619",15,45,26,34,32,25,64,36
"Zfp62",452,1235,888,1021,914,444,1304,1050
"Zfp622",2458,4625,4602,4271,4359,2178,3911,4176
"Zfp623",842,1540,1659,1576,1534,760,1495,1552
"Zfp626",144,483,361,416,361,212,611,453
"Zfp628",280,567,392,453,468,264,464,367
"Zfp629",517,1047,1119,1054,1066,534,1035,1116
"Zfp637",702,1422,1429,1307,1545,647,1173,1296
"Zfp638",363,1228,750,789,848,414,1291,922
"Zfp639",782,1432,1321,1511,1556,825,1475,1409
"Zfp64",541,902,997,984,913,477,853,954
"Zfp644",375,1232,735,874,787,516,1482,931
"Zfp646",937,1746,1545,1601,1680,812,1543,1382
"Zfp647",180,313,312,302,309,163,283,266
"Zfp65",159,429,255,312,313,195,444,349
"Zfp651",1253,2341,2480,2308,2116,1130,2117,2246
"Zfp652",309,610,472,572,551,251,585,479
"Zfp652os",4,17,11,12,17,7,13,11
"Zfp653",158,291,258,267,312,175,253,240
"Zfp654",163,388,208,274,309,150,373,266
"Zfp655",493,1539,1129,1232,1731,661,1744,1346
"Zfp658",114,232,221,240,271,116,210,243
"Zfp661",104,212,259,251,239,112,272,289
"Zfp664",2410,4299,4717,4966,4360,2405,5004,4900
"Zfp667",92,246,205,237,230,123,383,251
"Zfp668",236,461,438,426,446,213,441,419
"Zfp672",383,808,708,721,692,428,736,710
"Zfp677",12,33,17,23,33,28,36,31
"Zfp68",740,1792,1420,1590,1380,888,2087,1627
"Zfp687",854,1661,1711,1644,1468,701,1570,1610
"Zfp688",138,241,271,264,325,132,210,267
"Zfp689",112,197,225,215,223,129,196,235
"Zfp69",43,73,55,70,78,43,86,72
"Zfp691",158,278,329,283,275,168,273,326
"Zfp692",154,252,268,303,301,137,313,305
"Zfp697",390,709,738,747,680,401,850,782
"Zfp7",344,589,573,605,639,288,562,583
"Zfp703",889,1587,1237,1435,1390,878,1256,1161
"Zfp704",349,1127,492,731,772,385,867,619
"Zfp706",3637,6475,7825,7255,6968,3435,6663,7618
"Zfp707",240,456,460,428,413,219,419,426
"Zfp708",29,59,43,63,41,27,65,66
"Zfp709",56,127,93,109,104,52,155,102
"Zfp710",288,471,455,509,513,235,470,465
"Zfp712",27,100,46,63,47,32,113,71
"Zfp715",386,958,757,867,919,505,1027,890
"Zfp719",257,615,547,597,607,287,734,596
"Zfp72",20,62,45,46,31,23,68,59
"Zfp729a",124,341,257,267,271,143,427,294
"Zfp729b",97,275,185,213,222,92,265,232
"Zfp738",66,187,111,129,116,70,191,122
"Zfp74",156,385,317,352,383,229,463,388
"Zfp740",2708,5544,5747,5496,6066,2551,5199,5335
"Zfp746",755,1440,1307,1391,1453,777,1292,1332
"Zfp747",172,341,478,369,383,167,406,404
"Zfp748",139,411,284,322,257,133,470,330
"Zfp750",5,10,23,8,6,12,16,12
"Zfp758",19,58,54,44,67,23,57,68
"Zfp759",54,145,114,126,115,55,160,138
"Zfp760",48,117,128,117,140,50,149,142
"Zfp763",136,282,270,336,213,136,389,338
"Zfp764",147,302,365,309,375,164,294,345
"Zfp768",432,847,860,842,818,410,741,838
"Zfp770",216,702,434,528,515,319,871,542
"Zfp771",236,439,434,446,453,220,381,419
"Zfp772",121,292,261,243,241,135,273,258
"Zfp773",6,8,14,12,19,4,6,6
"Zfp775",148,238,277,253,333,91,208,257
"Zfp777",496,1021,939,940,1034,477,901,951
"Zfp78",33,81,68,85,83,42,95,86
"Zfp780b",133,307,236,287,241,160,404,315
"Zfp781",7,5,7,8,7,5,15,17
"Zfp783",0,4,0,0,2,0,2,0
"Zfp784",69,163,155,132,184,90,153,121
"Zfp786",15,28,40,35,36,23,29,52
"Zfp787",376,638,669,629,639,348,569,530
"Zfp788",94,244,166,196,201,137,264,206
"Zfp790",349,726,737,768,704,373,846,836
"Zfp791",39,72,90,71,66,39,86,84
"Zfp799",387,815,645,903,694,401,1010,877
"Zfp800",93,304,186,189,235,116,337,209
"Zfp808",6,23,14,19,14,13,28,30
"Zfp809",111,257,193,224,253,144,301,222
"Zfp81",62,188,84,128,99,68,207,125
"Zfp810",276,609,544,597,563,299,772,609
"Zfp811",10,28,11,22,11,11,35,27
"Zfp819",3,0,0,3,2,1,1,1
"Zfp82",129,265,284,251,269,125,277,292
"Zfp820",11,36,30,32,37,17,29,35
"Zfp821",356,657,654,636,606,331,632,614
"Zfp825",149,383,267,316,323,198,430,311
"Zfp827",930,1689,1684,1957,1503,817,1946,1888
"Zfp830",474,876,1037,994,1024,556,968,1030
"Zfp839",183,356,373,367,408,199,346,374
"Zfp84",292,801,697,765,695,488,1029,848
"Zfp846",153,282,264,321,306,137,363,319
"Zfp85",49,164,99,110,110,51,188,121
"Zfp850",40,112,55,82,68,47,115,78
"Zfp85os",6,17,2,14,13,8,8,15
"Zfp862-ps",1595,3023,2811,2967,2876,1284,2672,2591
"Zfp865",477,778,733,832,813,419,756,792
"Zfp866",362,705,839,969,723,345,1018,1123
"Zfp867",360,667,592,709,591,333,742,670
"Zfp868",293,583,461,559,536,308,626,526
"Zfp869",705,1443,1223,1357,1469,736,1480,1327
"Zfp87",278,597,651,561,582,290,625,569
"Zfp870",168,342,321,311,308,145,334,309
"Zfp871",627,2370,1067,1654,1477,1194,3054,1639
"Zfp873",83,167,146,181,152,106,217,175
"Zfp874a",119,320,196,249,306,152,339,286
"Zfp874b",221,573,483,573,713,281,659,633
"Zfp882",56,135,125,122,126,83,156,138
"Zfp9",663,1521,1053,1400,1230,805,1629,1328
"Zfp90",303,613,669,622,640,346,686,653
"Zfp91",2222,5094,4142,4804,4502,2910,6232,4853
"Zfp92",0,3,2,0,1,1,2,0
"Zfp93",127,204,192,185,191,118,194,190
"Zfp930",79,250,192,185,177,112,302,228
"Zfp931",32,65,51,48,43,34,56,53
"Zfp932",73,203,176,177,172,117,299,212
"Zfp933",102,230,175,188,160,116,280,198
"Zfp934",25,21,35,40,28,18,32,30
"Zfp935",68,215,153,165,163,84,242,176
"Zfp936",2,4,6,5,5,0,7,5
"Zfp937",41,123,85,98,92,64,153,101
"Zfp938",120,288,270,267,262,144,372,319
"Zfp939",31,63,62,62,64,41,58,64
"Zfp94",134,214,226,219,240,93,185,185
"Zfp940",93,206,189,191,193,74,225,193
"Zfp941",6,19,12,15,16,15,15,13
"Zfp942",29,121,116,75,123,76,112,110
"Zfp943",73,188,131,144,139,88,189,165
"Zfp944",103,270,231,213,275,134,277,277
"Zfp945",145,326,284,279,392,185,372,340
"Zfp946",43,102,79,86,101,54,117,78
"Zfp947",7,16,16,20,19,12,22,24
"Zfp948",82,202,175,185,156,124,279,216
"Zfp949",217,446,434,494,476,260,552,505
"Zfp950",141,282,222,283,318,183,351,279
"Zfp951",16,41,30,26,27,26,47,30
"Zfp952",253,553,571,622,532,308,697,678
"Zfp953",51,106,72,74,105,45,108,70
"Zfp954",219,480,489,431,501,236,400,472
"Zfp955a",270,708,557,592,521,339,936,657
"Zfp955b",154,414,335,388,289,218,513,408
"Zfp956",104,189,224,193,176,91,211,203
"Zfp957",2,1,0,2,0,1,1,2
"Zfp958",115,353,282,288,276,154,445,335
"Zfp959",69,218,126,165,194,113,276,188
"Zfp960",30,76,53,56,68,48,99,75
"Zfp961",160,328,286,358,323,199,442,374
"Zfp963",80,184,140,185,165,111,208,172
"Zfp964",48,95,81,95,74,46,102,73
"Zfp97",7,11,11,17,13,12,13,28
"Zfpl1",711,1399,1285,1316,1399,696,1186,1265
"Zfpm1",488,741,798,761,781,423,778,719
"Zfpm2",453,928,563,825,692,467,913,653
"Zfr",1958,4987,3651,4455,4192,2528,6073,4463
"Zfr2",38,98,63,82,78,31,72,77
"Zfx",513,1560,703,977,934,669,1848,948
"Zfyve1",1233,2540,2739,2533,2810,1190,2508,2633
"Zfyve16",339,1219,740,881,767,513,1622,916
"Zfyve19",414,808,867,781,900,362,698,821
"Zfyve21",647,1204,1310,1263,1243,604,1091,1264
"Zfyve26",580,1483,1364,1170,1518,531,1300,1186
"Zfyve27",670,1434,1228,1229,1467,645,1216,1178
"Zfyve28",1,5,2,4,5,5,1,4
"Zfyve9",348,753,654,778,824,421,907,818
"Zg16",0,1,1,0,0,0,1,0
"Zglp1",2,14,15,11,10,1,17,23
"Zgpat",474,991,895,891,1015,459,880,886
"Zgrf1",147,340,204,310,232,190,419,270
"Zhx1",542,1565,967,1231,1033,644,1901,1238
"Zhx2",961,1718,1946,1741,1647,968,1792,1761
"Zhx3",584,1155,945,1040,877,528,1146,941
"Zic1",305,603,597,646,757,297,613,625
"Zic2",1,2,0,3,0,3,1,2
"Zic4",17,34,36,46,45,12,27,38
"Zic5",1,2,0,1,1,0,3,1
"Zik1",175,358,334,393,295,200,445,448
"Zim1",110,380,244,293,192,113,511,278
"Zkscan1",1028,2519,1699,2290,2014,1238,3007,2247
"Zkscan14",118,267,291,269,313,125,238,274
"Zkscan16",3,2,5,8,3,2,4,6
"Zkscan17",1253,2354,2115,2230,2422,1063,1966,1996
"Zkscan3",1192,2204,1918,2159,2170,1175,2225,2003
"Zkscan4",10,15,7,11,15,8,8,4
"Zkscan5",445,961,993,877,898,445,887,944
"Zkscan6",332,631,552,586,651,305,555,518
"Zkscan7",58,100,91,96,76,46,111,91
"Zkscan8",269,944,514,728,663,450,1271,777
"Zmat1",61,190,105,140,114,58,204,160
"Zmat2",1731,3167,3711,3470,3402,1701,3201,3604
"Zmat3",1827,3235,4456,3941,4073,1731,3908,4401
"Zmat5",320,622,768,652,696,326,547,677
"Zmiz1",4380,7981,6974,8053,8697,4548,8144,7190
"Zmiz2",1273,2426,2204,2200,2352,1182,2236,2027
"Zmpste24",2290,4733,4702,5065,5223,2440,5563,5134
"Zmym1",364,672,641,768,593,392,855,729
"Zmym2",1385,3842,2618,3257,2825,1682,4689,3369
"Zmym3",1023,1983,1751,1937,1751,911,1855,1797
"Zmym4",763,2014,1289,1761,1532,1023,2484,1688
"Zmym5",459,1309,1026,1138,1071,642,1697,1278
"Zmynd10",14,19,13,20,21,4,15,14
"Zmynd11",1984,4345,3395,4174,3806,2405,4839,4091
"Zmynd12",1,1,1,1,3,0,1,2
"Zmynd15",32,77,76,57,64,47,58,59
"Zmynd19",492,800,979,943,932,488,822,977
"Zmynd8",2345,4389,3578,4335,3875,2368,4476,3915
"Znf512b",680,1301,1391,1359,1357,662,1519,1354
"Znfx1",2156,4037,4195,4248,4144,1875,3785,4062
"Znhit1",647,1098,1100,1062,1081,663,964,1017
"Znhit2",310,599,660,579,659,307,498,624
"Znhit3",269,448,465,450,453,267,396,423
"Znhit6",553,1079,1217,1315,1035,620,1408,1473
"Znrd1",487,813,922,981,891,476,731,977
"Znrd1as",158,295,239,297,276,157,293,295
"Znrf1",936,2069,2044,1877,2635,985,1896,1933
"Znrf2",688,1453,1292,1334,1462,591,1378,1333
"Znrf3",409,825,636,848,755,438,993,769
"Zp1",0,2,3,0,1,0,1,0
"Zp2",3,1,0,4,0,0,0,1
"Zp3",0,1,0,0,0,0,3,2
"Zp3r",0,1,0,2,0,0,2,3
"Zpld1",1,3,4,1,2,0,6,1
"Zpr1",1235,2253,2402,2335,2922,1232,2050,2267
"Zranb1",400,938,726,912,799,563,1262,961
"Zranb2",957,2731,1912,2461,2246,1467,3893,2564
"Zranb3",251,474,359,451,418,240,522,374
"Zrsr1",345,905,1023,947,1005,497,1102,1120
"Zrsr2",679,1324,1370,1489,1436,762,1564,1522
"Zscan10",0,0,0,1,0,0,1,1
"Zscan12",237,504,424,472,527,256,577,498
"Zscan18",11,33,28,23,28,36,30,32
"Zscan2",137,299,233,234,262,145,221,214
"Zscan20",174,389,367,328,348,157,339,310
"Zscan21",562,1194,1332,1175,1198,627,1201,1263
"Zscan22",209,420,377,397,434,178,389,369
"Zscan25",308,521,555,555,520,286,477,498
"Zscan26",453,1318,923,1095,1156,773,1615,1209
"Zscan29",336,736,712,705,861,424,889,729
"Zswim1",325,652,703,677,661,323,625,739
"Zswim3",155,337,344,315,345,182,334,353
"Zswim4",1648,3151,3719,3370,3553,1634,3230,3470
"Zswim5",1,2,2,1,3,0,1,0
"Zswim6",413,1069,825,1043,940,629,1420,1088
"Zswim7",142,357,329,302,400,150,298,345
"Zswim8",3532,7315,7147,6673,7252,3103,6402,6574
"Zufsp",158,371,261,353,310,213,431,323
"Zw10",651,1088,1226,1253,1262,582,1236,1208
"Zwilch",467,608,564,802,477,436,774,635
"Zwint",2107,4182,4134,4181,4819,1988,3709,4154
"Zxda",100,233,174,191,188,154,266,194
"Zxdb",127,297,176,237,217,160,339,228
"Zxdc",573,1175,1203,1123,1266,588,1109,1162
"Zyg11a",0,0,1,1,0,1,0,1
"Zyg11b",1224,3447,2395,2963,2846,1610,3897,3049
"Zyx",13792,26532,27021,27912,25154,13056,21347,27534
"Zzef1",1190,2447,2421,2337,2382,1063,2445,2273
"Zzz3",969,2511,1806,2351,2375,1229,2850,2365
